file_accession	tier	file_set	donors	days	content_type	file_format	size_bytes	md5sum	download_url	s3_uri
IGVFFI8289BASG	analysis-ready	IGVFDS1270EUID	C29;C37;C38;C39	0	variants	vcf	834075228	ff764710d6bcce7d77883e2f35bc30aa	https://api.data.igvf.org/tabular-files/IGVFFI8289BASG/@@download/IGVFFI8289BASG.vcf.gz	s3://igvf-public/2026/08/03/bcc60103-be67-46fd-9bd1-cf301db16d2f/IGVFFI8289BASG.vcf.gz
IGVFFI4213OHNG	processed	IGVFDS5909SEWH	C29	0	variants	gvcf	4628756172	e376767b7a11d58c89576ab32bb06df4	https://api.data.igvf.org/tabular-files/IGVFFI4213OHNG/@@download/IGVFFI4213OHNG.gvcf.gz	s3://igvf-public/2026/01/26/b99beee1-e5e3-429f-8499-6116464c92ca/IGVFFI4213OHNG.gvcf.gz
IGVFFI4862LHBO	processed	IGVFDS5549VCFM	C37	0	variants	gvcf	4260784038	0afb79cd7035842e0d46a0fcbc667e75	https://api.data.igvf.org/tabular-files/IGVFFI4862LHBO/@@download/IGVFFI4862LHBO.gvcf.gz	s3://igvf-public/2026/01/26/0a6739d7-864b-4388-8340-b57e4313e512/IGVFFI4862LHBO.gvcf.gz
IGVFFI4085LOVZ	processed	IGVFDS9862HFSY	C38	0	variants	gvcf	4262620579	ad3e1fe16e9087b156ca0e23986fc460	https://api.data.igvf.org/tabular-files/IGVFFI4085LOVZ/@@download/IGVFFI4085LOVZ.gvcf.gz	s3://igvf-public/2026/01/26/8b7f0bef-faf9-4c75-abb7-5428b74c4793/IGVFFI4085LOVZ.gvcf.gz
IGVFFI6275EQZP	processed	IGVFDS1947BIGJ	C39	0	variants	gvcf	4583525817	22e6ad3097bd437db4f518f1e9ee7173	https://api.data.igvf.org/tabular-files/IGVFFI6275EQZP/@@download/IGVFFI6275EQZP.gvcf.gz	s3://igvf-public/2026/01/26/5674f027-ff86-41c6-9902-48a5cdf190e9/IGVFFI6275EQZP.gvcf.gz
IGVFFI0333JNLJ	raw	IGVFDS6578UICO	C29	0	reads	fastq	1656314784	944f89263b8fbab7fc4ab68a073be16f	https://api.data.igvf.org/sequence-files/IGVFFI0333JNLJ/@@download/IGVFFI0333JNLJ.fastq.gz	s3://igvf-public/2026/08/06/153094c5-4175-4198-8380-b668a345b5ae/IGVFFI0333JNLJ.fastq.gz
IGVFFI0382XNUQ	raw	IGVFDS6578UICO	C29	0	reads	fastq	1635646254	37e2d453cc6efc8031b1da7a3738859f	https://api.data.igvf.org/sequence-files/IGVFFI0382XNUQ/@@download/IGVFFI0382XNUQ.fastq.gz	s3://igvf-public/2026/08/05/40a9985b-c4f2-4a77-9aac-1871387295e1/IGVFFI0382XNUQ.fastq.gz
IGVFFI0490HHPO	raw	IGVFDS6578UICO	C29	0	reads	fastq	1654884937	71dc37a7c59928b7db1c69f707b125d3	https://api.data.igvf.org/sequence-files/IGVFFI0490HHPO/@@download/IGVFFI0490HHPO.fastq.gz	s3://igvf-public/2026/08/06/7f0f1023-ea00-44fe-bddb-50908ac2b836/IGVFFI0490HHPO.fastq.gz
IGVFFI0517YQXJ	raw	IGVFDS6578UICO	C29	0	reads	fastq	1578519250	e532a62bbd2d559a2d2c881ef557c581	https://api.data.igvf.org/sequence-files/IGVFFI0517YQXJ/@@download/IGVFFI0517YQXJ.fastq.gz	s3://igvf-public/2026/08/05/01ce334a-c061-4f47-908b-7c9acc61cc67/IGVFFI0517YQXJ.fastq.gz
IGVFFI1110KOTZ	raw	IGVFDS6578UICO	C29	0	reads	fastq	1796516889	a9529f73052ae55a7ae480b1d19aed7f	https://api.data.igvf.org/sequence-files/IGVFFI1110KOTZ/@@download/IGVFFI1110KOTZ.fastq.gz	s3://igvf-public/2026/08/06/59df6f93-f38c-4fd4-ba2a-a77631f98cce/IGVFFI1110KOTZ.fastq.gz
IGVFFI1120DYIO	raw	IGVFDS6578UICO	C29	0	reads	fastq	1798747252	6d53ac93d69deafe7416c3502b5e9737	https://api.data.igvf.org/sequence-files/IGVFFI1120DYIO/@@download/IGVFFI1120DYIO.fastq.gz	s3://igvf-public/2026/08/06/6c66c7aa-6427-49bf-be5f-4312bb69c08b/IGVFFI1120DYIO.fastq.gz
IGVFFI1945CZGN	raw	IGVFDS6578UICO	C29	0	reads	fastq	1630865972	47cf66be865963b76118e26d9940319a	https://api.data.igvf.org/sequence-files/IGVFFI1945CZGN/@@download/IGVFFI1945CZGN.fastq.gz	s3://igvf-public/2026/08/05/3f55eebc-9629-45eb-ae57-258c32583c77/IGVFFI1945CZGN.fastq.gz
IGVFFI2005LDIA	raw	IGVFDS6578UICO	C29	0	reads	fastq	1649598399	88013296280977dd62747144e206ac24	https://api.data.igvf.org/sequence-files/IGVFFI2005LDIA/@@download/IGVFFI2005LDIA.fastq.gz	s3://igvf-public/2026/08/05/580da860-b6c2-4cae-897e-db3d18268899/IGVFFI2005LDIA.fastq.gz
IGVFFI3070XSCB	raw	IGVFDS6578UICO	C29	0	reads	fastq	1712461566	52619f6d6e51f72b9eca8940045ebbd7	https://api.data.igvf.org/sequence-files/IGVFFI3070XSCB/@@download/IGVFFI3070XSCB.fastq.gz	s3://igvf-public/2026/08/06/99beae84-b11e-4f24-90fd-c3035d37c9b0/IGVFFI3070XSCB.fastq.gz
IGVFFI3093JCXD	raw	IGVFDS6578UICO	C29	0	reads	fastq	1790165082	cdf0a5a624c458eb5c7c49aad615b970	https://api.data.igvf.org/sequence-files/IGVFFI3093JCXD/@@download/IGVFFI3093JCXD.fastq.gz	s3://igvf-public/2026/08/06/68e0f984-f417-4e3f-b367-04191c7e6c13/IGVFFI3093JCXD.fastq.gz
IGVFFI3992AECS	raw	IGVFDS6578UICO	C29	0	reads	fastq	1587959779	a273307b37ea23083dcf3834f9e223bb	https://api.data.igvf.org/sequence-files/IGVFFI3992AECS/@@download/IGVFFI3992AECS.fastq.gz	s3://igvf-public/2026/08/05/09d02d35-97ab-4f37-8b4e-cd6c614eae34/IGVFFI3992AECS.fastq.gz
IGVFFI4210IRME	raw	IGVFDS6578UICO	C29	0	reads	fastq	1780769737	db98cff45bbcc7059d4231129ced9430	https://api.data.igvf.org/sequence-files/IGVFFI4210IRME/@@download/IGVFFI4210IRME.fastq.gz	s3://igvf-public/2026/08/06/a791300c-f3f4-4692-a6b6-bd23607ed008/IGVFFI4210IRME.fastq.gz
IGVFFI4349VCMA	raw	IGVFDS6578UICO	C29	0	reads	fastq	1647170978	6adc615c3d5562583093bdefa5cad746	https://api.data.igvf.org/sequence-files/IGVFFI4349VCMA/@@download/IGVFFI4349VCMA.fastq.gz	s3://igvf-public/2026/08/05/d8de3c6e-e163-4389-aba4-09f15e549baa/IGVFFI4349VCMA.fastq.gz
IGVFFI4407CFIQ	raw	IGVFDS6578UICO	C29	0	reads	fastq	1626406057	eb3cf6fe5bc112d334f6264a8b27381f	https://api.data.igvf.org/sequence-files/IGVFFI4407CFIQ/@@download/IGVFFI4407CFIQ.fastq.gz	s3://igvf-public/2026/08/05/829b5284-3699-4fb0-9979-b459be53a7e0/IGVFFI4407CFIQ.fastq.gz
IGVFFI4484QEVE	raw	IGVFDS6578UICO	C29	0	reads	fastq	1629538402	e45baf88ffc383887c5788093364bd37	https://api.data.igvf.org/sequence-files/IGVFFI4484QEVE/@@download/IGVFFI4484QEVE.fastq.gz	s3://igvf-public/2026/08/05/7324fbca-bb8c-42e2-8422-df7ea5a91cb8/IGVFFI4484QEVE.fastq.gz
IGVFFI4959RTVC	raw	IGVFDS6578UICO	C29	0	reads	fastq	1742343281	8b4d2a03de132c9a1fa30c4e166f3695	https://api.data.igvf.org/sequence-files/IGVFFI4959RTVC/@@download/IGVFFI4959RTVC.fastq.gz	s3://igvf-public/2026/08/06/20c80b4d-dcab-418f-ae3a-71d0abcb897e/IGVFFI4959RTVC.fastq.gz
IGVFFI5113HBKR	raw	IGVFDS6578UICO	C29	0	reads	fastq	1632768534	da1ff1d63fb10b7a99c6ff0422b77618	https://api.data.igvf.org/sequence-files/IGVFFI5113HBKR/@@download/IGVFFI5113HBKR.fastq.gz	s3://igvf-public/2026/08/05/6afd8d3b-a994-4a0d-83ee-250acb920c73/IGVFFI5113HBKR.fastq.gz
IGVFFI5170EEQT	raw	IGVFDS6578UICO	C29	0	reads	fastq	1722084190	7f0c9ee048c5536e444687b62de23512	https://api.data.igvf.org/sequence-files/IGVFFI5170EEQT/@@download/IGVFFI5170EEQT.fastq.gz	s3://igvf-public/2026/08/06/31098603-a1d0-423d-bb46-bc6efc3b5860/IGVFFI5170EEQT.fastq.gz
IGVFFI5301SBLF	raw	IGVFDS6578UICO	C29	0	reads	fastq	1719868809	fdbfbc9b53956bcc0cb04b4236420095	https://api.data.igvf.org/sequence-files/IGVFFI5301SBLF/@@download/IGVFFI5301SBLF.fastq.gz	s3://igvf-public/2026/08/06/1fd53695-f3c9-4604-8863-663fc173534f/IGVFFI5301SBLF.fastq.gz
IGVFFI5816WINA	raw	IGVFDS6578UICO	C29	0	reads	fastq	1577980028	90261bec6f746e3e0ecec8600e63283d	https://api.data.igvf.org/sequence-files/IGVFFI5816WINA/@@download/IGVFFI5816WINA.fastq.gz	s3://igvf-public/2026/08/05/555243ef-3f8c-4d45-b1c1-1d168695f888/IGVFFI5816WINA.fastq.gz
IGVFFI6093DPZW	raw	IGVFDS6578UICO	C29	0	reads	fastq	1644357320	75c3dcf065469b0ed8a6f451b180d094	https://api.data.igvf.org/sequence-files/IGVFFI6093DPZW/@@download/IGVFFI6093DPZW.fastq.gz	s3://igvf-public/2026/08/05/2f0763f4-2db5-45e5-9215-1f56ef9529dc/IGVFFI6093DPZW.fastq.gz
IGVFFI6316RUAL	raw	IGVFDS6578UICO	C29	0	reads	fastq	1649232165	de3f26adace521e3246188c0d7edb5d5	https://api.data.igvf.org/sequence-files/IGVFFI6316RUAL/@@download/IGVFFI6316RUAL.fastq.gz	s3://igvf-public/2026/08/05/cb978966-6a0b-4675-bb55-f2652d4ab053/IGVFFI6316RUAL.fastq.gz
IGVFFI6817ZWQL	raw	IGVFDS6578UICO	C29	0	reads	fastq	1726995075	ecf3523868caa711bc6a1bda7ca9bf4f	https://api.data.igvf.org/sequence-files/IGVFFI6817ZWQL/@@download/IGVFFI6817ZWQL.fastq.gz	s3://igvf-public/2026/08/06/dfa8af27-8941-4982-ab08-64ad6415aa91/IGVFFI6817ZWQL.fastq.gz
IGVFFI6974HSLQ	raw	IGVFDS6578UICO	C29	0	reads	fastq	1720990815	b9220a644e4df3a0e9de211c306cda0a	https://api.data.igvf.org/sequence-files/IGVFFI6974HSLQ/@@download/IGVFFI6974HSLQ.fastq.gz	s3://igvf-public/2026/08/06/71ce8e33-db46-4329-9031-9d719278fb23/IGVFFI6974HSLQ.fastq.gz
IGVFFI7316SRSW	raw	IGVFDS6578UICO	C29	0	reads	fastq	1636877377	2aca84ae63b4d6b11f42b460bb90dc69	https://api.data.igvf.org/sequence-files/IGVFFI7316SRSW/@@download/IGVFFI7316SRSW.fastq.gz	s3://igvf-public/2026/08/05/63445d39-d2ed-426a-ac72-093ae88f1244/IGVFFI7316SRSW.fastq.gz
IGVFFI7661TGKQ	raw	IGVFDS6578UICO	C29	0	reads	fastq	1646621582	6e14e327b832d107cd6840792559113f	https://api.data.igvf.org/sequence-files/IGVFFI7661TGKQ/@@download/IGVFFI7661TGKQ.fastq.gz	s3://igvf-public/2026/08/05/fb50c792-5f43-4247-bd29-24780e425b1c/IGVFFI7661TGKQ.fastq.gz
IGVFFI8134NKZI	raw	IGVFDS6578UICO	C29	0	reads	fastq	1584041232	e1cbe4d888bb02905c5ad46cd12dcab6	https://api.data.igvf.org/sequence-files/IGVFFI8134NKZI/@@download/IGVFFI8134NKZI.fastq.gz	s3://igvf-public/2026/08/05/cd97ebe4-21d5-4751-8ab4-ee7b0078ad3d/IGVFFI8134NKZI.fastq.gz
IGVFFI8664MVYJ	raw	IGVFDS6578UICO	C29	0	reads	fastq	1754321857	1e14c5318c85baf152fb157d6b665fbb	https://api.data.igvf.org/sequence-files/IGVFFI8664MVYJ/@@download/IGVFFI8664MVYJ.fastq.gz	s3://igvf-public/2026/08/06/e3c12f51-4d9f-403a-96ec-9255af5c627c/IGVFFI8664MVYJ.fastq.gz
IGVFFI8816AACA	raw	IGVFDS6578UICO	C29	0	reads	fastq	1631612790	47ee965ae7ec4cd5526d2d53b0b9a0aa	https://api.data.igvf.org/sequence-files/IGVFFI8816AACA/@@download/IGVFFI8816AACA.fastq.gz	s3://igvf-public/2026/08/05/3b0073b3-fccf-462a-bd29-22f79228ab7a/IGVFFI8816AACA.fastq.gz
IGVFFI9689XJSG	raw	IGVFDS6578UICO	C29	0	reads	fastq	1716466061	e20c80d55818d08e16576f8e49da00a2	https://api.data.igvf.org/sequence-files/IGVFFI9689XJSG/@@download/IGVFFI9689XJSG.fastq.gz	s3://igvf-public/2026/08/06/370bfc45-a7a6-417f-b673-2c5588d22358/IGVFFI9689XJSG.fastq.gz
IGVFFI9898PKGY	raw	IGVFDS6578UICO	C29	0	reads	fastq	1769359519	d9d8cb89260a4edd189f9eadb66534a8	https://api.data.igvf.org/sequence-files/IGVFFI9898PKGY/@@download/IGVFFI9898PKGY.fastq.gz	s3://igvf-public/2026/08/06/521f17eb-d649-413d-a59c-df772181077a/IGVFFI9898PKGY.fastq.gz
IGVFFI9923YZWE	raw	IGVFDS6578UICO	C29	0	reads	fastq	1720376716	4750c6ccadfcc1ab0c9c7d5bb85ed75c	https://api.data.igvf.org/sequence-files/IGVFFI9923YZWE/@@download/IGVFFI9923YZWE.fastq.gz	s3://igvf-public/2026/08/06/b0028ffa-7c88-48bb-b20b-f2ca87b68489/IGVFFI9923YZWE.fastq.gz
IGVFFI1197IDIU	raw	IGVFDS6826TRQB	C37	0	reads	fastq	1706321007	97883a57102101bb28ec3314798228ef	https://api.data.igvf.org/sequence-files/IGVFFI1197IDIU/@@download/IGVFFI1197IDIU.fastq.gz	s3://igvf-public/2026/08/06/fc41739d-9f5d-4d67-9cd0-ae31bebd77f9/IGVFFI1197IDIU.fastq.gz
IGVFFI1403FJAO	raw	IGVFDS6826TRQB	C37	0	reads	fastq	1611226874	f24d19640d42acfc56e52fc1bf54dd0c	https://api.data.igvf.org/sequence-files/IGVFFI1403FJAO/@@download/IGVFFI1403FJAO.fastq.gz	s3://igvf-public/2026/08/05/2a0821af-a260-40f0-b08d-71259a52971e/IGVFFI1403FJAO.fastq.gz
IGVFFI1518CZVC	raw	IGVFDS6826TRQB	C37	0	reads	fastq	1556613217	9d155801bb5568e983d2767b8e312025	https://api.data.igvf.org/sequence-files/IGVFFI1518CZVC/@@download/IGVFFI1518CZVC.fastq.gz	s3://igvf-public/2026/08/05/93022ed0-491a-4c4e-adf8-878dd85b74d8/IGVFFI1518CZVC.fastq.gz
IGVFFI2423QJJM	raw	IGVFDS6826TRQB	C37	0	reads	fastq	1597977663	6a2dc3646d0703578360dc019738b41b	https://api.data.igvf.org/sequence-files/IGVFFI2423QJJM/@@download/IGVFFI2423QJJM.fastq.gz	s3://igvf-public/2026/08/05/721d9bfa-94bc-4897-abf3-44543b89fd20/IGVFFI2423QJJM.fastq.gz
IGVFFI2769WZHW	raw	IGVFDS6826TRQB	C37	0	reads	fastq	1697210143	40406cdda87d1a41e9f0d610db67a8c3	https://api.data.igvf.org/sequence-files/IGVFFI2769WZHW/@@download/IGVFFI2769WZHW.fastq.gz	s3://igvf-public/2026/08/06/d0f0ebdb-19ac-4efd-9097-4f8ea3f20c5b/IGVFFI2769WZHW.fastq.gz
IGVFFI2810HCCY	raw	IGVFDS6826TRQB	C37	0	reads	fastq	1548610666	9c11d3f1e157561c29a2acf20c0abc9d	https://api.data.igvf.org/sequence-files/IGVFFI2810HCCY/@@download/IGVFFI2810HCCY.fastq.gz	s3://igvf-public/2026/08/05/3d87984f-da04-4e10-a395-9d3a16405109/IGVFFI2810HCCY.fastq.gz
IGVFFI2872CWRN	raw	IGVFDS6826TRQB	C37	0	reads	fastq	1616341100	acb2fe5827ebaa67e1e367765feee947	https://api.data.igvf.org/sequence-files/IGVFFI2872CWRN/@@download/IGVFFI2872CWRN.fastq.gz	s3://igvf-public/2026/08/05/b49768aa-99e9-4efe-aada-996e75fa18a9/IGVFFI2872CWRN.fastq.gz
IGVFFI3212FXCS	raw	IGVFDS6826TRQB	C37	0	reads	fastq	1621818007	bf84c093d7e48b9df562d95eb502eb20	https://api.data.igvf.org/sequence-files/IGVFFI3212FXCS/@@download/IGVFFI3212FXCS.fastq.gz	s3://igvf-public/2026/08/05/ad3e374b-0d62-42e1-9782-2e77e59a783b/IGVFFI3212FXCS.fastq.gz
IGVFFI3220KPFX	raw	IGVFDS6826TRQB	C37	0	reads	fastq	1590124794	e3d39f157341af29c873df76694efe8f	https://api.data.igvf.org/sequence-files/IGVFFI3220KPFX/@@download/IGVFFI3220KPFX.fastq.gz	s3://igvf-public/2026/08/05/3ccc961c-16f6-4998-b07d-5a149681fe6c/IGVFFI3220KPFX.fastq.gz
IGVFFI3513TEKD	raw	IGVFDS6826TRQB	C37	0	reads	fastq	1595212852	598fb241fb24dfc84c1be155ae10e13d	https://api.data.igvf.org/sequence-files/IGVFFI3513TEKD/@@download/IGVFFI3513TEKD.fastq.gz	s3://igvf-public/2026/08/05/ac4d5c9b-cade-487c-8297-00355faca634/IGVFFI3513TEKD.fastq.gz
IGVFFI3606PCLI	raw	IGVFDS6826TRQB	C37	0	reads	fastq	1572924570	49f09685ed1db3b2291a3dadc8c59baa	https://api.data.igvf.org/sequence-files/IGVFFI3606PCLI/@@download/IGVFFI3606PCLI.fastq.gz	s3://igvf-public/2026/08/06/1a7cc724-7880-458c-b1bd-ae8b752365d2/IGVFFI3606PCLI.fastq.gz
IGVFFI3777MDEB	raw	IGVFDS6826TRQB	C37	0	reads	fastq	1714310278	b8dab7065f1a2edbefe105ddbfc6cabe	https://api.data.igvf.org/sequence-files/IGVFFI3777MDEB/@@download/IGVFFI3777MDEB.fastq.gz	s3://igvf-public/2026/08/06/400b875f-d03b-44ad-99ea-c6f83dba846e/IGVFFI3777MDEB.fastq.gz
IGVFFI4113ULLK	raw	IGVFDS6826TRQB	C37	0	reads	fastq	1604793163	1563a1074181720576b74e2e92befb59	https://api.data.igvf.org/sequence-files/IGVFFI4113ULLK/@@download/IGVFFI4113ULLK.fastq.gz	s3://igvf-public/2026/08/05/9c54d46f-9002-4ed8-8959-00e88d8ec17d/IGVFFI4113ULLK.fastq.gz
IGVFFI4236TXQX	raw	IGVFDS6826TRQB	C37	0	reads	fastq	1622252165	dd732267eb078be6bfd1d50469fab5e5	https://api.data.igvf.org/sequence-files/IGVFFI4236TXQX/@@download/IGVFFI4236TXQX.fastq.gz	s3://igvf-public/2026/08/05/784c66a7-722a-4dca-a757-0e9f0d572a6f/IGVFFI4236TXQX.fastq.gz
IGVFFI4326NDGS	raw	IGVFDS6826TRQB	C37	0	reads	fastq	1585719554	739e26791335213a0c2ff706591d9449	https://api.data.igvf.org/sequence-files/IGVFFI4326NDGS/@@download/IGVFFI4326NDGS.fastq.gz	s3://igvf-public/2026/08/06/b568a5fa-3927-4c6b-8ae7-048c7716b12b/IGVFFI4326NDGS.fastq.gz
IGVFFI4670ZIFO	raw	IGVFDS6826TRQB	C37	0	reads	fastq	1703355685	033b84fc56586b2c1b51b398da5658fd	https://api.data.igvf.org/sequence-files/IGVFFI4670ZIFO/@@download/IGVFFI4670ZIFO.fastq.gz	s3://igvf-public/2026/08/06/fec72be4-7d8d-4dc5-8e95-49173284f328/IGVFFI4670ZIFO.fastq.gz
IGVFFI4848BZMT	raw	IGVFDS6826TRQB	C37	0	reads	fastq	1820128536	9dda362002bd0519048685bada6104b8	https://api.data.igvf.org/sequence-files/IGVFFI4848BZMT/@@download/IGVFFI4848BZMT.fastq.gz	s3://igvf-public/2026/08/06/b4c55182-521d-4985-a3f8-8ee280b73f91/IGVFFI4848BZMT.fastq.gz
IGVFFI6242RIMF	raw	IGVFDS6826TRQB	C37	0	reads	fastq	1598175546	d48411640d618dc597d0ca712a2e33b1	https://api.data.igvf.org/sequence-files/IGVFFI6242RIMF/@@download/IGVFFI6242RIMF.fastq.gz	s3://igvf-public/2026/08/05/32ddd741-32e5-42e6-ab5c-0f0bc5290b1c/IGVFFI6242RIMF.fastq.gz
IGVFFI7066YQLC	raw	IGVFDS6826TRQB	C37	0	reads	fastq	1549590756	16005ff69d7b76e8d4d7098ada4d639c	https://api.data.igvf.org/sequence-files/IGVFFI7066YQLC/@@download/IGVFFI7066YQLC.fastq.gz	s3://igvf-public/2026/08/05/5a1ab573-53db-465f-8148-2f5351fe5824/IGVFFI7066YQLC.fastq.gz
IGVFFI7706GXHY	raw	IGVFDS6826TRQB	C37	0	reads	fastq	1724656276	cfc73a538594eaf8f4ed229c427a9053	https://api.data.igvf.org/sequence-files/IGVFFI7706GXHY/@@download/IGVFFI7706GXHY.fastq.gz	s3://igvf-public/2026/08/06/7b3c81ac-8a99-4e72-836c-703bb62c96b3/IGVFFI7706GXHY.fastq.gz
IGVFFI7733NTPQ	raw	IGVFDS6826TRQB	C37	0	reads	fastq	1741182553	5d91326b7534081da2558837e7f47cca	https://api.data.igvf.org/sequence-files/IGVFFI7733NTPQ/@@download/IGVFFI7733NTPQ.fastq.gz	s3://igvf-public/2026/08/06/10fd43ba-d092-4987-94c4-ddeb06bb048d/IGVFFI7733NTPQ.fastq.gz
IGVFFI7940JPKI	raw	IGVFDS6826TRQB	C37	0	reads	fastq	1725614475	c48c045caa25e669753ef8da2956d46e	https://api.data.igvf.org/sequence-files/IGVFFI7940JPKI/@@download/IGVFFI7940JPKI.fastq.gz	s3://igvf-public/2026/08/06/b007c271-866c-4527-8dc2-4189b2c72f0a/IGVFFI7940JPKI.fastq.gz
IGVFFI8456UYCT	raw	IGVFDS6826TRQB	C37	0	reads	fastq	1793318558	5ea64967676d3a793a349bd01b55cacf	https://api.data.igvf.org/sequence-files/IGVFFI8456UYCT/@@download/IGVFFI8456UYCT.fastq.gz	s3://igvf-public/2026/08/06/9a75f177-1a00-4ff1-85d6-d4307a1e5421/IGVFFI8456UYCT.fastq.gz
IGVFFI8820SLQZ	raw	IGVFDS6826TRQB	C37	0	reads	fastq	1586408406	ebaec709e6ad6719c0cd2e46663aa5b4	https://api.data.igvf.org/sequence-files/IGVFFI8820SLQZ/@@download/IGVFFI8820SLQZ.fastq.gz	s3://igvf-public/2026/08/05/cdfcd5f9-e6b1-42c9-98e2-74c43a626605/IGVFFI8820SLQZ.fastq.gz
IGVFFI8927TPEQ	raw	IGVFDS6826TRQB	C37	0	reads	fastq	1820320192	8b574847270a15d617be157ccd363d73	https://api.data.igvf.org/sequence-files/IGVFFI8927TPEQ/@@download/IGVFFI8927TPEQ.fastq.gz	s3://igvf-public/2026/08/06/52c22060-d15a-4058-bee5-1f242996de9c/IGVFFI8927TPEQ.fastq.gz
IGVFFI9027IIOZ	raw	IGVFDS6826TRQB	C37	0	reads	fastq	1582958856	e3c87f8add26442b116ec376cf7b0b51	https://api.data.igvf.org/sequence-files/IGVFFI9027IIOZ/@@download/IGVFFI9027IIOZ.fastq.gz	s3://igvf-public/2026/08/05/6b1e5a8f-71cc-4bf4-8c4b-04513d14c4d7/IGVFFI9027IIOZ.fastq.gz
IGVFFI9045MLLO	raw	IGVFDS6826TRQB	C37	0	reads	fastq	1713608045	ec720610b6f9f4cf9ac7dbb5c2b86e80	https://api.data.igvf.org/sequence-files/IGVFFI9045MLLO/@@download/IGVFFI9045MLLO.fastq.gz	s3://igvf-public/2026/08/06/7350b57a-f840-4a83-bc6b-4aa5445f82c4/IGVFFI9045MLLO.fastq.gz
IGVFFI9062XRHF	raw	IGVFDS6826TRQB	C37	0	reads	fastq	1800640112	3487c70dcb934cfe1c37d8e2adee095d	https://api.data.igvf.org/sequence-files/IGVFFI9062XRHF/@@download/IGVFFI9062XRHF.fastq.gz	s3://igvf-public/2026/08/06/7d6c154e-78a4-477f-813b-6071ff071beb/IGVFFI9062XRHF.fastq.gz
IGVFFI9114YZHY	raw	IGVFDS6826TRQB	C37	0	reads	fastq	1561599843	6a75f105e2c4e65d908f76de5a4767f1	https://api.data.igvf.org/sequence-files/IGVFFI9114YZHY/@@download/IGVFFI9114YZHY.fastq.gz	s3://igvf-public/2026/08/05/6dea765f-8f42-4e8f-91dd-a37f117eb170/IGVFFI9114YZHY.fastq.gz
IGVFFI9357HGIT	raw	IGVFDS6826TRQB	C37	0	reads	fastq	1709810741	fdde6149ac4690326e6a1f893bb863d9	https://api.data.igvf.org/sequence-files/IGVFFI9357HGIT/@@download/IGVFFI9357HGIT.fastq.gz	s3://igvf-public/2026/08/06/23a4a37b-514a-45d9-bc70-a82c0243acd0/IGVFFI9357HGIT.fastq.gz
IGVFFI9700MQHB	raw	IGVFDS6826TRQB	C37	0	reads	fastq	1627737654	bc26fab93294183a7e6415256e941e7c	https://api.data.igvf.org/sequence-files/IGVFFI9700MQHB/@@download/IGVFFI9700MQHB.fastq.gz	s3://igvf-public/2026/08/05/72acd3d2-35d2-4aa9-8e9d-a9eecc4426b3/IGVFFI9700MQHB.fastq.gz
IGVFFI9836RRTU	raw	IGVFDS6826TRQB	C37	0	reads	fastq	1718431486	a56079225fc10f7529ae269ec7c66c5a	https://api.data.igvf.org/sequence-files/IGVFFI9836RRTU/@@download/IGVFFI9836RRTU.fastq.gz	s3://igvf-public/2026/08/06/ee51f297-bf20-4480-91da-04abfe2d79ed/IGVFFI9836RRTU.fastq.gz
IGVFFI0276QBKF	raw	IGVFDS6852SKAC	C38	0	reads	fastq	1578379230	25a6ea947e02d9fc49626a2113eb9b5b	https://api.data.igvf.org/sequence-files/IGVFFI0276QBKF/@@download/IGVFFI0276QBKF.fastq.gz	s3://igvf-public/2026/08/06/be8f8328-fd74-4654-8d75-d92dceead2f0/IGVFFI0276QBKF.fastq.gz
IGVFFI0351HCNW	raw	IGVFDS6852SKAC	C38	0	reads	fastq	1670322666	ec634e5b9169bee93df84c21cdc6d6ba	https://api.data.igvf.org/sequence-files/IGVFFI0351HCNW/@@download/IGVFFI0351HCNW.fastq.gz	s3://igvf-public/2026/08/05/c50da94c-ca4f-4250-99c6-b49721a60ca3/IGVFFI0351HCNW.fastq.gz
IGVFFI0392YIPJ	raw	IGVFDS6852SKAC	C38	0	reads	fastq	1562232011	69807ac22df979cf66ae52619d9de353	https://api.data.igvf.org/sequence-files/IGVFFI0392YIPJ/@@download/IGVFFI0392YIPJ.fastq.gz	s3://igvf-public/2026/08/06/a58764e6-dca4-4adc-a9c9-18aac1a0a4c7/IGVFFI0392YIPJ.fastq.gz
IGVFFI0423YEUR	raw	IGVFDS6852SKAC	C38	0	reads	fastq	1757616564	cead9e15125e5d9432a6015454ce135f	https://api.data.igvf.org/sequence-files/IGVFFI0423YEUR/@@download/IGVFFI0423YEUR.fastq.gz	s3://igvf-public/2026/08/05/06756adf-315a-4a04-a06c-62aa1221b589/IGVFFI0423YEUR.fastq.gz
IGVFFI0740QTUT	raw	IGVFDS6852SKAC	C38	0	reads	fastq	1656178559	60d9dcf7db5a5ae0b9ebe1bfff9b77bb	https://api.data.igvf.org/sequence-files/IGVFFI0740QTUT/@@download/IGVFFI0740QTUT.fastq.gz	s3://igvf-public/2026/08/05/28930618-34f2-4b8c-8f4d-fabf385826a7/IGVFFI0740QTUT.fastq.gz
IGVFFI0910TCCP	raw	IGVFDS6852SKAC	C38	0	reads	fastq	1665506518	7ae12d321be3390c0e5b4c555b31fae9	https://api.data.igvf.org/sequence-files/IGVFFI0910TCCP/@@download/IGVFFI0910TCCP.fastq.gz	s3://igvf-public/2026/08/05/b41f63ec-4ca8-4a39-bb64-fd19ba0e2a0c/IGVFFI0910TCCP.fastq.gz
IGVFFI1732FPBZ	raw	IGVFDS6852SKAC	C38	0	reads	fastq	1653251382	52a7c0970b29ac0807d99180a050d4ac	https://api.data.igvf.org/sequence-files/IGVFFI1732FPBZ/@@download/IGVFFI1732FPBZ.fastq.gz	s3://igvf-public/2026/08/05/d6b1fd8b-1443-4c65-83bf-a48e6fb37e93/IGVFFI1732FPBZ.fastq.gz
IGVFFI1994YANQ	raw	IGVFDS6852SKAC	C38	0	reads	fastq	1729633652	b6a9c7c1d3217c35db39e90e70e23b3c	https://api.data.igvf.org/sequence-files/IGVFFI1994YANQ/@@download/IGVFFI1994YANQ.fastq.gz	s3://igvf-public/2026/08/05/221af7ff-5831-4e85-8da9-5dd51d7ccf2d/IGVFFI1994YANQ.fastq.gz
IGVFFI2274AOTZ	raw	IGVFDS6852SKAC	C38	0	reads	fastq	1519957663	62cf404914d5fb2c5c6ae49de90e6972	https://api.data.igvf.org/sequence-files/IGVFFI2274AOTZ/@@download/IGVFFI2274AOTZ.fastq.gz	s3://igvf-public/2026/08/06/db7dfd89-8c7c-4538-ac1a-f7aa7d5f1c23/IGVFFI2274AOTZ.fastq.gz
IGVFFI2493MENE	raw	IGVFDS6852SKAC	C38	0	reads	fastq	1679045822	3b0b72e16996d83e95cbf7fb33ea842f	https://api.data.igvf.org/sequence-files/IGVFFI2493MENE/@@download/IGVFFI2493MENE.fastq.gz	s3://igvf-public/2026/08/05/b5f29408-6af2-446a-bde9-1038e0554f3c/IGVFFI2493MENE.fastq.gz
IGVFFI2671GWJB	raw	IGVFDS6852SKAC	C38	0	reads	fastq	1667864552	b4fd06d1547c31b05e91d14db85dbbb8	https://api.data.igvf.org/sequence-files/IGVFFI2671GWJB/@@download/IGVFFI2671GWJB.fastq.gz	s3://igvf-public/2026/08/05/f1959f35-d898-4e72-b875-1a5b453aa9e6/IGVFFI2671GWJB.fastq.gz
IGVFFI2676SHSN	raw	IGVFDS6852SKAC	C38	0	reads	fastq	1522129751	7e60c7e9b2feeb5cf68c605bbf084c05	https://api.data.igvf.org/sequence-files/IGVFFI2676SHSN/@@download/IGVFFI2676SHSN.fastq.gz	s3://igvf-public/2026/08/06/2d53a2f7-101a-4553-bbeb-4d8c556e4ba2/IGVFFI2676SHSN.fastq.gz
IGVFFI2725SNUF	raw	IGVFDS6852SKAC	C38	0	reads	fastq	1569209290	38ad1907557f6809abd5bbf26a4e3b5a	https://api.data.igvf.org/sequence-files/IGVFFI2725SNUF/@@download/IGVFFI2725SNUF.fastq.gz	s3://igvf-public/2026/08/06/673dcac5-0067-4b3b-8124-97960aae8da6/IGVFFI2725SNUF.fastq.gz
IGVFFI3024UULG	raw	IGVFDS6852SKAC	C38	0	reads	fastq	1650459058	4d520c9055cf93fa6ef4e09725e6730e	https://api.data.igvf.org/sequence-files/IGVFFI3024UULG/@@download/IGVFFI3024UULG.fastq.gz	s3://igvf-public/2026/08/05/9a87235e-c47b-4f67-8939-6281050d69ce/IGVFFI3024UULG.fastq.gz
IGVFFI3393QEOY	raw	IGVFDS6852SKAC	C38	0	reads	fastq	1739570283	2d41cade5c4e9da2ceead469f62dd842	https://api.data.igvf.org/sequence-files/IGVFFI3393QEOY/@@download/IGVFFI3393QEOY.fastq.gz	s3://igvf-public/2026/08/05/db9fc712-b554-43e7-a867-75cb38a2e6d0/IGVFFI3393QEOY.fastq.gz
IGVFFI3480GDHG	raw	IGVFDS6852SKAC	C38	0	reads	fastq	1552203985	f1c35c2aea3a90aeb4951d2a2c0cb15b	https://api.data.igvf.org/sequence-files/IGVFFI3480GDHG/@@download/IGVFFI3480GDHG.fastq.gz	s3://igvf-public/2026/08/05/41684bbe-4499-4256-8a0b-821a7e6ae03e/IGVFFI3480GDHG.fastq.gz
IGVFFI3549WQIF	raw	IGVFDS6852SKAC	C38	0	reads	fastq	1582695536	c697f069f83361c054cebd1dd658ee9c	https://api.data.igvf.org/sequence-files/IGVFFI3549WQIF/@@download/IGVFFI3549WQIF.fastq.gz	s3://igvf-public/2026/08/06/7cc78779-7cb6-4d7e-9154-5eca6d9aedbb/IGVFFI3549WQIF.fastq.gz
IGVFFI3677DAGY	raw	IGVFDS6852SKAC	C38	0	reads	fastq	1566878595	1bbe6826a5466ac69eaa7609627dd651	https://api.data.igvf.org/sequence-files/IGVFFI3677DAGY/@@download/IGVFFI3677DAGY.fastq.gz	s3://igvf-public/2026/08/05/11442b6d-218b-409b-bcc2-3cc6f3741882/IGVFFI3677DAGY.fastq.gz
IGVFFI3759DOHC	raw	IGVFDS6852SKAC	C38	0	reads	fastq	1528889841	e5949b309ab534eec961cd3a340cf081	https://api.data.igvf.org/sequence-files/IGVFFI3759DOHC/@@download/IGVFFI3759DOHC.fastq.gz	s3://igvf-public/2026/08/06/9a34de10-1e7b-4403-8c79-c455a3442e47/IGVFFI3759DOHC.fastq.gz
IGVFFI3806XMJH	raw	IGVFDS6852SKAC	C38	0	reads	fastq	1575922796	b9f774e13f99b5fffd3bf3cbe9f57a61	https://api.data.igvf.org/sequence-files/IGVFFI3806XMJH/@@download/IGVFFI3806XMJH.fastq.gz	s3://igvf-public/2026/08/06/7f400204-502d-4856-aca0-4a3d11ca629e/IGVFFI3806XMJH.fastq.gz
IGVFFI4228VGZK	raw	IGVFDS6852SKAC	C38	0	reads	fastq	1570182687	58e84f89d52a59c63a7645fcdc40cbfe	https://api.data.igvf.org/sequence-files/IGVFFI4228VGZK/@@download/IGVFFI4228VGZK.fastq.gz	s3://igvf-public/2026/08/06/b69b552d-efae-4667-9feb-e4363ebee365/IGVFFI4228VGZK.fastq.gz
IGVFFI4372ONBK	raw	IGVFDS6852SKAC	C38	0	reads	fastq	1556502418	dc60eb58731fb0bbc255024ec561006b	https://api.data.igvf.org/sequence-files/IGVFFI4372ONBK/@@download/IGVFFI4372ONBK.fastq.gz	s3://igvf-public/2026/08/06/936487c4-cc8c-450a-84b8-9aa15bd63195/IGVFFI4372ONBK.fastq.gz
IGVFFI4668TRRB	raw	IGVFDS6852SKAC	C38	0	reads	fastq	1561204386	99420d00907e3a4023a4c29378c8e7b3	https://api.data.igvf.org/sequence-files/IGVFFI4668TRRB/@@download/IGVFFI4668TRRB.fastq.gz	s3://igvf-public/2026/08/06/2731cca0-caff-4e2c-b934-2fb8278c42a2/IGVFFI4668TRRB.fastq.gz
IGVFFI5282FJUI	raw	IGVFDS6852SKAC	C38	0	reads	fastq	1596147722	6b52ac5fb5d7ac19e383366602c6e6b7	https://api.data.igvf.org/sequence-files/IGVFFI5282FJUI/@@download/IGVFFI5282FJUI.fastq.gz	s3://igvf-public/2026/08/06/fa8791be-9cd0-4962-8f65-70d67caaf26f/IGVFFI5282FJUI.fastq.gz
IGVFFI6201SWWC	raw	IGVFDS6852SKAC	C38	0	reads	fastq	1652093529	3e9753a74ade195cad98c529cf392c74	https://api.data.igvf.org/sequence-files/IGVFFI6201SWWC/@@download/IGVFFI6201SWWC.fastq.gz	s3://igvf-public/2026/08/05/ee7cf431-b2be-41c7-be67-334d1b0c1c07/IGVFFI6201SWWC.fastq.gz
IGVFFI6331NWNZ	raw	IGVFDS6852SKAC	C38	0	reads	fastq	1760124661	63b21b8137062fc4bb1a691ed6a9b283	https://api.data.igvf.org/sequence-files/IGVFFI6331NWNZ/@@download/IGVFFI6331NWNZ.fastq.gz	s3://igvf-public/2026/08/05/b97b8a79-622b-4b0a-9691-a99db894b2d6/IGVFFI6331NWNZ.fastq.gz
IGVFFI6513VNAU	raw	IGVFDS6852SKAC	C38	0	reads	fastq	1699779709	4629f3bda820f947271b94a77550587b	https://api.data.igvf.org/sequence-files/IGVFFI6513VNAU/@@download/IGVFFI6513VNAU.fastq.gz	s3://igvf-public/2026/08/05/f7f3ebf8-e046-49c2-ac59-cf91733d2592/IGVFFI6513VNAU.fastq.gz
IGVFFI7338EIBX	raw	IGVFDS6852SKAC	C38	0	reads	fastq	1594897238	f79e34f325e5f2fb00e2d8bb21d75efa	https://api.data.igvf.org/sequence-files/IGVFFI7338EIBX/@@download/IGVFFI7338EIBX.fastq.gz	s3://igvf-public/2026/08/06/855617fc-8b92-401e-8b23-959f1b7f01fc/IGVFFI7338EIBX.fastq.gz
IGVFFI7862BSPY	raw	IGVFDS6852SKAC	C38	0	reads	fastq	1593115098	0aab78b957bb148ed7f329ce85346052	https://api.data.igvf.org/sequence-files/IGVFFI7862BSPY/@@download/IGVFFI7862BSPY.fastq.gz	s3://igvf-public/2026/08/06/a3a6d20a-972b-4174-a9e3-9de4a82bbd06/IGVFFI7862BSPY.fastq.gz
IGVFFI8174LWXT	raw	IGVFDS6852SKAC	C38	0	reads	fastq	1671692147	2441df424e2fa7cfe3bd79638f3ecdd3	https://api.data.igvf.org/sequence-files/IGVFFI8174LWXT/@@download/IGVFFI8174LWXT.fastq.gz	s3://igvf-public/2026/08/05/382749e9-ba7a-4582-83d1-f17603938a2a/IGVFFI8174LWXT.fastq.gz
IGVFFI8303PIWE	raw	IGVFDS6852SKAC	C38	0	reads	fastq	1580859595	fc54adc3d2b0e97159424ab7398b34f4	https://api.data.igvf.org/sequence-files/IGVFFI8303PIWE/@@download/IGVFFI8303PIWE.fastq.gz	s3://igvf-public/2026/08/06/e3a0a0a8-750b-44bb-8087-21445bc27125/IGVFFI8303PIWE.fastq.gz
IGVFFI9666ILHJ	raw	IGVFDS6852SKAC	C38	0	reads	fastq	1535171616	bbd39bb03fbde735b9cae8422d60419c	https://api.data.igvf.org/sequence-files/IGVFFI9666ILHJ/@@download/IGVFFI9666ILHJ.fastq.gz	s3://igvf-public/2026/08/06/b141d463-38ed-4b54-892f-c81ffc750db6/IGVFFI9666ILHJ.fastq.gz
IGVFFI0107LBCZ	raw	IGVFDS7691YADM	C39	0	reads	fastq	1731723123	5ed55e609ca1db568c290578c45880ee	https://api.data.igvf.org/sequence-files/IGVFFI0107LBCZ/@@download/IGVFFI0107LBCZ.fastq.gz	s3://igvf-public/2026/08/05/a8ad80f1-22c1-46bc-9140-b725a4b3237a/IGVFFI0107LBCZ.fastq.gz
IGVFFI0571NNMW	raw	IGVFDS7691YADM	C39	0	reads	fastq	1723018589	8f9bda9860f179059dd320ee84f8a139	https://api.data.igvf.org/sequence-files/IGVFFI0571NNMW/@@download/IGVFFI0571NNMW.fastq.gz	s3://igvf-public/2026/08/05/a3d9725d-4cbf-4bc3-8532-bbe831d425f7/IGVFFI0571NNMW.fastq.gz
IGVFFI1140DCPE	raw	IGVFDS7691YADM	C39	0	reads	fastq	1810076466	fd0b03bc79cf60f67a88a203d9e2ee00	https://api.data.igvf.org/sequence-files/IGVFFI1140DCPE/@@download/IGVFFI1140DCPE.fastq.gz	s3://igvf-public/2026/08/06/976b25f0-993c-4587-a336-dff0f0752563/IGVFFI1140DCPE.fastq.gz
IGVFFI1299GXJD	raw	IGVFDS7691YADM	C39	0	reads	fastq	1838499466	c9aaf04414dd8f7189572deffc64f0c6	https://api.data.igvf.org/sequence-files/IGVFFI1299GXJD/@@download/IGVFFI1299GXJD.fastq.gz	s3://igvf-public/2026/08/06/cb287150-24f0-48a1-a115-e4c445963d4f/IGVFFI1299GXJD.fastq.gz
IGVFFI1443ORLP	raw	IGVFDS7691YADM	C39	0	reads	fastq	1722055694	3c84e6508dc1600248796bf62db5cfb2	https://api.data.igvf.org/sequence-files/IGVFFI1443ORLP/@@download/IGVFFI1443ORLP.fastq.gz	s3://igvf-public/2026/08/05/70378a7d-777c-4b17-a47d-20e6e9a63c2b/IGVFFI1443ORLP.fastq.gz
IGVFFI1985ZSJF	raw	IGVFDS7691YADM	C39	0	reads	fastq	1654313342	cdaa90ec6a59b161b2c10ebce57b5800	https://api.data.igvf.org/sequence-files/IGVFFI1985ZSJF/@@download/IGVFFI1985ZSJF.fastq.gz	s3://igvf-public/2026/08/05/3d6a2b29-637b-4a35-b09b-3933d424e23c/IGVFFI1985ZSJF.fastq.gz
IGVFFI2252KVWF	raw	IGVFDS7691YADM	C39	0	reads	fastq	1805697161	3fa87a3a063903250aa30ec0b2188b83	https://api.data.igvf.org/sequence-files/IGVFFI2252KVWF/@@download/IGVFFI2252KVWF.fastq.gz	s3://igvf-public/2026/08/06/47934f54-4f41-4d98-bb42-b3aaab0acd2c/IGVFFI2252KVWF.fastq.gz
IGVFFI2309NSLE	raw	IGVFDS7691YADM	C39	0	reads	fastq	1750713310	34ea1d7f2757045fd83cb415d6646053	https://api.data.igvf.org/sequence-files/IGVFFI2309NSLE/@@download/IGVFFI2309NSLE.fastq.gz	s3://igvf-public/2026/08/06/5ba5191f-937c-461e-ac93-307cfb1a0951/IGVFFI2309NSLE.fastq.gz
IGVFFI3131ELUR	raw	IGVFDS7691YADM	C39	0	reads	fastq	1819855238	d1a92986cfa9aa1fa8fbae05c78689d7	https://api.data.igvf.org/sequence-files/IGVFFI3131ELUR/@@download/IGVFFI3131ELUR.fastq.gz	s3://igvf-public/2026/08/06/50bd8e8a-d393-43b5-a094-2befc7564e49/IGVFFI3131ELUR.fastq.gz
IGVFFI4670RSYN	raw	IGVFDS7691YADM	C39	0	reads	fastq	1754685521	0a7cd46b086ddc95effd9c69e4626834	https://api.data.igvf.org/sequence-files/IGVFFI4670RSYN/@@download/IGVFFI4670RSYN.fastq.gz	s3://igvf-public/2026/08/06/ba10cf39-61d5-430d-b4a1-572d390ac6c5/IGVFFI4670RSYN.fastq.gz
IGVFFI4763WVFO	raw	IGVFDS7691YADM	C39	0	reads	fastq	1807104934	c1dce2a9668e0f0c05733fc27c58386a	https://api.data.igvf.org/sequence-files/IGVFFI4763WVFO/@@download/IGVFFI4763WVFO.fastq.gz	s3://igvf-public/2026/08/06/f9fb20f3-f02b-4cd7-b615-f41d19a24e6e/IGVFFI4763WVFO.fastq.gz
IGVFFI4978RNIH	raw	IGVFDS7691YADM	C39	0	reads	fastq	1656209599	63f6c587002e0ae138963b44e809e0e4	https://api.data.igvf.org/sequence-files/IGVFFI4978RNIH/@@download/IGVFFI4978RNIH.fastq.gz	s3://igvf-public/2026/08/05/cb2ce6c2-9390-4f84-afa5-cdabae45b2cf/IGVFFI4978RNIH.fastq.gz
IGVFFI5031UHWF	raw	IGVFDS7691YADM	C39	0	reads	fastq	1735449646	93f5b21ba5cbc4ad67abceb6cc9ab7e0	https://api.data.igvf.org/sequence-files/IGVFFI5031UHWF/@@download/IGVFFI5031UHWF.fastq.gz	s3://igvf-public/2026/08/05/71af51aa-f291-469e-8f4d-4462a56d282b/IGVFFI5031UHWF.fastq.gz
IGVFFI5179NGRE	raw	IGVFDS7691YADM	C39	0	reads	fastq	1867330109	50996aecc98cbbe957b5fc56c5f04879	https://api.data.igvf.org/sequence-files/IGVFFI5179NGRE/@@download/IGVFFI5179NGRE.fastq.gz	s3://igvf-public/2026/08/06/f5a2173a-cc25-4da6-8702-c3e9f56e593c/IGVFFI5179NGRE.fastq.gz
IGVFFI5535DIMB	raw	IGVFDS7691YADM	C39	0	reads	fastq	1806404280	1310f899c132981f68edef603f1440f4	https://api.data.igvf.org/sequence-files/IGVFFI5535DIMB/@@download/IGVFFI5535DIMB.fastq.gz	s3://igvf-public/2026/08/06/8c847441-1fbb-4bbb-bf18-02b9a09aa095/IGVFFI5535DIMB.fastq.gz
IGVFFI5761MMZP	raw	IGVFDS7691YADM	C39	0	reads	fastq	1720012618	a7d8364911ec057a965028ee066b5094	https://api.data.igvf.org/sequence-files/IGVFFI5761MMZP/@@download/IGVFFI5761MMZP.fastq.gz	s3://igvf-public/2026/08/05/6e387d46-9154-4e45-bff9-b1cd88d87d9d/IGVFFI5761MMZP.fastq.gz
IGVFFI5779DIBO	raw	IGVFDS7691YADM	C39	0	reads	fastq	1864167155	c7fcc6ed9fb147755da4288099c1a4fc	https://api.data.igvf.org/sequence-files/IGVFFI5779DIBO/@@download/IGVFFI5779DIBO.fastq.gz	s3://igvf-public/2026/08/06/c8503cfe-1b7a-42d1-8abc-e65dfbb50ea1/IGVFFI5779DIBO.fastq.gz
IGVFFI6365VWOI	raw	IGVFDS7691YADM	C39	0	reads	fastq	1723624796	188dcc9b1d0bf5b93b9999b8fdda52e3	https://api.data.igvf.org/sequence-files/IGVFFI6365VWOI/@@download/IGVFFI6365VWOI.fastq.gz	s3://igvf-public/2026/08/05/88e9ad30-33de-46d5-ae14-98d8b711e88f/IGVFFI6365VWOI.fastq.gz
IGVFFI6809XCTY	raw	IGVFDS7691YADM	C39	0	reads	fastq	1730246977	6f579db5bf48eb9bd4760073b1989a1a	https://api.data.igvf.org/sequence-files/IGVFFI6809XCTY/@@download/IGVFFI6809XCTY.fastq.gz	s3://igvf-public/2026/08/05/1e03b29e-ce4c-4dec-87ee-3d430272b6f3/IGVFFI6809XCTY.fastq.gz
IGVFFI6906RXNB	raw	IGVFDS7691YADM	C39	0	reads	fastq	1845798217	13b06613577b491e6e7f23ec804a6818	https://api.data.igvf.org/sequence-files/IGVFFI6906RXNB/@@download/IGVFFI6906RXNB.fastq.gz	s3://igvf-public/2026/08/06/02c5bde9-c3fa-4886-8cb6-6080889293f9/IGVFFI6906RXNB.fastq.gz
IGVFFI7112XQLR	raw	IGVFDS7691YADM	C39	0	reads	fastq	1799313460	80ddc341bf2105001f83a71380117801	https://api.data.igvf.org/sequence-files/IGVFFI7112XQLR/@@download/IGVFFI7112XQLR.fastq.gz	s3://igvf-public/2026/08/06/134d5575-0a32-4762-a72a-4b3823c1cd25/IGVFFI7112XQLR.fastq.gz
IGVFFI7173EQOL	raw	IGVFDS7691YADM	C39	0	reads	fastq	1733805882	fcb1e0b35f67c65e682d541ec6a1fbdb	https://api.data.igvf.org/sequence-files/IGVFFI7173EQOL/@@download/IGVFFI7173EQOL.fastq.gz	s3://igvf-public/2026/08/05/13307477-e452-4654-ac7b-8e438ed93991/IGVFFI7173EQOL.fastq.gz
IGVFFI7554PQJK	raw	IGVFDS7691YADM	C39	0	reads	fastq	1873690438	4fbf0a6cb2746c89d87e622d627f4804	https://api.data.igvf.org/sequence-files/IGVFFI7554PQJK/@@download/IGVFFI7554PQJK.fastq.gz	s3://igvf-public/2026/08/06/5fc70162-2bfa-4e70-a4dd-67577403ffef/IGVFFI7554PQJK.fastq.gz
IGVFFI8024DGIV	raw	IGVFDS7691YADM	C39	0	reads	fastq	1667757301	80921546e772953ada34ab95a27cb13a	https://api.data.igvf.org/sequence-files/IGVFFI8024DGIV/@@download/IGVFFI8024DGIV.fastq.gz	s3://igvf-public/2026/08/05/b43bd4f1-08a6-457c-ae6b-aef93ac17f6b/IGVFFI8024DGIV.fastq.gz
IGVFFI8166STZR	raw	IGVFDS7691YADM	C39	0	reads	fastq	1718079555	8dc98ad3f76a07e9146ff6b1ad0a48ae	https://api.data.igvf.org/sequence-files/IGVFFI8166STZR/@@download/IGVFFI8166STZR.fastq.gz	s3://igvf-public/2026/08/05/6378ee77-3ee5-43e6-9409-4fc610dde885/IGVFFI8166STZR.fastq.gz
IGVFFI8418DALS	raw	IGVFDS7691YADM	C39	0	reads	fastq	1884600830	f56e26b28155ac2b5b37592ea0d49044	https://api.data.igvf.org/sequence-files/IGVFFI8418DALS/@@download/IGVFFI8418DALS.fastq.gz	s3://igvf-public/2026/08/06/a23b8d6d-4f2b-4f4f-b37b-3d998e52df0a/IGVFFI8418DALS.fastq.gz
IGVFFI8733DRRZ	raw	IGVFDS7691YADM	C39	0	reads	fastq	1738815813	d0ff40125e3a59dd429142a80ebe9594	https://api.data.igvf.org/sequence-files/IGVFFI8733DRRZ/@@download/IGVFFI8733DRRZ.fastq.gz	s3://igvf-public/2026/08/05/4659653a-b4fe-4356-b040-a48b36c3b91d/IGVFFI8733DRRZ.fastq.gz
IGVFFI8945KJAG	raw	IGVFDS7691YADM	C39	0	reads	fastq	1730052869	433a0267e5700413e79bc7cc829ab35b	https://api.data.igvf.org/sequence-files/IGVFFI8945KJAG/@@download/IGVFFI8945KJAG.fastq.gz	s3://igvf-public/2026/08/05/9f11f15f-ff62-4ddb-9051-ca1924932af6/IGVFFI8945KJAG.fastq.gz
IGVFFI9549MPRO	raw	IGVFDS7691YADM	C39	0	reads	fastq	1807422552	ede76d2cd30d4145a68147e801044067	https://api.data.igvf.org/sequence-files/IGVFFI9549MPRO/@@download/IGVFFI9549MPRO.fastq.gz	s3://igvf-public/2026/08/06/a745d674-c6ed-4665-a6c1-9636e9e134fa/IGVFFI9549MPRO.fastq.gz
IGVFFI9587BPME	raw	IGVFDS7691YADM	C39	0	reads	fastq	1886065841	3960336e5322501b1e76bec871e80f1d	https://api.data.igvf.org/sequence-files/IGVFFI9587BPME/@@download/IGVFFI9587BPME.fastq.gz	s3://igvf-public/2026/08/06/962e158b-59fa-4328-9e0d-cf46f0131e34/IGVFFI9587BPME.fastq.gz
IGVFFI9662XLXD	raw	IGVFDS7691YADM	C39	0	reads	fastq	1660569966	c2c3f16cd25bb02cd14bed69c3db4387	https://api.data.igvf.org/sequence-files/IGVFFI9662XLXD/@@download/IGVFFI9662XLXD.fastq.gz	s3://igvf-public/2026/08/05/3ecc904f-c9e6-4705-940f-d08c31b5c091/IGVFFI9662XLXD.fastq.gz
IGVFFI9986FJPY	raw	IGVFDS7691YADM	C39	0	reads	fastq	1711798816	2df5376c9b0be62468ea9c471c31fe6b	https://api.data.igvf.org/sequence-files/IGVFFI9986FJPY/@@download/IGVFFI9986FJPY.fastq.gz	s3://igvf-public/2026/08/05/8d03f338-b22c-407b-92de-fe1e8426a822/IGVFFI9986FJPY.fastq.gz
IGVFFI6911IUTB	analysis-ready	IGVFDS3268OMJN	C29;C37;C38;C39	0;1;3;5;7;9;12;14;16;18	alignments	bam	113780131924	baa055c45dcc657cb8eab06bdea2ccba	https://api.data.igvf.org/alignment-files/IGVFFI6911IUTB/@@download/IGVFFI6911IUTB.bam	s3://igvf-public/2026/07/30/38ea3d5a-f18d-4921-b91c-2f25dc85b2bf/IGVFFI6911IUTB.bam
IGVFFI9023NKZM	analysis-ready	IGVFDS3268OMJN	C29;C37;C38;C39	0;1;3;5;7;9;12;14;16;18	cell annotations	tsv	2650678	9b1ea6f0d6a90bb47483ea10563cc085	https://api.data.igvf.org/tabular-files/IGVFFI9023NKZM/@@download/IGVFFI9023NKZM.tsv.gz	s3://igvf-public/2026/07/15/2f26b8f2-b5fe-4c1f-8057-533c5baf657d/IGVFFI9023NKZM.csv.gz
IGVFFI5043FWMC	analysis-ready	IGVFDS3268OMJN	C29;C37;C38;C39	0;1;3;5;7;9;12;14;16;18	cell by gene matrix	h5ad	609867045	cfc8a5b2c789971d8eb679b80f98c788	https://api.data.igvf.org/matrix-files/IGVFFI5043FWMC/@@download/IGVFFI5043FWMC.h5ad	s3://igvf-public/2026/07/15/81c9b5ff-382d-4fe6-a40c-618d7308c483/IGVFFI5043FWMC.h5ad
IGVFFI1051YIEC	analysis-ready	IGVFDS3268OMJN	C29;C37;C38;C39	0;1;3;5;7;9;12;14;16;18	cell by peak matrix	rds	201752561	2960a58d59cb4386f63bd193de1e63c7	https://api.data.igvf.org/matrix-files/IGVFFI1051YIEC/@@download/IGVFFI1051YIEC.rds	s3://igvf-public/2026/07/15/9219de5a-1753-4e4f-9e79-72236f23e6b0/IGVFFI1051YIEC.rds
IGVFFI8639CFWZ	analysis-ready	IGVFDS3268OMJN	C29;C37;C38;C39	0;1;3;5;7;9;12;14;16;18	fragments	tsv	10871507954	6dc0ff0c03ac52df671dcc2fa2973373	https://api.data.igvf.org/tabular-files/IGVFFI8639CFWZ/@@download/IGVFFI8639CFWZ.tsv.gz	s3://igvf-public/2026/07/27/da847a5f-bfd8-448a-a868-7f5d23614ba3/IGVFFI8639CFWZ.tsv.gz
IGVFFI3605GXMQ	analysis-ready	IGVFDS3268OMJN	C29;C37;C38;C39	0;1;3;5;7;9;12;14;16;18	marker genes	tsv	1780343	3e1574f06f9b5fe12862675a1c475176	https://api.data.igvf.org/tabular-files/IGVFFI3605GXMQ/@@download/IGVFFI3605GXMQ.tsv.gz	s3://igvf-public/2026/07/22/0e844e95-0cff-430d-b089-bb8c521c38e7/IGVFFI3605GXMQ.tsv.gz
IGVFFI7116YAJZ	analysis-ready	IGVFDS3268OMJN	C29;C37;C38;C39	0;1;3;5;7;9;12;14;16;18	peaks	bed	4765845	76e912177aa2fc784a613b2ee643c7cf	https://api.data.igvf.org/tabular-files/IGVFFI7116YAJZ/@@download/IGVFFI7116YAJZ.bed.gz	s3://igvf-public/2026/07/16/9ecf6ff3-5219-4879-86f6-bbbd008728e8/IGVFFI7116YAJZ.bed.gz
IGVFFI5305AMYC	processed	IGVFDS6943WIWV	C29;C37;C38;C39	9;14;16;18	alignments	bam	17215149066	22782a83af27af11513381e1f1bea6ce	https://api.data.igvf.org/alignment-files/IGVFFI5305AMYC/@@download/IGVFFI5305AMYC.bam	s3://igvf-public/2026/01/27/7b6ae340-9d83-4c15-b71c-6b592d04d87a/IGVFFI5305AMYC.bam
IGVFFI5885XBZW	processed	IGVFDS6943WIWV	C29;C37;C38;C39	9;14;16;18	alignments	bam	62132244102	ffb5bfe56db9b5115882060de5cbf961	https://api.data.igvf.org/alignment-files/IGVFFI5885XBZW/@@download/IGVFFI5885XBZW.bam	s3://igvf-public/2026/01/27/baf28768-7c67-4bf3-bfaa-f102e8645a8c/IGVFFI5885XBZW.bam
IGVFFI6520LCGN	processed	IGVFDS6943WIWV	C29;C37;C38;C39	9;14;16;18	barcode to donor mapping	tsv	4789942	76edea37e7e4586dec169093d895bd12	https://api.data.igvf.org/tabular-files/IGVFFI6520LCGN/@@download/IGVFFI6520LCGN.tsv.gz	s3://igvf-public/2026/01/26/834771e6-e24c-4e8b-abfe-12fa598e47b6/IGVFFI6520LCGN.tsv.gz
IGVFFI4754DSNY	processed	IGVFDS6943WIWV	C29;C37;C38;C39	9;14;16;18	cell by gene matrix	hdf5	219688066	af94df76fdfd5dd4cf4f84c9e2e527f2	https://api.data.igvf.org/matrix-files/IGVFFI4754DSNY/@@download/IGVFFI4754DSNY.h5	s3://igvf-public/2026/01/26/cfe1adae-6266-43c5-9752-b4f8dd2dbdd0/IGVFFI4754DSNY.h5
IGVFFI6639RRVE	processed	IGVFDS6943WIWV	C29;C37;C38;C39	9;14;16;18	fragments	tsv	3378835570	e35da8fdd3a4e9a2700417e92dd797e8	https://api.data.igvf.org/tabular-files/IGVFFI6639RRVE/@@download/IGVFFI6639RRVE.tsv.gz	s3://igvf-public/2026/01/26/4f76b2e1-b736-43b8-8161-19f5ecbccabc/IGVFFI6639RRVE.tsv.gz
IGVFFI7689OXTO	processed	IGVFDS6943WIWV	C29;C37;C38;C39	9;14;16;18	index	tbi	1402606	82e0e874e1a93294d7a6ecc7222ca89a	https://api.data.igvf.org/index-files/IGVFFI7689OXTO/@@download/IGVFFI7689OXTO.tbi	s3://igvf-public/2026/01/26/d6eac4dc-a6d5-4f81-b263-f5d11f780f75/IGVFFI7689OXTO.tbi
IGVFFI3081YJXT	processed	IGVFDS6943WIWV	C29;C37;C38;C39	9;14;16;18	peaks	bed	1949585	0ae3bc7ff1c55c251e33b0756fcc9160	https://api.data.igvf.org/tabular-files/IGVFFI3081YJXT/@@download/IGVFFI3081YJXT.bed.gz	s3://igvf-public/2026/01/28/ce30ebdb-3423-459a-98b0-d4c5118ae263/IGVFFI3081YJXT.bed.gz
IGVFFI3334CNJW	processed	IGVFDS6943WIWV	C29;C37;C38;C39	9;14;16;18	per-barcode quality report	tsv	19579164	5dd2260dd418375df3a939a052d5cf51	https://api.data.igvf.org/tabular-files/IGVFFI3334CNJW/@@download/IGVFFI3334CNJW.tsv.gz	s3://igvf-public/2026/07/30/b482a606-cadd-41ff-a32e-2cb38a9a9f38/IGVFFI3334CNJW.tsv.gz
IGVFFI0535JQTV	processed	IGVFDS3769GULF	C29;C37;C38;C39	9;12;14;18	alignments	bam	18050917997	05df5ce361d7cca98e53456c622f55aa	https://api.data.igvf.org/alignment-files/IGVFFI0535JQTV/@@download/IGVFFI0535JQTV.bam	s3://igvf-public/2026/01/27/c2754794-d079-4c7e-9ff9-81f5e1103081/IGVFFI0535JQTV.bam
IGVFFI5500WRBD	processed	IGVFDS3769GULF	C29;C37;C38;C39	9;12;14;18	alignments	bam	68836725815	06ac9a0abd1b5f59eba50c9fea2c072a	https://api.data.igvf.org/alignment-files/IGVFFI5500WRBD/@@download/IGVFFI5500WRBD.bam	s3://igvf-public/2026/01/27/b44642e2-b4c1-45ef-b47b-d40a8730a534/IGVFFI5500WRBD.bam
IGVFFI3713CDRD	processed	IGVFDS3769GULF	C29;C37;C38;C39	9;12;14;18	barcode to donor mapping	tsv	5345989	de4e52905ff876e9640a335dee43962f	https://api.data.igvf.org/tabular-files/IGVFFI3713CDRD/@@download/IGVFFI3713CDRD.tsv.gz	s3://igvf-public/2026/01/26/bb3a355a-8c32-4049-9bfe-1529120e57da/IGVFFI3713CDRD.tsv.gz
IGVFFI3772NPDH	processed	IGVFDS3769GULF	C29;C37;C38;C39	9;12;14;18	cell by gene matrix	hdf5	227999945	3e6b61b7693d645fa7a8ae4a3f88476d	https://api.data.igvf.org/matrix-files/IGVFFI3772NPDH/@@download/IGVFFI3772NPDH.h5	s3://igvf-public/2026/01/26/d8c66e0b-8341-4a2a-a863-a4286aa80c2e/IGVFFI3772NPDH.h5
IGVFFI6551FYGT	processed	IGVFDS3769GULF	C29;C37;C38;C39	9;12;14;18	fragments	tsv	3618292875	f594ca91a91bf99b4b569aeda73e106d	https://api.data.igvf.org/tabular-files/IGVFFI6551FYGT/@@download/IGVFFI6551FYGT.tsv.gz	s3://igvf-public/2026/01/26/8e2aa684-0aee-4366-a067-8e541b1f3e43/IGVFFI6551FYGT.tsv.gz
IGVFFI2421IZOC	processed	IGVFDS3769GULF	C29;C37;C38;C39	9;12;14;18	index	tbi	1453612	12c2eee77d503e5c2daedcedc1414108	https://api.data.igvf.org/index-files/IGVFFI2421IZOC/@@download/IGVFFI2421IZOC.tbi	s3://igvf-public/2026/01/26/55e6d471-50e3-4b92-8296-fec7eadd649e/IGVFFI2421IZOC.tbi
IGVFFI3690BSYP	processed	IGVFDS3769GULF	C29;C37;C38;C39	9;12;14;18	peaks	bed	1860970	7285d8393195f3b3434f583db1e0285f	https://api.data.igvf.org/tabular-files/IGVFFI3690BSYP/@@download/IGVFFI3690BSYP.bed.gz	s3://igvf-public/2026/01/28/9defdd37-c9f1-4252-82c9-5385dcdc39ab/IGVFFI3690BSYP.bed.gz
IGVFFI2620CGRM	processed	IGVFDS3769GULF	C29;C37;C38;C39	9;12;14;18	per-barcode quality report	tsv	19449647	d8872d1c3ec25f3faf4bfb63d26f3969	https://api.data.igvf.org/tabular-files/IGVFFI2620CGRM/@@download/IGVFFI2620CGRM.tsv.gz	s3://igvf-public/2026/07/30/657175fc-ba2b-4bc2-b6f9-3453f6289117/IGVFFI2620CGRM.tsv.gz
IGVFFI2084QGFN	processed	IGVFDS2992KDOL	C29;C37;C38;C39	0;1;5;7	alignments	bam	51775654201	340bcb375a9ab6e0523d027c79bdd885	https://api.data.igvf.org/alignment-files/IGVFFI2084QGFN/@@download/IGVFFI2084QGFN.bam	s3://igvf-public/2026/01/27/a8db4250-441f-4e82-82b3-61da254d492b/IGVFFI2084QGFN.bam
IGVFFI6732KKBE	processed	IGVFDS2992KDOL	C29;C37;C38;C39	0;1;5;7	alignments	bam	16835891269	07c458508471ae306423a1b887689ea2	https://api.data.igvf.org/alignment-files/IGVFFI6732KKBE/@@download/IGVFFI6732KKBE.bam	s3://igvf-public/2026/01/27/399e0a0b-f78f-471f-bd75-354acafdf740/IGVFFI6732KKBE.bam
IGVFFI5014QPDZ	processed	IGVFDS2992KDOL	C29;C37;C38;C39	0;1;5;7	barcode to donor mapping	tsv	3437520	83b3d695e46e89667136034d2d915085	https://api.data.igvf.org/tabular-files/IGVFFI5014QPDZ/@@download/IGVFFI5014QPDZ.tsv.gz	s3://igvf-public/2026/01/26/d0fdb31a-4f8f-4a26-98e5-abe8bc06fdb5/IGVFFI5014QPDZ.tsv.gz
IGVFFI0359OJBS	processed	IGVFDS2992KDOL	C29;C37;C38;C39	0;1;5;7	cell by gene matrix	hdf5	151782816	acd69af2e94680e1503ac12c73f00ac5	https://api.data.igvf.org/matrix-files/IGVFFI0359OJBS/@@download/IGVFFI0359OJBS.h5	s3://igvf-public/2026/01/26/4230b33f-4009-4e26-85ff-7856711fa4a7/IGVFFI0359OJBS.h5
IGVFFI5590OHAU	processed	IGVFDS2992KDOL	C29;C37;C38;C39	0;1;5;7	fragments	tsv	2393674677	f2d59efca0c02997dd41077c5c859d8c	https://api.data.igvf.org/tabular-files/IGVFFI5590OHAU/@@download/IGVFFI5590OHAU.tsv.gz	s3://igvf-public/2026/01/26/62322efe-f90e-487c-b7e1-2c2c7f2c0a23/IGVFFI5590OHAU.tsv.gz
IGVFFI6071PGDX	processed	IGVFDS2992KDOL	C29;C37;C38;C39	0;1;5;7	index	tbi	1146105	6cfbd5cd63c22a353aa4b7a31918c58f	https://api.data.igvf.org/index-files/IGVFFI6071PGDX/@@download/IGVFFI6071PGDX.tbi	s3://igvf-public/2026/01/26/8a36bb3f-4c2c-4c0f-a732-3d5df25ebbb7/IGVFFI6071PGDX.tbi
IGVFFI8737OIOU	processed	IGVFDS2992KDOL	C29;C37;C38;C39	0;1;5;7	peaks	bed	1857142	ed8376204aab0b47e6b2493652f52e58	https://api.data.igvf.org/tabular-files/IGVFFI8737OIOU/@@download/IGVFFI8737OIOU.bed.gz	s3://igvf-public/2026/01/28/4476c7ab-6a16-41fe-b49e-3171ead01e3c/IGVFFI8737OIOU.bed.gz
IGVFFI8326PQBG	processed	IGVFDS2992KDOL	C29;C37;C38;C39	0;1;5;7	per-barcode quality report	tsv	17368588	98b538e4baf491b2cffd96e7a0191e49	https://api.data.igvf.org/tabular-files/IGVFFI8326PQBG/@@download/IGVFFI8326PQBG.tsv.gz	s3://igvf-public/2026/07/30/4942ec5b-d195-4e8a-89c2-30672b069044/IGVFFI8326PQBG.tsv.gz
IGVFFI4355FPFQ	processed	IGVFDS5463QTZA	C29;C37;C38;C39	12;14;16;18	alignments	bam	60563352046	de17c56cb22f77c51b59de6dc15f2f13	https://api.data.igvf.org/alignment-files/IGVFFI4355FPFQ/@@download/IGVFFI4355FPFQ.bam	s3://igvf-public/2026/01/27/e8ef1c9b-b49d-4057-9838-4392c14d427c/IGVFFI4355FPFQ.bam
IGVFFI4829DIXR	processed	IGVFDS5463QTZA	C29;C37;C38;C39	12;14;16;18	alignments	bam	22123695900	a65295cea750301892c8362df7b5889e	https://api.data.igvf.org/alignment-files/IGVFFI4829DIXR/@@download/IGVFFI4829DIXR.bam	s3://igvf-public/2026/01/27/87296722-76f2-4143-82ca-a8ca8719cf59/IGVFFI4829DIXR.bam
IGVFFI0972SYQC	processed	IGVFDS5463QTZA	C29;C37;C38;C39	12;14;16;18	barcode to donor mapping	tsv	6101090	a94bffce535323b068e8470b3e6f6bbd	https://api.data.igvf.org/tabular-files/IGVFFI0972SYQC/@@download/IGVFFI0972SYQC.tsv.gz	s3://igvf-public/2026/01/26/21a5bfab-3ac4-4f71-9e4c-ea79365ab768/IGVFFI0972SYQC.tsv.gz
IGVFFI1508DLWX	processed	IGVFDS5463QTZA	C29;C37;C38;C39	12;14;16;18	cell by gene matrix	hdf5	282014585	bc7785955877a4ba1da14e600ebc6e81	https://api.data.igvf.org/matrix-files/IGVFFI1508DLWX/@@download/IGVFFI1508DLWX.h5	s3://igvf-public/2026/01/26/2208705a-4435-43c8-af2f-17046381dfe6/IGVFFI1508DLWX.h5
IGVFFI1921GGKB	processed	IGVFDS5463QTZA	C29;C37;C38;C39	12;14;16;18	fragments	tsv	3551199629	169dcfee0c733f92b54c922283ccd6da	https://api.data.igvf.org/tabular-files/IGVFFI1921GGKB/@@download/IGVFFI1921GGKB.tsv.gz	s3://igvf-public/2026/01/26/229f9858-39cd-4769-b932-49b27b6ec81a/IGVFFI1921GGKB.tsv.gz
IGVFFI2628CGTN	processed	IGVFDS5463QTZA	C29;C37;C38;C39	12;14;16;18	index	tbi	1429390	9e7c7c625d92fac8993fd3bbc769ad4d	https://api.data.igvf.org/index-files/IGVFFI2628CGTN/@@download/IGVFFI2628CGTN.tbi	s3://igvf-public/2026/01/26/e91cb68a-33cb-4709-9dee-a001202a06c8/IGVFFI2628CGTN.tbi
IGVFFI9779EEPK	processed	IGVFDS5463QTZA	C29;C37;C38;C39	12;14;16;18	peaks	bed	1976980	d44cb048a4eb01798ea3755cd38e666f	https://api.data.igvf.org/tabular-files/IGVFFI9779EEPK/@@download/IGVFFI9779EEPK.bed.gz	s3://igvf-public/2026/01/28/ad3db37b-a32c-437e-8ba4-16c08f6fdcc4/IGVFFI9779EEPK.bed.gz
IGVFFI2347RKVG	processed	IGVFDS5463QTZA	C29;C37;C38;C39	12;14;16;18	per-barcode quality report	tsv	19360711	b648d6c4f6d981e70e510feb5a1139bc	https://api.data.igvf.org/tabular-files/IGVFFI2347RKVG/@@download/IGVFFI2347RKVG.tsv.gz	s3://igvf-public/2026/07/30/1d0c7a74-563c-4e41-a69f-1d2ceb8fb5bd/IGVFFI2347RKVG.tsv.gz
IGVFFI1526YNQD	processed	IGVFDS6719YSZA	C29;C37;C38;C39	1;3;5;7	alignments	bam	19034134203	ad76012a4e27f4e833d11188b32d686e	https://api.data.igvf.org/alignment-files/IGVFFI1526YNQD/@@download/IGVFFI1526YNQD.bam	s3://igvf-public/2026/01/27/b9fb459e-566d-4ed0-8e02-902d533c95e8/IGVFFI1526YNQD.bam
IGVFFI6521QALK	processed	IGVFDS6719YSZA	C29;C37;C38;C39	1;3;5;7	alignments	bam	61420018537	71e6d778abec0919eb8d861a24dfdd64	https://api.data.igvf.org/alignment-files/IGVFFI6521QALK/@@download/IGVFFI6521QALK.bam	s3://igvf-public/2026/01/27/a456212c-2261-4d92-8d2c-9c31ad053e5f/IGVFFI6521QALK.bam
IGVFFI4667OSGQ	processed	IGVFDS6719YSZA	C29;C37;C38;C39	1;3;5;7	barcode to donor mapping	tsv	5001094	e6fa306acf0a3ec0dde232c0f33ef60b	https://api.data.igvf.org/tabular-files/IGVFFI4667OSGQ/@@download/IGVFFI4667OSGQ.tsv.gz	s3://igvf-public/2026/01/26/a45cc11e-4335-4475-8243-2eea47b4a3e6/IGVFFI4667OSGQ.tsv.gz
IGVFFI5604DILS	processed	IGVFDS6719YSZA	C29;C37;C38;C39	1;3;5;7	cell by gene matrix	hdf5	216646854	5158c426e52851d3e68a25a171737046	https://api.data.igvf.org/matrix-files/IGVFFI5604DILS/@@download/IGVFFI5604DILS.h5	s3://igvf-public/2026/01/26/a8ed221f-3580-4e33-b4cf-ce197a722d05/IGVFFI5604DILS.h5
IGVFFI1568WNVG	processed	IGVFDS6719YSZA	C29;C37;C38;C39	1;3;5;7	fragments	tsv	3314249065	a3075131b354d9e1d820d519974f3a7b	https://api.data.igvf.org/tabular-files/IGVFFI1568WNVG/@@download/IGVFFI1568WNVG.tsv.gz	s3://igvf-public/2026/01/26/8c6395e3-9369-4412-963e-7e9d17134243/IGVFFI1568WNVG.tsv.gz
IGVFFI1510BVBZ	processed	IGVFDS6719YSZA	C29;C37;C38;C39	1;3;5;7	index	tbi	1348697	5c6806b52145c8aa111202d49b1bd140	https://api.data.igvf.org/index-files/IGVFFI1510BVBZ/@@download/IGVFFI1510BVBZ.tbi	s3://igvf-public/2026/01/26/014a948a-c7ed-4006-89de-85f0df6f6b0c/IGVFFI1510BVBZ.tbi
IGVFFI5874RBLT	processed	IGVFDS6719YSZA	C29;C37;C38;C39	1;3;5;7	peaks	bed	2093470	d6aac5f7f1181e3eadb7aa78c66b68b3	https://api.data.igvf.org/tabular-files/IGVFFI5874RBLT/@@download/IGVFFI5874RBLT.bed.gz	s3://igvf-public/2026/01/28/803db719-9961-47f1-b79b-99a533cb13b2/IGVFFI5874RBLT.bed.gz
IGVFFI2669RFAV	processed	IGVFDS6719YSZA	C29;C37;C38;C39	1;3;5;7	per-barcode quality report	tsv	19278128	82c5a5930d22960f25e004767d487fd9	https://api.data.igvf.org/tabular-files/IGVFFI2669RFAV/@@download/IGVFFI2669RFAV.tsv.gz	s3://igvf-public/2026/07/30/ebf91200-1b48-4b15-b263-becfacbca3b2/IGVFFI2669RFAV.tsv.gz
IGVFFI2945HWRQ	processed	IGVFDS6656MSZZ	C29;C37;C38;C39	0;3;5;7	alignments	bam	19665800611	560b7035257a4eca1c191e3df63bb238	https://api.data.igvf.org/alignment-files/IGVFFI2945HWRQ/@@download/IGVFFI2945HWRQ.bam	s3://igvf-public/2026/01/27/521aabb3-e3c7-42ff-a6d8-afe7c4574bac/IGVFFI2945HWRQ.bam
IGVFFI5779NUIM	processed	IGVFDS6656MSZZ	C29;C37;C38;C39	0;3;5;7	alignments	bam	58283087292	377a1c19c9cd25e0fa045a1209cb445b	https://api.data.igvf.org/alignment-files/IGVFFI5779NUIM/@@download/IGVFFI5779NUIM.bam	s3://igvf-public/2026/01/27/c7a555d5-8edf-411d-b0a6-244a26c306ec/IGVFFI5779NUIM.bam
IGVFFI3290ESBH	processed	IGVFDS6656MSZZ	C29;C37;C38;C39	0;3;5;7	barcode to donor mapping	tsv	4079123	c7efaab35e192ee4fc947b36a9b4ecb4	https://api.data.igvf.org/tabular-files/IGVFFI3290ESBH/@@download/IGVFFI3290ESBH.tsv.gz	s3://igvf-public/2026/01/26/7995e7a7-43c9-4a52-91c6-fe95293efc3d/IGVFFI3290ESBH.tsv.gz
IGVFFI1419TWCL	processed	IGVFDS6656MSZZ	C29;C37;C38;C39	0;3;5;7	cell by gene matrix	hdf5	161856600	401d887bd9569f5c72e43371158a7158	https://api.data.igvf.org/matrix-files/IGVFFI1419TWCL/@@download/IGVFFI1419TWCL.h5	s3://igvf-public/2026/01/26/48e5b889-e178-4bd8-97ab-9511c1180068/IGVFFI1419TWCL.h5
IGVFFI9356DSQM	processed	IGVFDS6656MSZZ	C29;C37;C38;C39	0;3;5;7	fragments	tsv	2940954013	a00b03e51dd3f4f46006a1d628d9accd	https://api.data.igvf.org/tabular-files/IGVFFI9356DSQM/@@download/IGVFFI9356DSQM.tsv.gz	s3://igvf-public/2026/01/26/7c9c1507-8b17-4b41-97e7-1afbaed4f364/IGVFFI9356DSQM.tsv.gz
IGVFFI7840ZELH	processed	IGVFDS6656MSZZ	C29;C37;C38;C39	0;3;5;7	index	tbi	1287120	abd3f0c25e1668f2514cb3b02eb62d01	https://api.data.igvf.org/index-files/IGVFFI7840ZELH/@@download/IGVFFI7840ZELH.tbi	s3://igvf-public/2026/01/26/42464645-e120-4d07-bd78-1e6168087ada/IGVFFI7840ZELH.tbi
IGVFFI3907XPFB	processed	IGVFDS6656MSZZ	C29;C37;C38;C39	0;3;5;7	peaks	bed	1719990	318873a4b2253d26f85081bb04c5f42d	https://api.data.igvf.org/tabular-files/IGVFFI3907XPFB/@@download/IGVFFI3907XPFB.bed.gz	s3://igvf-public/2026/01/28/0cc8f775-ebfd-4713-a5c8-813e41f28cdc/IGVFFI3907XPFB.bed.gz
IGVFFI3900NCAN	processed	IGVFDS6656MSZZ	C29;C37;C38;C39	0;3;5;7	per-barcode quality report	tsv	18364940	267be8294e994546f66611d0846e4ab8	https://api.data.igvf.org/tabular-files/IGVFFI3900NCAN/@@download/IGVFFI3900NCAN.tsv.gz	s3://igvf-public/2026/07/30/aad13fc7-900a-40ee-9ab7-f864819590c5/IGVFFI3900NCAN.tsv.gz
IGVFFI1913OGRD	processed	IGVFDS3077GQOG	C29;C37;C38;C39	9;12;14;16	alignments	bam	55773915845	49a54c4d476be2dec6925e831ff7600f	https://api.data.igvf.org/alignment-files/IGVFFI1913OGRD/@@download/IGVFFI1913OGRD.bam	s3://igvf-public/2026/01/27/c861c4a5-565f-46b0-9906-1f1ae6880c5b/IGVFFI1913OGRD.bam
IGVFFI4466GTTO	processed	IGVFDS3077GQOG	C29;C37;C38;C39	9;12;14;16	alignments	bam	18795928281	06dffbc58f6a3c1a35211e99bb604a76	https://api.data.igvf.org/alignment-files/IGVFFI4466GTTO/@@download/IGVFFI4466GTTO.bam	s3://igvf-public/2026/01/27/78651a94-7856-4b1d-9392-f74db75c881b/IGVFFI4466GTTO.bam
IGVFFI1720ZXZY	processed	IGVFDS3077GQOG	C29;C37;C38;C39	9;12;14;16	barcode to donor mapping	tsv	4744270	59fd0fa9287a077f1b07b21d2f101671	https://api.data.igvf.org/tabular-files/IGVFFI1720ZXZY/@@download/IGVFFI1720ZXZY.tsv.gz	s3://igvf-public/2026/01/26/a44f456f-ddc2-4136-8968-65e7728f7809/IGVFFI1720ZXZY.tsv.gz
IGVFFI7012BOYR	processed	IGVFDS3077GQOG	C29;C37;C38;C39	9;12;14;16	cell by gene matrix	hdf5	204723404	5d3e1f2806bd96ef5429e395ff229836	https://api.data.igvf.org/matrix-files/IGVFFI7012BOYR/@@download/IGVFFI7012BOYR.h5	s3://igvf-public/2026/01/26/57a35e95-0e9b-4aa0-a68b-b3d566d64a43/IGVFFI7012BOYR.h5
IGVFFI9756XLRZ	processed	IGVFDS3077GQOG	C29;C37;C38;C39	9;12;14;16	fragments	tsv	3046160541	2ce8eaf3fe7974285fa6dee03ff2c0a6	https://api.data.igvf.org/tabular-files/IGVFFI9756XLRZ/@@download/IGVFFI9756XLRZ.tsv.gz	s3://igvf-public/2026/01/26/b8aa0e09-c3b5-4114-b46f-f6b869d6478f/IGVFFI9756XLRZ.tsv.gz
IGVFFI0128OBDU	processed	IGVFDS3077GQOG	C29;C37;C38;C39	9;12;14;16	index	tbi	1340750	56abba738be12d5ad658d35becf4de68	https://api.data.igvf.org/index-files/IGVFFI0128OBDU/@@download/IGVFFI0128OBDU.tbi	s3://igvf-public/2026/01/26/8d6849c5-2c35-4537-a357-55c8e2ebe4ad/IGVFFI0128OBDU.tbi
IGVFFI1310MOGT	processed	IGVFDS3077GQOG	C29;C37;C38;C39	9;12;14;16	peaks	bed	1878021	23345479427a07f978dc41905b9dfa66	https://api.data.igvf.org/tabular-files/IGVFFI1310MOGT/@@download/IGVFFI1310MOGT.bed.gz	s3://igvf-public/2026/01/28/8da46ac8-6c52-40f6-b2b8-7a50f6d99e5d/IGVFFI1310MOGT.bed.gz
IGVFFI2675SUBS	processed	IGVFDS3077GQOG	C29;C37;C38;C39	9;12;14;16	per-barcode quality report	tsv	18592858	12d23f38c4c6d2529feaa52b2a3d48c4	https://api.data.igvf.org/tabular-files/IGVFFI2675SUBS/@@download/IGVFFI2675SUBS.tsv.gz	s3://igvf-public/2026/07/30/68bb62e3-77e7-4675-a73b-12ef01f4e17f/IGVFFI2675SUBS.tsv.gz
IGVFFI4042CISX	processed	IGVFDS7261GSJZ	C29;C37;C38;C39	9;12;16;18	alignments	bam	76601507281	9480030c1107ad9c6b4a6267ca2c07d4	https://api.data.igvf.org/alignment-files/IGVFFI4042CISX/@@download/IGVFFI4042CISX.bam	s3://igvf-public/2026/01/27/8b28e92e-d1e0-404a-8904-4c893cba847d/IGVFFI4042CISX.bam
IGVFFI4889PNIK	processed	IGVFDS7261GSJZ	C29;C37;C38;C39	9;12;16;18	alignments	bam	16921438692	7f3a19d89e81978753c89fc491b69fa3	https://api.data.igvf.org/alignment-files/IGVFFI4889PNIK/@@download/IGVFFI4889PNIK.bam	s3://igvf-public/2026/01/27/11b110ca-bd9e-4b7e-baf8-b0125c8317c0/IGVFFI4889PNIK.bam
IGVFFI9548BLMC	processed	IGVFDS7261GSJZ	C29;C37;C38;C39	9;12;16;18	barcode to donor mapping	tsv	5248024	0729c8d88c086e82a1b9b80fcc4c8f5f	https://api.data.igvf.org/tabular-files/IGVFFI9548BLMC/@@download/IGVFFI9548BLMC.tsv.gz	s3://igvf-public/2026/01/26/906faa6d-7e64-44f7-a6cc-75d102106bbb/IGVFFI9548BLMC.tsv.gz
IGVFFI6129FBSZ	processed	IGVFDS7261GSJZ	C29;C37;C38;C39	9;12;16;18	cell by gene matrix	hdf5	264188420	e678d6b7d7d3696065407ffc1b66487e	https://api.data.igvf.org/matrix-files/IGVFFI6129FBSZ/@@download/IGVFFI6129FBSZ.h5	s3://igvf-public/2026/01/26/b7e9f131-dd7e-4389-846c-66db87410b31/IGVFFI6129FBSZ.h5
IGVFFI9368EZAC	processed	IGVFDS7261GSJZ	C29;C37;C38;C39	9;12;16;18	fragments	tsv	3987561754	743a0ee5990eb2a996e195c6964f6dfa	https://api.data.igvf.org/tabular-files/IGVFFI9368EZAC/@@download/IGVFFI9368EZAC.tsv.gz	s3://igvf-public/2026/01/26/ca48c2bf-5d82-4dbd-9434-64faee27798a/IGVFFI9368EZAC.tsv.gz
IGVFFI1661VSUT	processed	IGVFDS7261GSJZ	C29;C37;C38;C39	9;12;16;18	index	tbi	1518112	8263e871e3f1f74c75b2a378a7c875bb	https://api.data.igvf.org/index-files/IGVFFI1661VSUT/@@download/IGVFFI1661VSUT.tbi	s3://igvf-public/2026/01/26/3b999082-3788-4677-9023-b623211dab94/IGVFFI1661VSUT.tbi
IGVFFI3336QLJR	processed	IGVFDS7261GSJZ	C29;C37;C38;C39	9;12;16;18	peaks	bed	1925844	2b43d77aca630e9322fb55bb7221dd19	https://api.data.igvf.org/tabular-files/IGVFFI3336QLJR/@@download/IGVFFI3336QLJR.bed.gz	s3://igvf-public/2026/01/28/5aa73ff3-4d61-4540-8bfb-9a0a3c888efa/IGVFFI3336QLJR.bed.gz
IGVFFI1156XHGH	processed	IGVFDS7261GSJZ	C29;C37;C38;C39	9;12;16;18	per-barcode quality report	tsv	19932741	9792090751f5be1832398a7e82fbe6d7	https://api.data.igvf.org/tabular-files/IGVFFI1156XHGH/@@download/IGVFFI1156XHGH.tsv.gz	s3://igvf-public/2026/07/30/497f6a77-5642-4398-a4fe-8a3137f0476d/IGVFFI1156XHGH.tsv.gz
IGVFFI0383WJBH	processed	IGVFDS3826NTFN	C29;C37;C38;C39	0;1;3;5	alignments	bam	45960161700	af727c5475bcb0138a39521407251036	https://api.data.igvf.org/alignment-files/IGVFFI0383WJBH/@@download/IGVFFI0383WJBH.bam	s3://igvf-public/2026/01/27/7e897cce-4109-444f-950d-cc84c302c5fc/IGVFFI0383WJBH.bam
IGVFFI0675RAAR	processed	IGVFDS3826NTFN	C29;C37;C38;C39	0;1;3;5	alignments	bam	17639769154	0683a897b29f8846d8322115c86bc32f	https://api.data.igvf.org/alignment-files/IGVFFI0675RAAR/@@download/IGVFFI0675RAAR.bam	s3://igvf-public/2026/01/27/ed8ddb24-cf59-4da5-a56e-3f152ce6ba28/IGVFFI0675RAAR.bam
IGVFFI7418KCNG	processed	IGVFDS3826NTFN	C29;C37;C38;C39	0;1;3;5	barcode to donor mapping	tsv	4391594	8a287d9ffb979b5936da8a141e62c0fd	https://api.data.igvf.org/tabular-files/IGVFFI7418KCNG/@@download/IGVFFI7418KCNG.tsv.gz	s3://igvf-public/2026/01/26/d479b9f4-cf06-4c86-8cd5-adfcf68deee6/IGVFFI7418KCNG.tsv.gz
IGVFFI1070FZMJ	processed	IGVFDS3826NTFN	C29;C37;C38;C39	0;1;3;5	cell by gene matrix	hdf5	150160917	fe02d49dc3b923c29aa15002f51502b8	https://api.data.igvf.org/matrix-files/IGVFFI1070FZMJ/@@download/IGVFFI1070FZMJ.h5	s3://igvf-public/2026/01/26/dd777f32-be7f-4ced-8f30-d11f081d9f00/IGVFFI1070FZMJ.h5
IGVFFI6034ZGDK	processed	IGVFDS3826NTFN	C29;C37;C38;C39	0;1;3;5	fragments	tsv	2316549896	df5aaae573da3b23bd36e7356c2471a8	https://api.data.igvf.org/tabular-files/IGVFFI6034ZGDK/@@download/IGVFFI6034ZGDK.tsv.gz	s3://igvf-public/2026/01/26/3b06aa97-04eb-490d-b067-e7fc368ec939/IGVFFI6034ZGDK.tsv.gz
IGVFFI0823QUMP	processed	IGVFDS3826NTFN	C29;C37;C38;C39	0;1;3;5	index	tbi	1140315	ae39a64e80119ff2f900a4a00c324cbc	https://api.data.igvf.org/index-files/IGVFFI0823QUMP/@@download/IGVFFI0823QUMP.tbi	s3://igvf-public/2026/01/26/8778d2cd-1157-434f-aba7-0cfe69d9cf7b/IGVFFI0823QUMP.tbi
IGVFFI4565LDVA	processed	IGVFDS3826NTFN	C29;C37;C38;C39	0;1;3;5	peaks	bed	1943920	ad479dd345b1d4204edb166e3e0c6aed	https://api.data.igvf.org/tabular-files/IGVFFI4565LDVA/@@download/IGVFFI4565LDVA.bed.gz	s3://igvf-public/2026/01/28/462e76a3-09cf-4abf-ac52-f23c091390d3/IGVFFI4565LDVA.bed.gz
IGVFFI1825NWMT	processed	IGVFDS3826NTFN	C29;C37;C38;C39	0;1;3;5	per-barcode quality report	tsv	19214368	d48a40075219be9c53cca6ac18d28839	https://api.data.igvf.org/tabular-files/IGVFFI1825NWMT/@@download/IGVFFI1825NWMT.tsv.gz	s3://igvf-public/2026/07/30/51ba3381-d315-4f2d-8b72-baea5a9d099f/IGVFFI1825NWMT.tsv.gz
IGVFFI4971OEVC	processed	IGVFDS3278JRYW	C29;C37;C38;C39	0;1;3;7	alignments	bam	21821927950	b7e4da5cf9e79f6d7fb6ff05f0f00702	https://api.data.igvf.org/alignment-files/IGVFFI4971OEVC/@@download/IGVFFI4971OEVC.bam	s3://igvf-public/2026/01/27/5158e040-c9b2-4bf1-96f4-a7aaa77216be/IGVFFI4971OEVC.bam
IGVFFI6899LQVM	processed	IGVFDS3278JRYW	C29;C37;C38;C39	0;1;3;7	alignments	bam	57007906492	202fd371f27c04922deaa0347a387175	https://api.data.igvf.org/alignment-files/IGVFFI6899LQVM/@@download/IGVFFI6899LQVM.bam	s3://igvf-public/2026/01/27/4eb42c51-9bf0-4421-a752-e7aa7e6d58f9/IGVFFI6899LQVM.bam
IGVFFI5113SBXN	processed	IGVFDS3278JRYW	C29;C37;C38;C39	0;1;3;7	barcode to donor mapping	tsv	4504645	d01b9fab4cf9e1541ccb840664b73a2a	https://api.data.igvf.org/tabular-files/IGVFFI5113SBXN/@@download/IGVFFI5113SBXN.tsv.gz	s3://igvf-public/2026/01/26/b1c33249-d0f0-43d9-942b-af9da131c073/IGVFFI5113SBXN.tsv.gz
IGVFFI3302KXZS	processed	IGVFDS3278JRYW	C29;C37;C38;C39	0;1;3;7	cell by gene matrix	hdf5	232230423	0bda70871c3337399cb3559173d52584	https://api.data.igvf.org/matrix-files/IGVFFI3302KXZS/@@download/IGVFFI3302KXZS.h5	s3://igvf-public/2026/01/26/eb53717b-bb68-4f2b-b2d9-7f6792163597/IGVFFI3302KXZS.h5
IGVFFI9697NHEW	processed	IGVFDS3278JRYW	C29;C37;C38;C39	0;1;3;7	fragments	tsv	3105349825	967afa583ac115cc2fb9a75073f4ea4c	https://api.data.igvf.org/tabular-files/IGVFFI9697NHEW/@@download/IGVFFI9697NHEW.tsv.gz	s3://igvf-public/2026/01/26/b02cb66c-e298-466d-99b8-6d7be4d33e87/IGVFFI9697NHEW.tsv.gz
IGVFFI4209ADAF	processed	IGVFDS3278JRYW	C29;C37;C38;C39	0;1;3;7	index	tbi	1299520	44ed49781fd4319938e474ae62227704	https://api.data.igvf.org/index-files/IGVFFI4209ADAF/@@download/IGVFFI4209ADAF.tbi	s3://igvf-public/2026/01/26/8d7a090c-aa58-434d-a097-973649e05b79/IGVFFI4209ADAF.tbi
IGVFFI2157XILF	processed	IGVFDS3278JRYW	C29;C37;C38;C39	0;1;3;7	peaks	bed	2311023	e1d92cd847ec18fba70e749046740cee	https://api.data.igvf.org/tabular-files/IGVFFI2157XILF/@@download/IGVFFI2157XILF.bed.gz	s3://igvf-public/2026/01/28/0edfd17e-5489-4780-a648-77011fcde3a3/IGVFFI2157XILF.bed.gz
IGVFFI3624ZIGI	processed	IGVFDS3278JRYW	C29;C37;C38;C39	0;1;3;7	per-barcode quality report	tsv	19920135	d341f0c0f215900b7d2a2c39a6440716	https://api.data.igvf.org/tabular-files/IGVFFI3624ZIGI/@@download/IGVFFI3624ZIGI.tsv.gz	s3://igvf-public/2026/07/30/551938a8-7cdf-4d44-aba0-621f54b1e41a/IGVFFI3624ZIGI.tsv.gz
IGVFFI0067IVWD	raw	IGVFDS2539NGEA	C29;C37;C38;C39	9;14;16;18	reads	fastq	17709797980	3eeea9282a296bc4ca07d0c8fe8762b1	https://api.data.igvf.org/sequence-files/IGVFFI0067IVWD/@@download/IGVFFI0067IVWD.fastq.gz	s3://igvf-public/2025/02/05/680a7c4e-53b9-495c-8f1a-be20fda31b6e/IGVFFI0067IVWD.fastq.gz
IGVFFI1992AHQP	raw	IGVFDS2539NGEA	C29;C37;C38;C39	9;14;16;18	reads	fastq	14311585754	c847319f9fe470e4e2aef0f8a431cfbb	https://api.data.igvf.org/sequence-files/IGVFFI1992AHQP/@@download/IGVFFI1992AHQP.fastq.gz	s3://igvf-public/2025/02/05/925d2d2f-a0d0-4e35-af52-d212cc109256/IGVFFI1992AHQP.fastq.gz
IGVFFI1905WKWE	raw	IGVFDS2539NGEA	C29;C37;C38;C39	9;14;16;18	seqspec	yaml	1401	33252b6b556149b339419e0cffb800b4	https://api.data.igvf.org/configuration-files/IGVFFI1905WKWE/@@download/IGVFFI1905WKWE.yaml.gz	s3://igvf-public/2025/02/09/172b40c4-0a3f-41d5-8627-ed814becf9db/IGVFFI1905WKWE.yaml.gz
IGVFFI9510ITUK	raw	IGVFDS2539NGEA	C29;C37;C38;C39	9;14;16;18	seqspec	yaml	1243	9062d30d256a84f5012047984ac848b2	https://api.data.igvf.org/configuration-files/IGVFFI9510ITUK/@@download/IGVFFI9510ITUK.yaml.gz	s3://igvf-public/2025/09/15/4ce39220-6655-4fdf-a139-e8bd2423d8ca/IGVFFI9510ITUK.yaml.gz
IGVFFI0361ZWBQ	raw	IGVFDS1708HBUM	C29;C37;C38;C39	9;14;16;18	reads	fastq	15601156887	670826ab290bb5aa3dcdf077a3be74c2	https://api.data.igvf.org/sequence-files/IGVFFI0361ZWBQ/@@download/IGVFFI0361ZWBQ.fastq.gz	s3://igvf-public/2025/02/05/25b9fa99-c449-4aea-9dcd-5b67beffdfb1/IGVFFI0361ZWBQ.fastq.gz
IGVFFI0654BEJI	raw	IGVFDS1708HBUM	C29;C37;C38;C39	9;14;16;18	reads	fastq	2052107483	40b0300f0450fc0354819c969ea0fde1	https://api.data.igvf.org/sequence-files/IGVFFI0654BEJI/@@download/IGVFFI0654BEJI.fastq.gz	s3://igvf-public/2025/02/05/3581ead6-3136-4734-9846-42822c789ef6/IGVFFI0654BEJI.fastq.gz
IGVFFI0696RGWL	raw	IGVFDS1708HBUM	C29;C37;C38;C39	9;14;16;18	reads	fastq	2107902704	244bb560239d48e7a6f5d8a047dbc63e	https://api.data.igvf.org/sequence-files/IGVFFI0696RGWL/@@download/IGVFFI0696RGWL.fastq.gz	s3://igvf-public/2025/02/05/9e13206b-7d35-48eb-868f-406e6d1183fe/IGVFFI0696RGWL.fastq.gz
IGVFFI2031DLHA	raw	IGVFDS1708HBUM	C29;C37;C38;C39	9;14;16;18	reads	fastq	4986376493	22fab50aca16ce86b7ef99c75fc46ebf	https://api.data.igvf.org/sequence-files/IGVFFI2031DLHA/@@download/IGVFFI2031DLHA.fastq.gz	s3://igvf-public/2025/02/05/6086cf4c-0725-4162-9609-3aca1140079f/IGVFFI2031DLHA.fastq.gz
IGVFFI5450UZGC	raw	IGVFDS1708HBUM	C29;C37;C38;C39	9;14;16;18	reads	fastq	15516230066	88aa5aba90ec166ccaf5d6a6fa0a4bfe	https://api.data.igvf.org/sequence-files/IGVFFI5450UZGC/@@download/IGVFFI5450UZGC.fastq.gz	s3://igvf-public/2025/02/05/3a011998-31e4-4d43-a946-355cc9a14d75/IGVFFI5450UZGC.fastq.gz
IGVFFI5550KYFE	raw	IGVFDS1708HBUM	C29;C37;C38;C39	9;14;16;18	reads	fastq	15032500217	445ab1ac4cbf21c919cecd75d6cce2df	https://api.data.igvf.org/sequence-files/IGVFFI5550KYFE/@@download/IGVFFI5550KYFE.fastq.gz	s3://igvf-public/2025/02/05/88baa8ee-91a9-49e5-a7a6-29d42413111b/IGVFFI5550KYFE.fastq.gz
IGVFFI6810QMCJ	raw	IGVFDS1708HBUM	C29;C37;C38;C39	9;14;16;18	reads	fastq	16045090640	45d4acf1559a03c1f847d45c7aae8f2a	https://api.data.igvf.org/sequence-files/IGVFFI6810QMCJ/@@download/IGVFFI6810QMCJ.fastq.gz	s3://igvf-public/2025/02/05/b01b8fb9-dcaa-42c1-b12a-d4ea67e75ae3/IGVFFI6810QMCJ.fastq.gz
IGVFFI8146IVMO	raw	IGVFDS1708HBUM	C29;C37;C38;C39	9;14;16;18	reads	fastq	4842083908	db2cef290bb193a5b137d7db601d5f9f	https://api.data.igvf.org/sequence-files/IGVFFI8146IVMO/@@download/IGVFFI8146IVMO.fastq.gz	s3://igvf-public/2025/02/05/105d48ad-65cc-48b3-b45a-14132a3dc9ed/IGVFFI8146IVMO.fastq.gz
IGVFFI0694QHEW	raw	IGVFDS1708HBUM	C29;C37;C38;C39	9;14;16;18	seqspec	yaml	1310	8674d3cfff6a2fbdc7b8abd4d126ad1c	https://api.data.igvf.org/configuration-files/IGVFFI0694QHEW/@@download/IGVFFI0694QHEW.yaml.gz	s3://igvf-public/2025/09/15/8fdad394-9889-47bb-8595-f816744367d5/IGVFFI0694QHEW.yaml.gz
IGVFFI3851HVNG	raw	IGVFDS1708HBUM	C29;C37;C38;C39	9;14;16;18	seqspec	yaml	1395	963931e1bb908729b7ac941faee231aa	https://api.data.igvf.org/configuration-files/IGVFFI3851HVNG/@@download/IGVFFI3851HVNG.yaml.gz	s3://igvf-public/2026/02/04/b4620742-31d8-4618-938d-abae27c62345/IGVFFI3851HVNG.yaml.gz
IGVFFI6921SZCR	raw	IGVFDS1708HBUM	C29;C37;C38;C39	9;14;16;18	seqspec	yaml	1296	ec922f1c4b5233e4f271612fe9a6a5d4	https://api.data.igvf.org/configuration-files/IGVFFI6921SZCR/@@download/IGVFFI6921SZCR.yaml.gz	s3://igvf-public/2025/03/19/7ee20abb-e92d-4c4f-aba8-a9bc54bad119/IGVFFI6921SZCR.yaml.gz
IGVFFI8562QGQB	raw	IGVFDS1708HBUM	C29;C37;C38;C39	9;14;16;18	seqspec	yaml	1293	72280be9420b3decf2dcdb5e5feebcfb	https://api.data.igvf.org/configuration-files/IGVFFI8562QGQB/@@download/IGVFFI8562QGQB.yaml.gz	s3://igvf-public/2025/03/19/71ebe255-735b-42f5-a51d-017240b7ad90/IGVFFI8562QGQB.yaml.gz
IGVFFI8891ZXZQ	raw	IGVFDS1708HBUM	C29;C37;C38;C39	9;14;16;18	seqspec	yaml	1393	c96c214da8155666e0ab73e1244b8c96	https://api.data.igvf.org/configuration-files/IGVFFI8891ZXZQ/@@download/IGVFFI8891ZXZQ.yaml.gz	s3://igvf-public/2026/02/04/f91a9117-ba60-4455-b439-093ff097b99c/IGVFFI8891ZXZQ.yaml.gz
IGVFFI4406NYDE	raw	IGVFDS9374IPYD	C29;C37;C38;C39	9;12;14;18	reads	fastq	14919402560	bb957b092b20544bd3e7d7b7c6e80963	https://api.data.igvf.org/sequence-files/IGVFFI4406NYDE/@@download/IGVFFI4406NYDE.fastq.gz	s3://igvf-public/2025/02/05/66f14cee-c8e3-49b5-8c01-d7b5aec5de45/IGVFFI4406NYDE.fastq.gz
IGVFFI6075HKEZ	raw	IGVFDS9374IPYD	C29;C37;C38;C39	9;12;14;18	reads	fastq	18354614897	a86d70d14273d896b4424606aabe12ee	https://api.data.igvf.org/sequence-files/IGVFFI6075HKEZ/@@download/IGVFFI6075HKEZ.fastq.gz	s3://igvf-public/2025/02/05/834a379c-d033-4f52-8441-f042130f6056/IGVFFI6075HKEZ.fastq.gz
IGVFFI2070YRDB	raw	IGVFDS9374IPYD	C29;C37;C38;C39	9;12;14;18	seqspec	yaml	1404	28a4f64e8024ddc459e30ea83755124b	https://api.data.igvf.org/configuration-files/IGVFFI2070YRDB/@@download/IGVFFI2070YRDB.yaml.gz	s3://igvf-public/2025/02/09/99050986-d9a2-48aa-90e4-23a7ac708dea/IGVFFI2070YRDB.yaml.gz
IGVFFI2881SDTF	raw	IGVFDS9374IPYD	C29;C37;C38;C39	9;12;14;18	seqspec	yaml	1245	d5a2f4404005576b7ef8ef3ccd7070d3	https://api.data.igvf.org/configuration-files/IGVFFI2881SDTF/@@download/IGVFFI2881SDTF.yaml.gz	s3://igvf-public/2025/09/15/5974b82d-cba0-4c59-8234-f6dba3e4f52a/IGVFFI2881SDTF.yaml.gz
IGVFFI0942KGEP	raw	IGVFDS4275VNMS	C29;C37;C38;C39	9;12;14;18	reads	fastq	16785518388	47e6988ff333fca038c5426698085f55	https://api.data.igvf.org/sequence-files/IGVFFI0942KGEP/@@download/IGVFFI0942KGEP.fastq.gz	s3://igvf-public/2025/02/04/9e6bff77-e38d-4856-b432-d6c9401adfad/IGVFFI0942KGEP.fastq.gz
IGVFFI1265JCFG	raw	IGVFDS4275VNMS	C29;C37;C38;C39	9;12;14;18	reads	fastq	5481750443	cb93aa44e9175c00b02e983d5042b991	https://api.data.igvf.org/sequence-files/IGVFFI1265JCFG/@@download/IGVFFI1265JCFG.fastq.gz	s3://igvf-public/2025/02/04/c4322ef1-4993-4181-8798-fc136c535b92/IGVFFI1265JCFG.fastq.gz
IGVFFI2252FYMJ	raw	IGVFDS4275VNMS	C29;C37;C38;C39	9;12;14;18	reads	fastq	2269435076	f006e94dc2dcfe8452ce9d6ee67b1fa2	https://api.data.igvf.org/sequence-files/IGVFFI2252FYMJ/@@download/IGVFFI2252FYMJ.fastq.gz	s3://igvf-public/2025/02/04/9640a8a8-30b8-4970-a82e-fd0184efb5ed/IGVFFI2252FYMJ.fastq.gz
IGVFFI2494WHLS	raw	IGVFDS4275VNMS	C29;C37;C38;C39	9;12;14;18	reads	fastq	2245042386	d4c60322f7376178d61be665ef8a0468	https://api.data.igvf.org/sequence-files/IGVFFI2494WHLS/@@download/IGVFFI2494WHLS.fastq.gz	s3://igvf-public/2025/02/04/79c71e46-5c1c-4a7c-966a-1eeb3d7a018c/IGVFFI2494WHLS.fastq.gz
IGVFFI4179OBQD	raw	IGVFDS4275VNMS	C29;C37;C38;C39	9;12;14;18	reads	fastq	16969499275	9d6acd9d06cb008a148ca734280b464f	https://api.data.igvf.org/sequence-files/IGVFFI4179OBQD/@@download/IGVFFI4179OBQD.fastq.gz	s3://igvf-public/2025/02/04/3735c254-be03-416a-a44d-b2688642dbb1/IGVFFI4179OBQD.fastq.gz
IGVFFI5221QVXJ	raw	IGVFDS4275VNMS	C29;C37;C38;C39	9;12;14;18	reads	fastq	5537918331	c25ca127504eabe6a2d77b5fb1fcf456	https://api.data.igvf.org/sequence-files/IGVFFI5221QVXJ/@@download/IGVFFI5221QVXJ.fastq.gz	s3://igvf-public/2025/02/04/36f5d8ea-6c14-40b9-9e07-70752a5564e8/IGVFFI5221QVXJ.fastq.gz
IGVFFI7086BBQA	raw	IGVFDS4275VNMS	C29;C37;C38;C39	9;12;14;18	reads	fastq	17730779485	a729ca82fddac1f0e03c94b088ea89da	https://api.data.igvf.org/sequence-files/IGVFFI7086BBQA/@@download/IGVFFI7086BBQA.fastq.gz	s3://igvf-public/2025/02/04/4362035a-c775-4511-8967-53fbb92fab04/IGVFFI7086BBQA.fastq.gz
IGVFFI7476DXMY	raw	IGVFDS4275VNMS	C29;C37;C38;C39	9;12;14;18	reads	fastq	17868971191	3f4cd4a51be039c56954b6d6ba34da8e	https://api.data.igvf.org/sequence-files/IGVFFI7476DXMY/@@download/IGVFFI7476DXMY.fastq.gz	s3://igvf-public/2025/02/04/eefb6e11-3a50-43a8-9886-6344e887d6af/IGVFFI7476DXMY.fastq.gz
IGVFFI2599MJKI	raw	IGVFDS4275VNMS	C29;C37;C38;C39	9;12;14;18	seqspec	yaml	1396	8d19d0578cbb3600c2ab508397d295cd	https://api.data.igvf.org/configuration-files/IGVFFI2599MJKI/@@download/IGVFFI2599MJKI.yaml.gz	s3://igvf-public/2026/02/04/e195b599-09e1-434b-aecc-31bf61856072/IGVFFI2599MJKI.yaml.gz
IGVFFI4228OLOH	raw	IGVFDS4275VNMS	C29;C37;C38;C39	9;12;14;18	seqspec	yaml	1393	33ae7d395ecef5b856ebe8e7c435dca0	https://api.data.igvf.org/configuration-files/IGVFFI4228OLOH/@@download/IGVFFI4228OLOH.yaml.gz	s3://igvf-public/2026/02/04/5af45c02-d6eb-4e86-ab44-7740c10cf631/IGVFFI4228OLOH.yaml.gz
IGVFFI7852PGPM	raw	IGVFDS4275VNMS	C29;C37;C38;C39	9;12;14;18	seqspec	yaml	1296	fa9b49d0962b9b0642fca71167b860b4	https://api.data.igvf.org/configuration-files/IGVFFI7852PGPM/@@download/IGVFFI7852PGPM.yaml.gz	s3://igvf-public/2025/03/19/0611ddc9-1a57-4182-8e36-4a1a9e7bfd0d/IGVFFI7852PGPM.yaml.gz
IGVFFI8025OWTD	raw	IGVFDS4275VNMS	C29;C37;C38;C39	9;12;14;18	seqspec	yaml	1295	f9ed9671297aa3b7c62cf47fadba2bf8	https://api.data.igvf.org/configuration-files/IGVFFI8025OWTD/@@download/IGVFFI8025OWTD.yaml.gz	s3://igvf-public/2025/03/19/0041eb92-752c-49c0-bc50-27d989bdc6b7/IGVFFI8025OWTD.yaml.gz
IGVFFI8353NXDR	raw	IGVFDS4275VNMS	C29;C37;C38;C39	9;12;14;18	seqspec	yaml	1311	b6d2ace8a8a6a55e06a4a43ddb8d0053	https://api.data.igvf.org/configuration-files/IGVFFI8353NXDR/@@download/IGVFFI8353NXDR.yaml.gz	s3://igvf-public/2025/09/15/d70da01e-a00a-4e30-bf91-ea991e39d271/IGVFFI8353NXDR.yaml.gz
IGVFFI1021YFOU	raw	IGVFDS8008ALDH	C29;C37;C38;C39	0;1;5;7	reads	fastq	16901715338	fa465e4c6fe4001a3987bdb8c6b7f6d7	https://api.data.igvf.org/sequence-files/IGVFFI1021YFOU/@@download/IGVFFI1021YFOU.fastq.gz	s3://igvf-public/2024/11/15/ab779ec6-4490-4928-8a29-afb2e1509551/IGVFFI1021YFOU.fastq.gz
IGVFFI4270SXQR	raw	IGVFDS8008ALDH	C29;C37;C38;C39	0;1;5;7	reads	fastq	13859416438	e0d4af7276c15e0104efe262ba592034	https://api.data.igvf.org/sequence-files/IGVFFI4270SXQR/@@download/IGVFFI4270SXQR.fastq.gz	s3://igvf-public/2025/01/17/8c8147d1-c5c5-4e4c-bdb1-41dab670db6a/IGVFFI4270SXQR.fastq.gz
IGVFFI2467RGAC	raw	IGVFDS8008ALDH	C29;C37;C38;C39	0;1;5;7	seqspec	yaml	1401	52b2f20a99b91ad739eb6bbc76f35c64	https://api.data.igvf.org/configuration-files/IGVFFI2467RGAC/@@download/IGVFFI2467RGAC.yaml.gz	s3://igvf-public/2025/02/09/73c5cbae-037c-49ee-a4c7-c115be694975/IGVFFI2467RGAC.yaml.gz
IGVFFI7066WFLM	raw	IGVFDS8008ALDH	C29;C37;C38;C39	0;1;5;7	seqspec	yaml	1242	8371e9c3913a276272e2f8fd86e4728b	https://api.data.igvf.org/configuration-files/IGVFFI7066WFLM/@@download/IGVFFI7066WFLM.yaml.gz	s3://igvf-public/2025/09/15/95cab4bd-9cb2-497d-ad7b-d5d91f7936c9/IGVFFI7066WFLM.yaml.gz
IGVFFI0023OOAD	raw	IGVFDS6282JZAK	C29;C37;C38;C39	0;1;5;7	reads	fastq	14238258290	b19e39c1e46d956c00f04cfcf3f0a43c	https://api.data.igvf.org/sequence-files/IGVFFI0023OOAD/@@download/IGVFFI0023OOAD.fastq.gz	s3://igvf-public/2025/02/04/063104fd-e699-457c-87f3-f8a04798e757/IGVFFI0023OOAD.fastq.gz
IGVFFI1893JOJB	raw	IGVFDS6282JZAK	C29;C37;C38;C39	0;1;5;7	reads	fastq	1792986300	7daa02c57681eb761f1fab4c077b1269	https://api.data.igvf.org/sequence-files/IGVFFI1893JOJB/@@download/IGVFFI1893JOJB.fastq.gz	s3://igvf-public/2025/02/04/8c874e08-8605-4d85-9863-87f87ba3e264/IGVFFI1893JOJB.fastq.gz
IGVFFI2836HZXX	raw	IGVFDS6282JZAK	C29;C37;C38;C39	0;1;5;7	reads	fastq	14379809971	5c85ab1b390344a1bb6d323beab3b909	https://api.data.igvf.org/sequence-files/IGVFFI2836HZXX/@@download/IGVFFI2836HZXX.fastq.gz	s3://igvf-public/2025/02/04/6051ca7e-f73a-44c5-ba8f-a3932f7a4754/IGVFFI2836HZXX.fastq.gz
IGVFFI4860ZCFN	raw	IGVFDS6282JZAK	C29;C37;C38;C39	0;1;5;7	reads	fastq	4428601067	d1ac642a1339d781dd3ad2985c2c32fb	https://api.data.igvf.org/sequence-files/IGVFFI4860ZCFN/@@download/IGVFFI4860ZCFN.fastq.gz	s3://igvf-public/2025/02/04/0d497324-db4c-49d7-ae6c-7684a832a5e8/IGVFFI4860ZCFN.fastq.gz
IGVFFI6145ZBTE	raw	IGVFDS6282JZAK	C29;C37;C38;C39	0;1;5;7	reads	fastq	1804573930	ba9386500b35dcd0284bc5494417df52	https://api.data.igvf.org/sequence-files/IGVFFI6145ZBTE/@@download/IGVFFI6145ZBTE.fastq.gz	s3://igvf-public/2025/02/04/c9a92c5a-becb-45ec-abf0-7d1cac9603e8/IGVFFI6145ZBTE.fastq.gz
IGVFFI7181YDRH	raw	IGVFDS6282JZAK	C29;C37;C38;C39	0;1;5;7	reads	fastq	13554106172	581f40f85035f1e5df966839b2d94ee6	https://api.data.igvf.org/sequence-files/IGVFFI7181YDRH/@@download/IGVFFI7181YDRH.fastq.gz	s3://igvf-public/2025/02/04/9ea25067-bb9c-4987-a462-a0e8586738b1/IGVFFI7181YDRH.fastq.gz
IGVFFI7332NZJQ	raw	IGVFDS6282JZAK	C29;C37;C38;C39	0;1;5;7	reads	fastq	13648643800	eee03a7b45c998dd5b140f4cbeb774db	https://api.data.igvf.org/sequence-files/IGVFFI7332NZJQ/@@download/IGVFFI7332NZJQ.fastq.gz	s3://igvf-public/2025/02/04/8c1b1307-8fc8-4692-b918-0c5be7b1bbaa/IGVFFI7332NZJQ.fastq.gz
IGVFFI9624KANK	raw	IGVFDS6282JZAK	C29;C37;C38;C39	0;1;5;7	reads	fastq	4396571851	ecbcaa1b4aaf39511d16e897bf7462e5	https://api.data.igvf.org/sequence-files/IGVFFI9624KANK/@@download/IGVFFI9624KANK.fastq.gz	s3://igvf-public/2025/02/04/101bf110-a2f2-42c6-9b9d-49499d6c3344/IGVFFI9624KANK.fastq.gz
IGVFFI0480POEZ	raw	IGVFDS6282JZAK	C29;C37;C38;C39	0;1;5;7	seqspec	yaml	1397	5ef129c9d446c49c75c364c85bf27212	https://api.data.igvf.org/configuration-files/IGVFFI0480POEZ/@@download/IGVFFI0480POEZ.yaml.gz	s3://igvf-public/2026/02/04/5bed0fa6-e162-46f0-93ca-e9e48df4b1a1/IGVFFI0480POEZ.yaml.gz
IGVFFI7584NQGA	raw	IGVFDS6282JZAK	C29;C37;C38;C39	0;1;5;7	seqspec	yaml	1398	465884eacde278be2e2946bc45e9bf3b	https://api.data.igvf.org/configuration-files/IGVFFI7584NQGA/@@download/IGVFFI7584NQGA.yaml.gz	s3://igvf-public/2026/02/04/63be6c6b-8e9d-4ca4-811e-da6c01a13e9d/IGVFFI7584NQGA.yaml.gz
IGVFFI7612DVIU	raw	IGVFDS6282JZAK	C29;C37;C38;C39	0;1;5;7	seqspec	yaml	1314	a404933d0446dd874cbb6bb5f886870d	https://api.data.igvf.org/configuration-files/IGVFFI7612DVIU/@@download/IGVFFI7612DVIU.yaml.gz	s3://igvf-public/2025/09/15/3c5ed69d-8baa-4b10-880b-d4aab2bf9800/IGVFFI7612DVIU.yaml.gz
IGVFFI8051LVYH	raw	IGVFDS6282JZAK	C29;C37;C38;C39	0;1;5;7	seqspec	yaml	1298	b9ea2da4c6e62fff40409bd8b66f3b34	https://api.data.igvf.org/configuration-files/IGVFFI8051LVYH/@@download/IGVFFI8051LVYH.yaml.gz	s3://igvf-public/2025/03/19/bcc32555-c2ff-4896-91f4-c9c8868e3ad3/IGVFFI8051LVYH.yaml.gz
IGVFFI9174SILI	raw	IGVFDS6282JZAK	C29;C37;C38;C39	0;1;5;7	seqspec	yaml	1297	ca33a2aa897bfa4e2b888b291f65c074	https://api.data.igvf.org/configuration-files/IGVFFI9174SILI/@@download/IGVFFI9174SILI.yaml.gz	s3://igvf-public/2025/03/19/1802b91e-e123-4a37-9c0c-f1bb44520553/IGVFFI9174SILI.yaml.gz
IGVFFI1896SUWY	raw	IGVFDS0328BSUV	C29;C37;C38;C39	12;14;16;18	reads	fastq	18366264036	de865c32ce38ab043aed83b59e76bb9c	https://api.data.igvf.org/sequence-files/IGVFFI1896SUWY/@@download/IGVFFI1896SUWY.fastq.gz	s3://igvf-public/2025/02/05/0b96af9a-c59e-4933-982b-a3d1cfc3c071/IGVFFI1896SUWY.fastq.gz
IGVFFI2732QRRN	raw	IGVFDS0328BSUV	C29;C37;C38;C39	12;14;16;18	reads	fastq	23030928235	ce68f196c360a8519868dad7323ac920	https://api.data.igvf.org/sequence-files/IGVFFI2732QRRN/@@download/IGVFFI2732QRRN.fastq.gz	s3://igvf-public/2025/02/05/ddaf655e-f897-4800-b9e2-4662896cadf7/IGVFFI2732QRRN.fastq.gz
IGVFFI0824PAXM	raw	IGVFDS0328BSUV	C29;C37;C38;C39	12;14;16;18	seqspec	yaml	1403	b6d09d7205c5b59b591c2912737b616f	https://api.data.igvf.org/configuration-files/IGVFFI0824PAXM/@@download/IGVFFI0824PAXM.yaml.gz	s3://igvf-public/2025/02/09/ca7035d0-001b-4946-b7c9-914bbf5d41b0/IGVFFI0824PAXM.yaml.gz
IGVFFI1075LQOC	raw	IGVFDS0328BSUV	C29;C37;C38;C39	12;14;16;18	seqspec	yaml	1246	75580213936c5cf632b333ba93c55061	https://api.data.igvf.org/configuration-files/IGVFFI1075LQOC/@@download/IGVFFI1075LQOC.yaml.gz	s3://igvf-public/2025/09/15/f709418a-150d-4fa2-89f0-8ec6a08ae422/IGVFFI1075LQOC.yaml.gz
IGVFFI0492NFOC	raw	IGVFDS8199DMOG	C29;C37;C38;C39	12;14;16;18	reads	fastq	14934139471	e329fad0aa8f7665de39b86280830268	https://api.data.igvf.org/sequence-files/IGVFFI0492NFOC/@@download/IGVFFI0492NFOC.fastq.gz	s3://igvf-public/2025/02/05/fa0ac39e-d546-49a7-8dbc-3db97b9f39d4/IGVFFI0492NFOC.fastq.gz
IGVFFI0962CEVL	raw	IGVFDS8199DMOG	C29;C37;C38;C39	12;14;16;18	reads	fastq	4870213300	5c4db50c1159dc2bb5c4a976cc70f824	https://api.data.igvf.org/sequence-files/IGVFFI0962CEVL/@@download/IGVFFI0962CEVL.fastq.gz	s3://igvf-public/2025/02/05/09039ce7-7bc3-4289-8f88-e925ab78be68/IGVFFI0962CEVL.fastq.gz
IGVFFI1289ALBY	raw	IGVFDS8199DMOG	C29;C37;C38;C39	12;14;16;18	reads	fastq	1952753404	4dd61f0a8f84a2295420452c488ea691	https://api.data.igvf.org/sequence-files/IGVFFI1289ALBY/@@download/IGVFFI1289ALBY.fastq.gz	s3://igvf-public/2025/02/05/e80aab70-cf68-4670-8e35-9b8bf359c776/IGVFFI1289ALBY.fastq.gz
IGVFFI2617GKED	raw	IGVFDS8199DMOG	C29;C37;C38;C39	12;14;16;18	reads	fastq	14180819690	0b40695beadf7a7f4993da72caf45798	https://api.data.igvf.org/sequence-files/IGVFFI2617GKED/@@download/IGVFFI2617GKED.fastq.gz	s3://igvf-public/2025/02/05/d59c8607-cd74-4187-9fac-723c244e7b7c/IGVFFI2617GKED.fastq.gz
IGVFFI4013ZBCA	raw	IGVFDS8199DMOG	C29;C37;C38;C39	12;14;16;18	reads	fastq	4669903535	a200b5ff64bf678fbecc7f469a2146bb	https://api.data.igvf.org/sequence-files/IGVFFI4013ZBCA/@@download/IGVFFI4013ZBCA.fastq.gz	s3://igvf-public/2025/02/05/e7fdca99-6bed-49a8-a002-c6ed30285ff2/IGVFFI4013ZBCA.fastq.gz
IGVFFI4902FINM	raw	IGVFDS8199DMOG	C29;C37;C38;C39	12;14;16;18	reads	fastq	1872322370	93a5959e68664caaa4e2a9366ce6efe5	https://api.data.igvf.org/sequence-files/IGVFFI4902FINM/@@download/IGVFFI4902FINM.fastq.gz	s3://igvf-public/2025/02/05/1b97909e-85a8-49e2-a955-136646f8b263/IGVFFI4902FINM.fastq.gz
IGVFFI5048JXPM	raw	IGVFDS8199DMOG	C29;C37;C38;C39	12;14;16;18	reads	fastq	15548811154	9b1d5e4e5f14412a919b2c4145fb9e09	https://api.data.igvf.org/sequence-files/IGVFFI5048JXPM/@@download/IGVFFI5048JXPM.fastq.gz	s3://igvf-public/2025/02/05/5028d6f5-80ab-4917-a5ae-a032c5bc898c/IGVFFI5048JXPM.fastq.gz
IGVFFI7522AZCI	raw	IGVFDS8199DMOG	C29;C37;C38;C39	12;14;16;18	reads	fastq	14816174119	ca276d75d65fb4a378e3473b08f8286b	https://api.data.igvf.org/sequence-files/IGVFFI7522AZCI/@@download/IGVFFI7522AZCI.fastq.gz	s3://igvf-public/2025/02/05/9b7fdff6-4037-4ce4-ae71-9ad74054f9b0/IGVFFI7522AZCI.fastq.gz
IGVFFI1173DHQW	raw	IGVFDS8199DMOG	C29;C37;C38;C39	12;14;16;18	seqspec	yaml	1296	615efae96f8edbeeb5ee6d814305500e	https://api.data.igvf.org/configuration-files/IGVFFI1173DHQW/@@download/IGVFFI1173DHQW.yaml.gz	s3://igvf-public/2025/03/19/7fa09d7c-4413-45bd-83d0-73933295ed72/IGVFFI1173DHQW.yaml.gz
IGVFFI4050XHXL	raw	IGVFDS8199DMOG	C29;C37;C38;C39	12;14;16;18	seqspec	yaml	1394	83a4e7eeb5edde169e37cfad78d8bba9	https://api.data.igvf.org/configuration-files/IGVFFI4050XHXL/@@download/IGVFFI4050XHXL.yaml.gz	s3://igvf-public/2026/02/04/89887977-28bf-4141-8336-35775a80967c/IGVFFI4050XHXL.yaml.gz
IGVFFI6326FLVR	raw	IGVFDS8199DMOG	C29;C37;C38;C39	12;14;16;18	seqspec	yaml	1396	46ba2627a9375d63ed832cbb86a818ba	https://api.data.igvf.org/configuration-files/IGVFFI6326FLVR/@@download/IGVFFI6326FLVR.yaml.gz	s3://igvf-public/2026/02/04/b572c932-5cd5-4bd2-a5e5-690630c41d7b/IGVFFI6326FLVR.yaml.gz
IGVFFI8543VVAI	raw	IGVFDS8199DMOG	C29;C37;C38;C39	12;14;16;18	seqspec	yaml	1310	9cb22a8a15d0a8732fecb677ef7b1b56	https://api.data.igvf.org/configuration-files/IGVFFI8543VVAI/@@download/IGVFFI8543VVAI.yaml.gz	s3://igvf-public/2025/09/15/026fb59c-4967-4590-859b-aff3e6a01eec/IGVFFI8543VVAI.yaml.gz
IGVFFI9230WIMI	raw	IGVFDS8199DMOG	C29;C37;C38;C39	12;14;16;18	seqspec	yaml	1295	c22df2cfc24308c1589105e1a34023f7	https://api.data.igvf.org/configuration-files/IGVFFI9230WIMI/@@download/IGVFFI9230WIMI.yaml.gz	s3://igvf-public/2025/03/19/dce8019f-ed3a-41b4-8dde-f000a05be56c/IGVFFI9230WIMI.yaml.gz
IGVFFI5088XYPT	raw	IGVFDS4458BDLN	C29;C37;C38;C39	1;3;5;7	reads	fastq	15483803892	aea2649f0647ac96b388cfc3d88737d1	https://api.data.igvf.org/sequence-files/IGVFFI5088XYPT/@@download/IGVFFI5088XYPT.fastq.gz	s3://igvf-public/2025/01/17/0bd92ca6-e60a-4664-92cb-53e24eb21be8/IGVFFI5088XYPT.fastq.gz
IGVFFI6488EUOP	raw	IGVFDS4458BDLN	C29;C37;C38;C39	1;3;5;7	reads	fastq	18732126413	206286de73621f350ef5cba1c45e3fae	https://api.data.igvf.org/sequence-files/IGVFFI6488EUOP/@@download/IGVFFI6488EUOP.fastq.gz	s3://igvf-public/2025/01/17/d98d9031-8037-43e4-87a0-7a65aa4f794d/IGVFFI6488EUOP.fastq.gz
IGVFFI3733EJEF	raw	IGVFDS4458BDLN	C29;C37;C38;C39	1;3;5;7	seqspec	yaml	1246	81ef8622af051b4e240a663555924b6b	https://api.data.igvf.org/configuration-files/IGVFFI3733EJEF/@@download/IGVFFI3733EJEF.yaml.gz	s3://igvf-public/2025/09/15/55005b2f-9681-44d7-b7f2-647ee289d1c7/IGVFFI3733EJEF.yaml.gz
IGVFFI4360TPNP	raw	IGVFDS4458BDLN	C29;C37;C38;C39	1;3;5;7	seqspec	yaml	1404	e4d687611f788076acea3e8cd6b822a6	https://api.data.igvf.org/configuration-files/IGVFFI4360TPNP/@@download/IGVFFI4360TPNP.yaml.gz	s3://igvf-public/2025/02/09/a663bc26-9400-4cda-80e0-c8684414e575/IGVFFI4360TPNP.yaml.gz
IGVFFI0202DLYT	raw	IGVFDS2231YIUR	C29;C37;C38;C39	1;3;5;7	reads	fastq	2029811833	03f314de840bd8c9a498d4334323a7f8	https://api.data.igvf.org/sequence-files/IGVFFI0202DLYT/@@download/IGVFFI0202DLYT.fastq.gz	s3://igvf-public/2025/02/04/f1441666-7f9a-4c35-b2d5-20d190a4eff0/IGVFFI0202DLYT.fastq.gz
IGVFFI3434AHJW	raw	IGVFDS2231YIUR	C29;C37;C38;C39	1;3;5;7	reads	fastq	4968292884	67a09fe55efcebe8f351916bb48e559c	https://api.data.igvf.org/sequence-files/IGVFFI3434AHJW/@@download/IGVFFI3434AHJW.fastq.gz	s3://igvf-public/2025/02/04/944e3e77-7756-47c3-910f-30186c6f43bb/IGVFFI3434AHJW.fastq.gz
IGVFFI6278SIAG	raw	IGVFDS2231YIUR	C29;C37;C38;C39	1;3;5;7	reads	fastq	4949058110	fd9f11428774249d2db5f9e4998cf413	https://api.data.igvf.org/sequence-files/IGVFFI6278SIAG/@@download/IGVFFI6278SIAG.fastq.gz	s3://igvf-public/2025/02/04/131278be-644a-4cc8-b8bd-29308f7591e3/IGVFFI6278SIAG.fastq.gz
IGVFFI6587CMPL	raw	IGVFDS2231YIUR	C29;C37;C38;C39	1;3;5;7	reads	fastq	15928415686	3b7a114bc8a0ca22919b9186d77a72c7	https://api.data.igvf.org/sequence-files/IGVFFI6587CMPL/@@download/IGVFFI6587CMPL.fastq.gz	s3://igvf-public/2025/02/04/1e8b7330-85e7-4d86-87c2-38419ded1799/IGVFFI6587CMPL.fastq.gz
IGVFFI7551FOVY	raw	IGVFDS2231YIUR	C29;C37;C38;C39	1;3;5;7	reads	fastq	15222749079	178da30a96818d3ecabd0475c63a5ac1	https://api.data.igvf.org/sequence-files/IGVFFI7551FOVY/@@download/IGVFFI7551FOVY.fastq.gz	s3://igvf-public/2025/02/04/4d1233d4-aa85-44fa-ae7b-2153b3e70c94/IGVFFI7551FOVY.fastq.gz
IGVFFI7843MNNG	raw	IGVFDS2231YIUR	C29;C37;C38;C39	1;3;5;7	reads	fastq	15271876245	559a1163d4e7c1dd9608ff8e0bb54fb8	https://api.data.igvf.org/sequence-files/IGVFFI7843MNNG/@@download/IGVFFI7843MNNG.fastq.gz	s3://igvf-public/2025/02/04/2ab316bf-f07c-47dd-a743-35b535dc7fe6/IGVFFI7843MNNG.fastq.gz
IGVFFI7916QZSQ	raw	IGVFDS2231YIUR	C29;C37;C38;C39	1;3;5;7	reads	fastq	16032062398	0ab33b630db190a0544ade79accf4fcd	https://api.data.igvf.org/sequence-files/IGVFFI7916QZSQ/@@download/IGVFFI7916QZSQ.fastq.gz	s3://igvf-public/2025/02/04/08b29354-7b98-4a2e-a4e2-ceb1c74af4e8/IGVFFI7916QZSQ.fastq.gz
IGVFFI9374VCCQ	raw	IGVFDS2231YIUR	C29;C37;C38;C39	1;3;5;7	reads	fastq	2023528229	938d2683cc283979882e2902ad9ba01a	https://api.data.igvf.org/sequence-files/IGVFFI9374VCCQ/@@download/IGVFFI9374VCCQ.fastq.gz	s3://igvf-public/2025/02/04/7e0d5b3c-7f94-4d5d-8694-7c0bd74a70dd/IGVFFI9374VCCQ.fastq.gz
IGVFFI2275TMOF	raw	IGVFDS2231YIUR	C29;C37;C38;C39	1;3;5;7	seqspec	yaml	1393	b305022d5b20290c1a2fe1b80a2ed14a	https://api.data.igvf.org/configuration-files/IGVFFI2275TMOF/@@download/IGVFFI2275TMOF.yaml.gz	s3://igvf-public/2026/02/04/8fb13e88-c375-4163-9ed3-50419db74432/IGVFFI2275TMOF.yaml.gz
IGVFFI3400UXVN	raw	IGVFDS2231YIUR	C29;C37;C38;C39	1;3;5;7	seqspec	yaml	1296	60ebf9c93ea5690a638fdcb9f67fd82b	https://api.data.igvf.org/configuration-files/IGVFFI3400UXVN/@@download/IGVFFI3400UXVN.yaml.gz	s3://igvf-public/2025/03/19/0f6478ff-6da9-4e2a-b18e-178ea1fa31d3/IGVFFI3400UXVN.yaml.gz
IGVFFI6891KYIR	raw	IGVFDS2231YIUR	C29;C37;C38;C39	1;3;5;7	seqspec	yaml	1396	77514611b605dfc875638562a2473c63	https://api.data.igvf.org/configuration-files/IGVFFI6891KYIR/@@download/IGVFFI6891KYIR.yaml.gz	s3://igvf-public/2026/02/04/4fd64c36-ac9e-4783-93d8-602fd2e16b86/IGVFFI6891KYIR.yaml.gz
IGVFFI7139OVSD	raw	IGVFDS2231YIUR	C29;C37;C38;C39	1;3;5;7	seqspec	yaml	1293	e405977142274279b5ee0657a0797974	https://api.data.igvf.org/configuration-files/IGVFFI7139OVSD/@@download/IGVFFI7139OVSD.yaml.gz	s3://igvf-public/2025/03/19/2eee67fa-8075-4382-b26c-e7e3885cee2a/IGVFFI7139OVSD.yaml.gz
IGVFFI8287KMGC	raw	IGVFDS2231YIUR	C29;C37;C38;C39	1;3;5;7	seqspec	yaml	1313	0eea55b135693aa10c3d6faf0a1e7257	https://api.data.igvf.org/configuration-files/IGVFFI8287KMGC/@@download/IGVFFI8287KMGC.yaml.gz	s3://igvf-public/2025/09/15/b5ce6f51-b534-4c40-844a-4d8fb2b62021/IGVFFI8287KMGC.yaml.gz
IGVFFI3161EUXN	raw	IGVFDS1744AXNS	C29;C37;C38;C39	0;3;5;7	reads	fastq	19848681051	636c8aaf5ad43eac2acebe626bf5b556	https://api.data.igvf.org/sequence-files/IGVFFI3161EUXN/@@download/IGVFFI3161EUXN.fastq.gz	s3://igvf-public/2025/01/17/3b3a1a33-514a-4804-9d07-5f29f58cad9c/IGVFFI3161EUXN.fastq.gz
IGVFFI8018SDAR	raw	IGVFDS1744AXNS	C29;C37;C38;C39	0;3;5;7	reads	fastq	16268712999	14e84323ad24572f6d4b17b6eea677cc	https://api.data.igvf.org/sequence-files/IGVFFI8018SDAR/@@download/IGVFFI8018SDAR.fastq.gz	s3://igvf-public/2025/01/17/a0152d60-a665-49c7-99a4-4595894ec8e2/IGVFFI8018SDAR.fastq.gz
IGVFFI2490MRVP	raw	IGVFDS1744AXNS	C29;C37;C38;C39	0;3;5;7	seqspec	yaml	1246	74a25b69ef790c73b2bf33ece3e8f0ce	https://api.data.igvf.org/configuration-files/IGVFFI2490MRVP/@@download/IGVFFI2490MRVP.yaml.gz	s3://igvf-public/2025/09/15/7e32c4ba-fb9c-4944-a133-be0b85d30c7c/IGVFFI2490MRVP.yaml.gz
IGVFFI9981OPIQ	raw	IGVFDS1744AXNS	C29;C37;C38;C39	0;3;5;7	seqspec	yaml	1404	5b1b28605fa693d232bd85788833de28	https://api.data.igvf.org/configuration-files/IGVFFI9981OPIQ/@@download/IGVFFI9981OPIQ.yaml.gz	s3://igvf-public/2025/02/09/37e01607-467d-4fb5-ba3e-ba082335fea4/IGVFFI9981OPIQ.yaml.gz
IGVFFI0047NGCL	raw	IGVFDS9237LVHW	C29;C37;C38;C39	0;3;5;7	reads	fastq	1908196717	8f2e73b16444ae842fdbbe72b741bcc2	https://api.data.igvf.org/sequence-files/IGVFFI0047NGCL/@@download/IGVFFI0047NGCL.fastq.gz	s3://igvf-public/2025/02/04/b6a3ee21-7a4b-4d5b-a1d3-b09b7437414b/IGVFFI0047NGCL.fastq.gz
IGVFFI0867SNGV	raw	IGVFDS9237LVHW	C29;C37;C38;C39	0;3;5;7	reads	fastq	1892982676	de33530eef4c29c3d7c5ab1e26358b3f	https://api.data.igvf.org/sequence-files/IGVFFI0867SNGV/@@download/IGVFFI0867SNGV.fastq.gz	s3://igvf-public/2025/02/04/38ce48a1-ce3a-4740-8418-bdb8617f9e7b/IGVFFI0867SNGV.fastq.gz
IGVFFI2608CJTH	raw	IGVFDS9237LVHW	C29;C37;C38;C39	0;3;5;7	reads	fastq	15542111975	5f8de13a32731730782df019fd6704c9	https://api.data.igvf.org/sequence-files/IGVFFI2608CJTH/@@download/IGVFFI2608CJTH.fastq.gz	s3://igvf-public/2025/02/04/518a7492-5001-48e1-b7ea-f54c7a3539f3/IGVFFI2608CJTH.fastq.gz
IGVFFI4759JYOX	raw	IGVFDS9237LVHW	C29;C37;C38;C39	0;3;5;7	reads	fastq	4772568308	b3965abaa744f075585de43a5a757b77	https://api.data.igvf.org/sequence-files/IGVFFI4759JYOX/@@download/IGVFFI4759JYOX.fastq.gz	s3://igvf-public/2025/02/04/b8fb6ea0-e149-42c8-86a8-692ea22bfece/IGVFFI4759JYOX.fastq.gz
IGVFFI5044EDIL	raw	IGVFDS9237LVHW	C29;C37;C38;C39	0;3;5;7	reads	fastq	14798707410	edeeba929de91b4a6fce825d99d4507c	https://api.data.igvf.org/sequence-files/IGVFFI5044EDIL/@@download/IGVFFI5044EDIL.fastq.gz	s3://igvf-public/2025/02/04/44523ea2-de62-49d2-9df2-1151ba0bc892/IGVFFI5044EDIL.fastq.gz
IGVFFI5352AVXZ	raw	IGVFDS9237LVHW	C29;C37;C38;C39	0;3;5;7	reads	fastq	14677667156	aa1689eb97947f5490652847c30368a8	https://api.data.igvf.org/sequence-files/IGVFFI5352AVXZ/@@download/IGVFFI5352AVXZ.fastq.gz	s3://igvf-public/2025/02/04/00d06d07-ff9d-4edd-8d76-22850fb11314/IGVFFI5352AVXZ.fastq.gz
IGVFFI9451AJIP	raw	IGVFDS9237LVHW	C29;C37;C38;C39	0;3;5;7	reads	fastq	4730629943	c4fcb94d288731f70f7a55ba4d92c7b3	https://api.data.igvf.org/sequence-files/IGVFFI9451AJIP/@@download/IGVFFI9451AJIP.fastq.gz	s3://igvf-public/2025/02/04/208bcda0-d7de-40cd-91d7-43fa810fa1d6/IGVFFI9451AJIP.fastq.gz
IGVFFI9815QLCA	raw	IGVFDS9237LVHW	C29;C37;C38;C39	0;3;5;7	reads	fastq	15366878774	f74300f8cbffc852f7b2ac53446f93f0	https://api.data.igvf.org/sequence-files/IGVFFI9815QLCA/@@download/IGVFFI9815QLCA.fastq.gz	s3://igvf-public/2025/02/04/0fd8bd48-cbf4-451a-9630-0c3c1f269ab2/IGVFFI9815QLCA.fastq.gz
IGVFFI0875DTJX	raw	IGVFDS9237LVHW	C29;C37;C38;C39	0;3;5;7	seqspec	yaml	1395	d8d4ce637f0653cddeaddeda320386cb	https://api.data.igvf.org/configuration-files/IGVFFI0875DTJX/@@download/IGVFFI0875DTJX.yaml.gz	s3://igvf-public/2026/02/04/9290d0e4-de9c-48b1-9cf5-da30d6589547/IGVFFI0875DTJX.yaml.gz
IGVFFI1770OLZQ	raw	IGVFDS9237LVHW	C29;C37;C38;C39	0;3;5;7	seqspec	yaml	1297	96107bfd5289933b8dc99ca8dd406794	https://api.data.igvf.org/configuration-files/IGVFFI1770OLZQ/@@download/IGVFFI1770OLZQ.yaml.gz	s3://igvf-public/2025/03/19/89c7e68a-1061-4d48-b88a-2e2ea52820d8/IGVFFI1770OLZQ.yaml.gz
IGVFFI1791MDED	raw	IGVFDS9237LVHW	C29;C37;C38;C39	0;3;5;7	seqspec	yaml	1396	86938ed4f81c58c19ab02c693b509cdd	https://api.data.igvf.org/configuration-files/IGVFFI1791MDED/@@download/IGVFFI1791MDED.yaml.gz	s3://igvf-public/2026/02/04/cb88ca78-f7ac-4b56-a496-66291158ba31/IGVFFI1791MDED.yaml.gz
IGVFFI9293LOYM	raw	IGVFDS9237LVHW	C29;C37;C38;C39	0;3;5;7	seqspec	yaml	1296	5c81a71917147969682a58082a67837a	https://api.data.igvf.org/configuration-files/IGVFFI9293LOYM/@@download/IGVFFI9293LOYM.yaml.gz	s3://igvf-public/2025/03/19/b6f998e6-7ea9-4534-b343-1a62fe8fcbba/IGVFFI9293LOYM.yaml.gz
IGVFFI9498GMDX	raw	IGVFDS9237LVHW	C29;C37;C38;C39	0;3;5;7	seqspec	yaml	1313	fad7bcb407e8da32a679a525b35a0dc4	https://api.data.igvf.org/configuration-files/IGVFFI9498GMDX/@@download/IGVFFI9498GMDX.yaml.gz	s3://igvf-public/2025/09/15/efa6e6dc-6293-4453-860a-b81a2a70b5b7/IGVFFI9498GMDX.yaml.gz
IGVFFI5964SMFR	raw	IGVFDS8285DFYN	C29;C37;C38;C39	9;12;14;16	reads	fastq	15542770528	23884c1a74627f176f0fdc2e7173c384	https://api.data.igvf.org/sequence-files/IGVFFI5964SMFR/@@download/IGVFFI5964SMFR.fastq.gz	s3://igvf-public/2025/02/05/424a7754-471d-475e-93f9-191dfc4c26ed/IGVFFI5964SMFR.fastq.gz
IGVFFI8239ATVW	raw	IGVFDS8285DFYN	C29;C37;C38;C39	9;12;14;16	reads	fastq	19090970984	ecc3fadac4821f0bb63042b6692387a5	https://api.data.igvf.org/sequence-files/IGVFFI8239ATVW/@@download/IGVFFI8239ATVW.fastq.gz	s3://igvf-public/2025/01/17/f91800bd-589c-4dd9-a974-26c1f8d7646b/IGVFFI8239ATVW.fastq.gz
IGVFFI2410EWQZ	raw	IGVFDS8285DFYN	C29;C37;C38;C39	9;12;14;16	seqspec	yaml	1404	c99404d00d0cfaabb741117eeb06fdf1	https://api.data.igvf.org/configuration-files/IGVFFI2410EWQZ/@@download/IGVFFI2410EWQZ.yaml.gz	s3://igvf-public/2025/02/09/f427fbaa-64a1-45a9-a903-01c59c5a2b91/IGVFFI2410EWQZ.yaml.gz
IGVFFI6368UTFF	raw	IGVFDS8285DFYN	C29;C37;C38;C39	9;12;14;16	seqspec	yaml	1246	ec9ed125b8c168fdd6088d9de7c10c69	https://api.data.igvf.org/configuration-files/IGVFFI6368UTFF/@@download/IGVFFI6368UTFF.yaml.gz	s3://igvf-public/2025/09/15/c6ac42a6-1153-4fba-986e-b5585276ed3c/IGVFFI6368UTFF.yaml.gz
IGVFFI0857YVTH	raw	IGVFDS3717ZQOY	C29;C37;C38;C39	9;12;14;16	reads	fastq	13496164519	2ada4a1f41e4834f881d0c6eb8e9627d	https://api.data.igvf.org/sequence-files/IGVFFI0857YVTH/@@download/IGVFFI0857YVTH.fastq.gz	s3://igvf-public/2025/02/04/2dfcbb90-0b64-4836-ba92-f4b8c85db851/IGVFFI0857YVTH.fastq.gz
IGVFFI4871USUJ	raw	IGVFDS3717ZQOY	C29;C37;C38;C39	9;12;14;16	reads	fastq	1914274190	29f3ff2321eb275ae27d260252d3e1ca	https://api.data.igvf.org/sequence-files/IGVFFI4871USUJ/@@download/IGVFFI4871USUJ.fastq.gz	s3://igvf-public/2025/02/04/f77706f4-d642-4464-8a7a-1db6d07dc706/IGVFFI4871USUJ.fastq.gz
IGVFFI6485AENI	raw	IGVFDS3717ZQOY	C29;C37;C38;C39	9;12;14;16	reads	fastq	1916707678	3376d6426a022966cf925d6fc7bff505	https://api.data.igvf.org/sequence-files/IGVFFI6485AENI/@@download/IGVFFI6485AENI.fastq.gz	s3://igvf-public/2025/02/04/8146e7a8-c989-45bb-966e-52786bbf3dbe/IGVFFI6485AENI.fastq.gz
IGVFFI6929GZGG	raw	IGVFDS3717ZQOY	C29;C37;C38;C39	9;12;14;16	reads	fastq	4170320566	ff5b150038a786f74b6f432a9b7f83f2	https://api.data.igvf.org/sequence-files/IGVFFI6929GZGG/@@download/IGVFFI6929GZGG.fastq.gz	s3://igvf-public/2025/02/04/463517c3-7064-4b62-a9ea-7e9248f3b6b3/IGVFFI6929GZGG.fastq.gz
IGVFFI7551DANQ	raw	IGVFDS3717ZQOY	C29;C37;C38;C39	9;12;14;16	reads	fastq	13452004160	b30858ea91ad967cb7fb7306cbe5fbe3	https://api.data.igvf.org/sequence-files/IGVFFI7551DANQ/@@download/IGVFFI7551DANQ.fastq.gz	s3://igvf-public/2025/02/04/919bfe59-32e1-46a7-ab7b-1d496c627368/IGVFFI7551DANQ.fastq.gz
IGVFFI7822RCIR	raw	IGVFDS3717ZQOY	C29;C37;C38;C39	9;12;14;16	reads	fastq	13436844612	cf8ba4c3beaf06c6d65cbddf968e59f7	https://api.data.igvf.org/sequence-files/IGVFFI7822RCIR/@@download/IGVFFI7822RCIR.fastq.gz	s3://igvf-public/2025/02/04/3fed0cc1-c188-4b53-9fec-8ef74fde7259/IGVFFI7822RCIR.fastq.gz
IGVFFI8557EBKC	raw	IGVFDS3717ZQOY	C29;C37;C38;C39	9;12;14;16	reads	fastq	4167622471	1950da3261e52d2f7790dff31e485030	https://api.data.igvf.org/sequence-files/IGVFFI8557EBKC/@@download/IGVFFI8557EBKC.fastq.gz	s3://igvf-public/2025/02/04/2ca54517-5d2c-4fe5-8a24-e81ab44a0268/IGVFFI8557EBKC.fastq.gz
IGVFFI9340XTLE	raw	IGVFDS3717ZQOY	C29;C37;C38;C39	9;12;14;16	reads	fastq	13471989344	3a21148151fa7af8f4bebf367ee2d8ea	https://api.data.igvf.org/sequence-files/IGVFFI9340XTLE/@@download/IGVFFI9340XTLE.fastq.gz	s3://igvf-public/2025/02/04/af940988-1345-4a99-8a55-9d641b9dcd9c/IGVFFI9340XTLE.fastq.gz
IGVFFI1372IPER	raw	IGVFDS3717ZQOY	C29;C37;C38;C39	9;12;14;16	seqspec	yaml	1309	3f3cbe97133804f39830539206d354f6	https://api.data.igvf.org/configuration-files/IGVFFI1372IPER/@@download/IGVFFI1372IPER.yaml.gz	s3://igvf-public/2025/09/15/d61a1720-192e-4f9f-9600-40bdb1183bfe/IGVFFI1372IPER.yaml.gz
IGVFFI1373OGTD	raw	IGVFDS3717ZQOY	C29;C37;C38;C39	9;12;14;16	seqspec	yaml	1390	c0e2d8dc040a240dfe59c2e37d1de665	https://api.data.igvf.org/configuration-files/IGVFFI1373OGTD/@@download/IGVFFI1373OGTD.yaml.gz	s3://igvf-public/2026/02/04/0dd24549-ad29-4311-945e-d8ebb0e7323d/IGVFFI1373OGTD.yaml.gz
IGVFFI2927UBIJ	raw	IGVFDS3717ZQOY	C29;C37;C38;C39	9;12;14;16	seqspec	yaml	1292	b04de086fcb6a145c591e91575b81075	https://api.data.igvf.org/configuration-files/IGVFFI2927UBIJ/@@download/IGVFFI2927UBIJ.yaml.gz	s3://igvf-public/2025/03/19/dbe70046-bd14-4151-adb0-0e03d8f282c2/IGVFFI2927UBIJ.yaml.gz
IGVFFI3681AXVO	raw	IGVFDS3717ZQOY	C29;C37;C38;C39	9;12;14;16	seqspec	yaml	1394	6f47321e4b0f7c44a09aeadde6827f41	https://api.data.igvf.org/configuration-files/IGVFFI3681AXVO/@@download/IGVFFI3681AXVO.yaml.gz	s3://igvf-public/2026/02/04/4e1c8032-71a7-497e-b33a-4b1db0516531/IGVFFI3681AXVO.yaml.gz
IGVFFI8722NPXL	raw	IGVFDS3717ZQOY	C29;C37;C38;C39	9;12;14;16	seqspec	yaml	1294	f36a03fdda31a6031dc85eb44728a3f4	https://api.data.igvf.org/configuration-files/IGVFFI8722NPXL/@@download/IGVFFI8722NPXL.yaml.gz	s3://igvf-public/2025/03/19/058d0d04-0fcd-44d7-9b7a-4eadfa0aa42c/IGVFFI8722NPXL.yaml.gz
IGVFFI1794ZOLC	raw	IGVFDS4662AALG	C29;C37;C38;C39	9;12;16;18	reads	fastq	13784011298	50dbdd3ad94e3bf3fd8bc97a17c4c851	https://api.data.igvf.org/sequence-files/IGVFFI1794ZOLC/@@download/IGVFFI1794ZOLC.fastq.gz	s3://igvf-public/2025/02/05/833c0838-60cc-4e00-a172-5f4cf01ba89d/IGVFFI1794ZOLC.fastq.gz
IGVFFI3654BKKV	raw	IGVFDS4662AALG	C29;C37;C38;C39	9;12;16;18	reads	fastq	17254864869	72188e04ec68f51a1045537a43aec928	https://api.data.igvf.org/sequence-files/IGVFFI3654BKKV/@@download/IGVFFI3654BKKV.fastq.gz	s3://igvf-public/2025/02/05/2cad3746-ba20-4068-a467-b7697d49a625/IGVFFI3654BKKV.fastq.gz
IGVFFI4187XTPJ	raw	IGVFDS4662AALG	C29;C37;C38;C39	9;12;16;18	seqspec	yaml	1246	0cb5f43ca387442678d77bb18dc0f160	https://api.data.igvf.org/configuration-files/IGVFFI4187XTPJ/@@download/IGVFFI4187XTPJ.yaml.gz	s3://igvf-public/2025/09/15/afdfe7d9-a7a7-49fa-9d53-07c6a1741ed4/IGVFFI4187XTPJ.yaml.gz
IGVFFI6261PKSN	raw	IGVFDS4662AALG	C29;C37;C38;C39	9;12;16;18	seqspec	yaml	1404	ecb136b34152e8240f3f8484c16ed168	https://api.data.igvf.org/configuration-files/IGVFFI6261PKSN/@@download/IGVFFI6261PKSN.yaml.gz	s3://igvf-public/2025/02/09/157b5bf2-de27-4bfd-9387-c288b4e4bf06/IGVFFI6261PKSN.yaml.gz
IGVFFI0240PCHE	raw	IGVFDS9564UMAZ	C29;C37;C38;C39	9;12;16;18	reads	fastq	19704039385	99a2c20f92dc2bd580a67c982ed6f0cf	https://api.data.igvf.org/sequence-files/IGVFFI0240PCHE/@@download/IGVFFI0240PCHE.fastq.gz	s3://igvf-public/2025/02/05/4a491f73-654c-4b63-a238-adffc1f8c536/IGVFFI0240PCHE.fastq.gz
IGVFFI1602AVUZ	raw	IGVFDS9564UMAZ	C29;C37;C38;C39	9;12;16;18	reads	fastq	20131478744	e14683bce1cc7fa9784accb188ccac2a	https://api.data.igvf.org/sequence-files/IGVFFI1602AVUZ/@@download/IGVFFI1602AVUZ.fastq.gz	s3://igvf-public/2025/02/05/f541c30a-c65a-4d2a-89df-8664b5d162cd/IGVFFI1602AVUZ.fastq.gz
IGVFFI3859FZXH	raw	IGVFDS9564UMAZ	C29;C37;C38;C39	9;12;16;18	reads	fastq	6104962201	1e5bf00362d46ad40b1a8d6ad2fa57d3	https://api.data.igvf.org/sequence-files/IGVFFI3859FZXH/@@download/IGVFFI3859FZXH.fastq.gz	s3://igvf-public/2025/02/05/a6b90306-696d-4950-a745-5792124ad86f/IGVFFI3859FZXH.fastq.gz
IGVFFI4136JOXA	raw	IGVFDS9564UMAZ	C29;C37;C38;C39	9;12;16;18	reads	fastq	6247218886	d5a2dffb3adffd69d6d720edf0b77807	https://api.data.igvf.org/sequence-files/IGVFFI4136JOXA/@@download/IGVFFI4136JOXA.fastq.gz	s3://igvf-public/2025/02/05/91e0756a-a871-421d-a009-aa148f86f638/IGVFFI4136JOXA.fastq.gz
IGVFFI5654NUAX	raw	IGVFDS9564UMAZ	C29;C37;C38;C39	9;12;16;18	reads	fastq	19257124035	cc10a5d5ff8780daf2c24553d3cdfbea	https://api.data.igvf.org/sequence-files/IGVFFI5654NUAX/@@download/IGVFFI5654NUAX.fastq.gz	s3://igvf-public/2025/02/05/8381dca6-e9b9-4860-9b75-fa48ee5844f0/IGVFFI5654NUAX.fastq.gz
IGVFFI6798QRYT	raw	IGVFDS9564UMAZ	C29;C37;C38;C39	9;12;16;18	reads	fastq	2533295307	e79899f655e2df52444661d52d56189e	https://api.data.igvf.org/sequence-files/IGVFFI6798QRYT/@@download/IGVFFI6798QRYT.fastq.gz	s3://igvf-public/2025/02/05/ce1f1a26-b274-4668-9e9c-f84830fb6ae7/IGVFFI6798QRYT.fastq.gz
IGVFFI7359ZLIK	raw	IGVFDS9564UMAZ	C29;C37;C38;C39	9;12;16;18	reads	fastq	18788167709	02649b46b8419e81a7009a60fb6053cf	https://api.data.igvf.org/sequence-files/IGVFFI7359ZLIK/@@download/IGVFFI7359ZLIK.fastq.gz	s3://igvf-public/2025/02/05/be1a6fb3-359f-4e5d-a57e-f56cd0807655/IGVFFI7359ZLIK.fastq.gz
IGVFFI8239GUAT	raw	IGVFDS9564UMAZ	C29;C37;C38;C39	9;12;16;18	reads	fastq	2477471451	cd270b56358d8342ac0a32ea84e3cc7a	https://api.data.igvf.org/sequence-files/IGVFFI8239GUAT/@@download/IGVFFI8239GUAT.fastq.gz	s3://igvf-public/2025/02/05/1baf056b-262c-4e73-8619-53b3490146d5/IGVFFI8239GUAT.fastq.gz
IGVFFI2102RLVI	raw	IGVFDS9564UMAZ	C29;C37;C38;C39	9;12;16;18	seqspec	yaml	1394	d86831d86becc2f2e9f29c64735fa0ea	https://api.data.igvf.org/configuration-files/IGVFFI2102RLVI/@@download/IGVFFI2102RLVI.yaml.gz	s3://igvf-public/2026/02/04/3af54d62-42b7-4a9d-b078-b18bf8b35e95/IGVFFI2102RLVI.yaml.gz
IGVFFI3167CEOJ	raw	IGVFDS9564UMAZ	C29;C37;C38;C39	9;12;16;18	seqspec	yaml	1295	84a3886bfbc59c54810d7e302150411e	https://api.data.igvf.org/configuration-files/IGVFFI3167CEOJ/@@download/IGVFFI3167CEOJ.yaml.gz	s3://igvf-public/2025/03/19/98b2b7c2-b610-461e-b85e-85e7769318b8/IGVFFI3167CEOJ.yaml.gz
IGVFFI4418ZXJU	raw	IGVFDS9564UMAZ	C29;C37;C38;C39	9;12;16;18	seqspec	yaml	1294	381fb2e37bb073e825240160b9eb3f37	https://api.data.igvf.org/configuration-files/IGVFFI4418ZXJU/@@download/IGVFFI4418ZXJU.yaml.gz	s3://igvf-public/2025/03/19/9ce515c8-d158-448d-842c-aec842c9ecf1/IGVFFI4418ZXJU.yaml.gz
IGVFFI6109YVCQ	raw	IGVFDS9564UMAZ	C29;C37;C38;C39	9;12;16;18	seqspec	yaml	1312	9a8bb84a3a0704bbfa14bfb5e551eec3	https://api.data.igvf.org/configuration-files/IGVFFI6109YVCQ/@@download/IGVFFI6109YVCQ.yaml.gz	s3://igvf-public/2025/09/15/749af45b-f36a-4a8b-bfce-652e1367e1d5/IGVFFI6109YVCQ.yaml.gz
IGVFFI7189IEMW	raw	IGVFDS9564UMAZ	C29;C37;C38;C39	9;12;16;18	seqspec	yaml	1397	80ecd085a1773eba4fe4a1d439bf4461	https://api.data.igvf.org/configuration-files/IGVFFI7189IEMW/@@download/IGVFFI7189IEMW.yaml.gz	s3://igvf-public/2026/02/04/c27aaffc-fd39-4527-8506-7dbb1fb57d11/IGVFFI7189IEMW.yaml.gz
IGVFFI0110EGKE	raw	IGVFDS3063GOYX	C29;C37;C38;C39	0;1;3;5	reads	fastq	17486872753	a7a078bf9777806d3f41f82a9581e0ba	https://api.data.igvf.org/sequence-files/IGVFFI0110EGKE/@@download/IGVFFI0110EGKE.fastq.gz	s3://igvf-public/2025/01/17/d78ac31c-28e7-4151-b8e9-83dc41e24f56/IGVFFI0110EGKE.fastq.gz
IGVFFI5441MLTR	raw	IGVFDS3063GOYX	C29;C37;C38;C39	0;1;3;5	reads	fastq	14292303247	a42e4ffbeab1a0de75431d38ab043dd9	https://api.data.igvf.org/sequence-files/IGVFFI5441MLTR/@@download/IGVFFI5441MLTR.fastq.gz	s3://igvf-public/2025/01/17/a47d992c-a4f1-429a-866e-0ad2235b29d3/IGVFFI5441MLTR.fastq.gz
IGVFFI8618YSSH	raw	IGVFDS3063GOYX	C29;C37;C38;C39	0;1;3;5	seqspec	yaml	1401	7ca6fdbc232bb4662367771fcef78ba5	https://api.data.igvf.org/configuration-files/IGVFFI8618YSSH/@@download/IGVFFI8618YSSH.yaml.gz	s3://igvf-public/2025/02/09/978755d4-df47-4f7b-b612-2c3914c12a4c/IGVFFI8618YSSH.yaml.gz
IGVFFI8820EXFG	raw	IGVFDS3063GOYX	C29;C37;C38;C39	0;1;3;5	seqspec	yaml	1244	9fbcc2e55e6f6056b1db5b44ec418d68	https://api.data.igvf.org/configuration-files/IGVFFI8820EXFG/@@download/IGVFFI8820EXFG.yaml.gz	s3://igvf-public/2025/09/15/ddbaee82-3dd5-4b34-a449-0108a23e425f/IGVFFI8820EXFG.yaml.gz
IGVFFI3348FEAV	raw	IGVFDS1459GLSU	C29;C37;C38;C39	0;1;3;5	reads	fastq	3690056605	e8eeb2bfb08f1736ca7945f448c8dee8	https://api.data.igvf.org/sequence-files/IGVFFI3348FEAV/@@download/IGVFFI3348FEAV.fastq.gz	s3://igvf-public/2025/02/04/720ec334-6f4a-4d56-94a7-31115c8cde0a/IGVFFI3348FEAV.fastq.gz
IGVFFI3589BHAD	raw	IGVFDS1459GLSU	C29;C37;C38;C39	0;1;3;5	reads	fastq	12154166247	2925003db56f775d7229579692077000	https://api.data.igvf.org/sequence-files/IGVFFI3589BHAD/@@download/IGVFFI3589BHAD.fastq.gz	s3://igvf-public/2025/02/04/6f370b7a-0cb0-4965-94f2-91aae5f3dbe4/IGVFFI3589BHAD.fastq.gz
IGVFFI3645OBLX	raw	IGVFDS1459GLSU	C29;C37;C38;C39	0;1;3;5	reads	fastq	11637181484	8d60367ff60c1d00e644ccf5eb9e358f	https://api.data.igvf.org/sequence-files/IGVFFI3645OBLX/@@download/IGVFFI3645OBLX.fastq.gz	s3://igvf-public/2025/02/04/219ac444-4209-4fdf-8645-80eb3cf078f0/IGVFFI3645OBLX.fastq.gz
IGVFFI4125CVCP	raw	IGVFDS1459GLSU	C29;C37;C38;C39	0;1;3;5	reads	fastq	1591879147	b6090aff491bdf35f08676e3a1a3c105	https://api.data.igvf.org/sequence-files/IGVFFI4125CVCP/@@download/IGVFFI4125CVCP.fastq.gz	s3://igvf-public/2025/02/04/742db23f-2aaa-4725-a580-91c1d1c7aaba/IGVFFI4125CVCP.fastq.gz
IGVFFI5187ELPT	raw	IGVFDS1459GLSU	C29;C37;C38;C39	0;1;3;5	reads	fastq	12069598509	fed1ddfa3971e93d7ceb207337bbe057	https://api.data.igvf.org/sequence-files/IGVFFI5187ELPT/@@download/IGVFFI5187ELPT.fastq.gz	s3://igvf-public/2025/02/04/c6ef5afd-96f3-4837-9733-32840582eedb/IGVFFI5187ELPT.fastq.gz
IGVFFI7693RSEM	raw	IGVFDS1459GLSU	C29;C37;C38;C39	0;1;3;5	reads	fastq	1582510613	60026e29cd1705e3abca6c07c678e89f	https://api.data.igvf.org/sequence-files/IGVFFI7693RSEM/@@download/IGVFFI7693RSEM.fastq.gz	s3://igvf-public/2024/11/15/a053dc16-8774-4732-8b56-8cf5646dad18/IGVFFI7693RSEM.fastq.gz
IGVFFI8322BHJU	raw	IGVFDS1459GLSU	C29;C37;C38;C39	0;1;3;5	reads	fastq	11593238291	d1314b48d07fbb882f7f416410308b5e	https://api.data.igvf.org/sequence-files/IGVFFI8322BHJU/@@download/IGVFFI8322BHJU.fastq.gz	s3://igvf-public/2025/02/05/c54fa309-834d-416d-a81f-197995b648be/IGVFFI8322BHJU.fastq.gz
IGVFFI9736RWYY	raw	IGVFDS1459GLSU	C29;C37;C38;C39	0;1;3;5	reads	fastq	3708462076	46a5886eb1c17821f6a4d60df0d29359	https://api.data.igvf.org/sequence-files/IGVFFI9736RWYY/@@download/IGVFFI9736RWYY.fastq.gz	s3://igvf-public/2025/02/04/bc4d7e40-e308-4079-8a79-51ca67e20f8f/IGVFFI9736RWYY.fastq.gz
IGVFFI1768KCMX	raw	IGVFDS1459GLSU	C29;C37;C38;C39	0;1;3;5	seqspec	yaml	1296	cfc7ad10e831ff286323fd272946024a	https://api.data.igvf.org/configuration-files/IGVFFI1768KCMX/@@download/IGVFFI1768KCMX.yaml.gz	s3://igvf-public/2025/03/19/e2666b8f-60b6-4db4-863c-1b5f5548072e/IGVFFI1768KCMX.yaml.gz
IGVFFI3172DSES	raw	IGVFDS1459GLSU	C29;C37;C38;C39	0;1;3;5	seqspec	yaml	1314	0dc8a73a92a7a2118abb591196fe490e	https://api.data.igvf.org/configuration-files/IGVFFI3172DSES/@@download/IGVFFI3172DSES.yaml.gz	s3://igvf-public/2025/09/15/df90fbe2-4939-404b-b1e6-cb6e137501d1/IGVFFI3172DSES.yaml.gz
IGVFFI3327CHTU	raw	IGVFDS1459GLSU	C29;C37;C38;C39	0;1;3;5	seqspec	yaml	1400	b2e62de81a03424f65d0433ca9d117d4	https://api.data.igvf.org/configuration-files/IGVFFI3327CHTU/@@download/IGVFFI3327CHTU.yaml.gz	s3://igvf-public/2026/02/04/19c4b6b1-9249-42ec-a9dd-f84afa71285d/IGVFFI3327CHTU.yaml.gz
IGVFFI3746CVGD	raw	IGVFDS1459GLSU	C29;C37;C38;C39	0;1;3;5	seqspec	yaml	1396	5e896190bce34ca36789c281f71e4093	https://api.data.igvf.org/configuration-files/IGVFFI3746CVGD/@@download/IGVFFI3746CVGD.yaml.gz	s3://igvf-public/2026/02/04/7b0c7432-fa5c-4203-95ea-ef5c016b9144/IGVFFI3746CVGD.yaml.gz
IGVFFI4250OFWO	raw	IGVFDS1459GLSU	C29;C37;C38;C39	0;1;3;5	seqspec	yaml	1295	30eca0b5ceeb82a4159d238ecb3237c3	https://api.data.igvf.org/configuration-files/IGVFFI4250OFWO/@@download/IGVFFI4250OFWO.yaml.gz	s3://igvf-public/2025/03/19/19ff0da5-8624-479e-a505-d8fd6dcbc327/IGVFFI4250OFWO.yaml.gz
IGVFFI2467WSER	raw	IGVFDS1157ISDS	C29;C37;C38;C39	0;1;3;7	reads	fastq	21508827036	39621f6ee1ec995fde17584bc693e610	https://api.data.igvf.org/sequence-files/IGVFFI2467WSER/@@download/IGVFFI2467WSER.fastq.gz	s3://igvf-public/2025/01/17/b0bafdd3-bfef-47ae-9f5d-2a3e8b458958/IGVFFI2467WSER.fastq.gz
IGVFFI9810BCAJ	raw	IGVFDS1157ISDS	C29;C37;C38;C39	0;1;3;7	reads	fastq	17518014166	dca3ca9922acddb5c4077c4ddbd47d89	https://api.data.igvf.org/sequence-files/IGVFFI9810BCAJ/@@download/IGVFFI9810BCAJ.fastq.gz	s3://igvf-public/2025/01/17/00408545-0070-4f0a-865b-e0f5ebcbf67f/IGVFFI9810BCAJ.fastq.gz
IGVFFI7236JLKU	raw	IGVFDS1157ISDS	C29;C37;C38;C39	0;1;3;7	seqspec	yaml	1243	d70c93ce4b6060eb9a766881fb8b6371	https://api.data.igvf.org/configuration-files/IGVFFI7236JLKU/@@download/IGVFFI7236JLKU.yaml.gz	s3://igvf-public/2025/09/15/88696b7a-adda-467d-828b-2936b7dbb3c9/IGVFFI7236JLKU.yaml.gz
IGVFFI8101TQYZ	raw	IGVFDS1157ISDS	C29;C37;C38;C39	0;1;3;7	seqspec	yaml	1398	1186b35e0b180b5076c1bc2d0006e236	https://api.data.igvf.org/configuration-files/IGVFFI8101TQYZ/@@download/IGVFFI8101TQYZ.yaml.gz	s3://igvf-public/2025/02/09/33e09a06-7ae5-4c84-9f26-ca03f8167717/IGVFFI8101TQYZ.yaml.gz
IGVFFI0197YGQK	raw	IGVFDS3441CZQC	C29;C37;C38;C39	0;1;3;7	reads	fastq	14042626769	b4feec675dc08e12f5360c4ab6f5728e	https://api.data.igvf.org/sequence-files/IGVFFI0197YGQK/@@download/IGVFFI0197YGQK.fastq.gz	s3://igvf-public/2025/02/04/c4fcf1ac-cfd7-44ed-9aa9-27b5a682b298/IGVFFI0197YGQK.fastq.gz
IGVFFI0643WRFX	raw	IGVFDS3441CZQC	C29;C37;C38;C39	0;1;3;7	reads	fastq	1960026077	06052d79f6ed039936b5b8ceafbb8243	https://api.data.igvf.org/sequence-files/IGVFFI0643WRFX/@@download/IGVFFI0643WRFX.fastq.gz	s3://igvf-public/2025/02/04/aa0e7e4c-a171-45fe-884c-ada7eb15e2b9/IGVFFI0643WRFX.fastq.gz
IGVFFI1348AFUY	raw	IGVFDS3441CZQC	C29;C37;C38;C39	0;1;3;7	reads	fastq	4598086327	63ae3a75c891aa0a97584a008ffe461a	https://api.data.igvf.org/sequence-files/IGVFFI1348AFUY/@@download/IGVFFI1348AFUY.fastq.gz	s3://igvf-public/2025/02/04/26367646-d409-436e-9550-cd1559d6b1c5/IGVFFI1348AFUY.fastq.gz
IGVFFI3928HUMA	raw	IGVFDS3441CZQC	C29;C37;C38;C39	0;1;3;7	reads	fastq	4547573439	564621934c769a1344d6affede38c60f	https://api.data.igvf.org/sequence-files/IGVFFI3928HUMA/@@download/IGVFFI3928HUMA.fastq.gz	s3://igvf-public/2025/02/04/599a1d7a-f0e8-4f3d-a81b-479cbd086d98/IGVFFI3928HUMA.fastq.gz
IGVFFI3968KNNB	raw	IGVFDS3441CZQC	C29;C37;C38;C39	0;1;3;7	reads	fastq	14192416785	c44bc73b98861f98010d5e99685e21da	https://api.data.igvf.org/sequence-files/IGVFFI3968KNNB/@@download/IGVFFI3968KNNB.fastq.gz	s3://igvf-public/2025/02/04/6221ff9c-8b81-4948-8fba-c84d633a8d77/IGVFFI3968KNNB.fastq.gz
IGVFFI4048IXSL	raw	IGVFDS3441CZQC	C29;C37;C38;C39	0;1;3;7	reads	fastq	14846873229	344d86bf086fe9b52236530d6d4e095a	https://api.data.igvf.org/sequence-files/IGVFFI4048IXSL/@@download/IGVFFI4048IXSL.fastq.gz	s3://igvf-public/2025/02/04/3a2214ea-ad50-4f33-be76-5a050c2875eb/IGVFFI4048IXSL.fastq.gz
IGVFFI7328QVDN	raw	IGVFDS3441CZQC	C29;C37;C38;C39	0;1;3;7	reads	fastq	14642928469	e8c132e83e9c2393d110a3750f77eebc	https://api.data.igvf.org/sequence-files/IGVFFI7328QVDN/@@download/IGVFFI7328QVDN.fastq.gz	s3://igvf-public/2025/02/04/4e243e46-f8df-42ee-88f1-44efc6701976/IGVFFI7328QVDN.fastq.gz
IGVFFI7881VOQF	raw	IGVFDS3441CZQC	C29;C37;C38;C39	0;1;3;7	reads	fastq	1982196487	46ec15331145da3297de1bdd99622d67	https://api.data.igvf.org/sequence-files/IGVFFI7881VOQF/@@download/IGVFFI7881VOQF.fastq.gz	s3://igvf-public/2025/02/04/b6a47411-e653-4e52-90a2-74fd173bcfa1/IGVFFI7881VOQF.fastq.gz
IGVFFI2455XYPU	raw	IGVFDS3441CZQC	C29;C37;C38;C39	0;1;3;7	seqspec	yaml	1292	a71b37211a55d5701775325f5490b16b	https://api.data.igvf.org/configuration-files/IGVFFI2455XYPU/@@download/IGVFFI2455XYPU.yaml.gz	s3://igvf-public/2025/03/19/556d8539-8161-4ba1-8555-66264eabb639/IGVFFI2455XYPU.yaml.gz
IGVFFI3025ZOBC	raw	IGVFDS3441CZQC	C29;C37;C38;C39	0;1;3;7	seqspec	yaml	1310	76e7bf2f9cfa931323d3205bccff4b36	https://api.data.igvf.org/configuration-files/IGVFFI3025ZOBC/@@download/IGVFFI3025ZOBC.yaml.gz	s3://igvf-public/2025/09/15/335dbb58-99a3-4d41-a0a6-99d05127c330/IGVFFI3025ZOBC.yaml.gz
IGVFFI4236HSDP	raw	IGVFDS3441CZQC	C29;C37;C38;C39	0;1;3;7	seqspec	yaml	1394	4e520a9a3e983ec589fec22ad6785322	https://api.data.igvf.org/configuration-files/IGVFFI4236HSDP/@@download/IGVFFI4236HSDP.yaml.gz	s3://igvf-public/2026/02/04/17e3b442-7634-4f3d-b931-16a9d63f8d97/IGVFFI4236HSDP.yaml.gz
IGVFFI5355QREU	raw	IGVFDS3441CZQC	C29;C37;C38;C39	0;1;3;7	seqspec	yaml	1391	a6ff0dc88f02a9e282ea259fef957ba7	https://api.data.igvf.org/configuration-files/IGVFFI5355QREU/@@download/IGVFFI5355QREU.yaml.gz	s3://igvf-public/2026/02/04/96ab01ad-e003-4c3b-887d-b1771558b772/IGVFFI5355QREU.yaml.gz
IGVFFI9493TGFB	raw	IGVFDS3441CZQC	C29;C37;C38;C39	0;1;3;7	seqspec	yaml	1292	b48da5cb8304592a004d7986cd9f3ede	https://api.data.igvf.org/configuration-files/IGVFFI9493TGFB/@@download/IGVFFI9493TGFB.yaml.gz	s3://igvf-public/2025/03/19/52357d99-f04f-4ec7-833f-c7d5dddbbc1d/IGVFFI9493TGFB.yaml.gz
IGVFFI1246WERI	analysis-ready	IGVFDS9439VWMI	C29;C37;C38;C39	0;1;3;5;7;9;12;14;16;18	cell annotations	tsv	666008	59fd44b9bcb234439a981f575f0a0ac6	https://api.data.igvf.org/tabular-files/IGVFFI1246WERI/@@download/IGVFFI1246WERI.tsv.gz	s3://igvf-public/2026/07/17/e66fdad8-86d6-4b07-b3ea-83b6f23d0555/IGVFFI1246WERI.tsv.gz
IGVFFI1302NBKA	analysis-ready	IGVFDS9439VWMI	C29;C37;C38;C39	0;1;3;5;7;9;12;14;16;18	cell by bin methylation count matrix	h5ad	396939809	277d91f0fc4a05c1eb341943635d9a99	https://api.data.igvf.org/matrix-files/IGVFFI1302NBKA/@@download/IGVFFI1302NBKA.h5ad	s3://igvf-public/2026/07/17/8645eb31-211b-4fe0-963a-2751d282727a/IGVFFI1302NBKA.h5ad
IGVFFI5791QURW	analysis-ready	IGVFDS9439VWMI	C29;C37;C38;C39	0;1;3;5;7;9;12;14;16;18	cell by gene matrix	h5ad	1174327796	c6e8618df676f5da846c6ce668074380	https://api.data.igvf.org/matrix-files/IGVFFI5791QURW/@@download/IGVFFI5791QURW.h5ad	s3://igvf-public/2026/07/17/78cf3445-dac3-444e-9b26-50c274c21a6d/IGVFFI5791QURW.h5ad
IGVFFI2486XATY	analysis-ready	IGVFDS9439VWMI	C29;C37;C38;C39	0;1;3;5;7;9;12;14;16;18	cell by position methylation count matrix	h5ad	339847248872	2f6240a097b4b5082ab1d08a7965ac2f	https://api.data.igvf.org/matrix-files/IGVFFI2486XATY/@@download/IGVFFI2486XATY.h5ad	s3://igvf-public/2026/07/27/25c5312a-f63e-4b25-ab43-e8ced84fbba4/IGVFFI2486XATY.h5ad
IGVFFI2162MFZO	analysis-ready	IGVFDS9439VWMI	C29;C37;C38;C39	0;1;3;5;7;9;12;14;16;18	methylation regions	bed	14586	b3795fdbf786b630c12248a19695f1d7	https://api.data.igvf.org/tabular-files/IGVFFI2162MFZO/@@download/IGVFFI2162MFZO.bed.gz	s3://igvf-public/2026/07/17/458e332f-7631-4a26-a8de-48433c361ab3/IGVFFI2162MFZO.bed.gz
IGVFFI3689YXUC	processed	IGVFDS5076PIWR	C29	0	alignments	bam	5023225992	585a5bdaffa453905c37a3ba271e2f20	https://api.data.igvf.org/alignment-files/IGVFFI3689YXUC/@@download/IGVFFI3689YXUC.bam	s3://igvf-public/2026/02/03/95c2640c-b5cc-452e-81e7-9f6be4b87db2/IGVFFI3689YXUC.bam
IGVFFI8355YEKZ	processed	IGVFDS5076PIWR	C29	0	alignments	bam	39540574738	da059bed4077fd0b6f96d0aa0eb5fcec	https://api.data.igvf.org/alignment-files/IGVFFI8355YEKZ/@@download/IGVFFI8355YEKZ.bam	s3://igvf-public/2026/01/28/5d83af60-a6c8-4e09-9f6f-67118651d09a/IGVFFI8355YEKZ.bam
IGVFFI9133AYQQ	processed	IGVFDS5076PIWR	C29	0	cell by bin methylation count matrix	h5ad	69745136	2bbd191f961d61335d90fc9113516edf	https://api.data.igvf.org/matrix-files/IGVFFI9133AYQQ/@@download/IGVFFI9133AYQQ.h5ad	s3://igvf-public/2026/01/28/8d2130ad-612f-412b-8055-72a1ff2b308f/IGVFFI9133AYQQ.h5ad
IGVFFI5191EJCX	processed	IGVFDS5076PIWR	C29	0	cell by gene matrix	h5ad	43564360	8e828e1c05c7ff476c58134ac66a9d01	https://api.data.igvf.org/matrix-files/IGVFFI5191EJCX/@@download/IGVFFI5191EJCX.h5ad	s3://igvf-public/2026/01/28/b15d0d2e-73d1-4a28-8563-0400765b474e/IGVFFI5191EJCX.h5ad
IGVFFI9702HFXQ	processed	IGVFDS5076PIWR	C29	0	cell by position methylation count matrix	h5ad	8999829192	fe498572defa297ea8d6527d72930c67	https://api.data.igvf.org/matrix-files/IGVFFI9702HFXQ/@@download/IGVFFI9702HFXQ.h5ad	s3://igvf-public/2026/02/17/3224ea0f-d55c-4c18-a337-80c5f8d471e9/IGVFFI9702HFXQ.h5ad
IGVFFI4972AOAZ	processed	IGVFDS5076PIWR	C29	0	methylation counts	tsv	147712600	22992f14bb8c14e2836bfb8197c92bb7	https://api.data.igvf.org/tabular-files/IGVFFI4972AOAZ/@@download/IGVFFI4972AOAZ.tsv.gz	s3://igvf-public/2026/01/28/1df2758c-c777-458d-87ee-e65acceb5321/IGVFFI4972AOAZ.tsv.gz
IGVFFI8024ZQKH	processed	IGVFDS5076PIWR	C29	0	per-cell quality report	tsv	697404	69d6a5f903d32c8b8b7a59d979dc61ff	https://api.data.igvf.org/tabular-files/IGVFFI8024ZQKH/@@download/IGVFFI8024ZQKH.tsv.gz	s3://igvf-public/2026/07/31/b45884c8-03db-46e4-95d1-572ecdb4f8c6/IGVFFI8024ZQKH.tsv.gz
IGVFFI2661ULFD	processed	IGVFDS8836DLQV	C29	12	alignments	bam	6145820392	c5080206a898d4ffa8f9a9321a6f0c9d	https://api.data.igvf.org/alignment-files/IGVFFI2661ULFD/@@download/IGVFFI2661ULFD.bam	s3://igvf-public/2026/02/03/0b30b5fe-2ecb-4125-b9d8-581392043c37/IGVFFI2661ULFD.bam
IGVFFI5178FZXL	processed	IGVFDS8836DLQV	C29	12	alignments	bam	43659357771	3b05c210f5046a1b2e7e8a2741d851ee	https://api.data.igvf.org/alignment-files/IGVFFI5178FZXL/@@download/IGVFFI5178FZXL.bam	s3://igvf-public/2026/01/28/926642d3-f312-4129-965c-e3cedddb8f33/IGVFFI5178FZXL.bam
IGVFFI7181BQAE	processed	IGVFDS8836DLQV	C29	12	cell by bin methylation count matrix	h5ad	62494560	9fa9efef66f6b3df8131089038a5a241	https://api.data.igvf.org/matrix-files/IGVFFI7181BQAE/@@download/IGVFFI7181BQAE.h5ad	s3://igvf-public/2026/01/28/cf9c6c07-883c-458a-a690-5ee694b92a23/IGVFFI7181BQAE.h5ad
IGVFFI3986ETKZ	processed	IGVFDS8836DLQV	C29	12	cell by gene matrix	h5ad	42609736	5f87f23cd735156310134c979f5acd9c	https://api.data.igvf.org/matrix-files/IGVFFI3986ETKZ/@@download/IGVFFI3986ETKZ.h5ad	s3://igvf-public/2026/01/28/da366d57-d4f5-482c-aec5-e3d794eb7c13/IGVFFI3986ETKZ.h5ad
IGVFFI4994MYKE	processed	IGVFDS8836DLQV	C29	12	cell by position methylation count matrix	h5ad	10152334872	bfbf1a4f2c06fc9b642bb3d95426c4cc	https://api.data.igvf.org/matrix-files/IGVFFI4994MYKE/@@download/IGVFFI4994MYKE.h5ad	s3://igvf-public/2026/02/17/aa674e67-5507-4325-a496-c29aa84e2423/IGVFFI4994MYKE.h5ad
IGVFFI5692YDAG	processed	IGVFDS8836DLQV	C29	12	methylation counts	tsv	150342368	03b46cf0fb146900f0cfbc150f10891b	https://api.data.igvf.org/tabular-files/IGVFFI5692YDAG/@@download/IGVFFI5692YDAG.tsv.gz	s3://igvf-public/2026/01/28/88ee43b9-8319-4ed8-8d4b-35dd19de81ea/IGVFFI5692YDAG.tsv.gz
IGVFFI3365YUAW	processed	IGVFDS8836DLQV	C29	12	per-cell quality report	tsv	767566	32bbd0b1d9f04906bd89888d819db3df	https://api.data.igvf.org/tabular-files/IGVFFI3365YUAW/@@download/IGVFFI3365YUAW.tsv.gz	s3://igvf-public/2026/07/31/454139c9-635b-4a56-92f2-c0d55520a1cd/IGVFFI3365YUAW.tsv.gz
IGVFFI3692UNWC	processed	IGVFDS9484BLBL	C29	14	alignments	bam	40526657844	d910f7ba02be3388f70c1b59cf9aaaf5	https://api.data.igvf.org/alignment-files/IGVFFI3692UNWC/@@download/IGVFFI3692UNWC.bam	s3://igvf-public/2026/01/28/639dc94e-6c1f-436d-887e-1ae35645d29c/IGVFFI3692UNWC.bam
IGVFFI5696NKHC	processed	IGVFDS9484BLBL	C29	14	alignments	bam	1619582589	5aa1544d283b749774e3d70399fd9401	https://api.data.igvf.org/alignment-files/IGVFFI5696NKHC/@@download/IGVFFI5696NKHC.bam	s3://igvf-public/2026/02/03/eb7c8266-bad0-459a-b7a2-0e214072f0b3/IGVFFI5696NKHC.bam
IGVFFI8012HWPD	processed	IGVFDS9484BLBL	C29	14	cell by bin methylation count matrix	h5ad	13912256	dec7a8d8ed7b74414203528ccb7f8bad	https://api.data.igvf.org/matrix-files/IGVFFI8012HWPD/@@download/IGVFFI8012HWPD.h5ad	s3://igvf-public/2026/01/28/033ec46f-6ced-44b0-9093-85752a660879/IGVFFI8012HWPD.h5ad
IGVFFI8374SUVQ	processed	IGVFDS9484BLBL	C29	14	cell by gene matrix	h5ad	12854992	af15f513ea4cea4654beda18a04635b9	https://api.data.igvf.org/matrix-files/IGVFFI8374SUVQ/@@download/IGVFFI8374SUVQ.h5ad	s3://igvf-public/2026/01/28/588e8971-9fd0-434a-b262-29d7de65c480/IGVFFI8374SUVQ.h5ad
IGVFFI9093VHWC	processed	IGVFDS9484BLBL	C29	14	cell by position methylation count matrix	h5ad	9522883160	edc24b7a4d5c723343a9e4baf9f42828	https://api.data.igvf.org/matrix-files/IGVFFI9093VHWC/@@download/IGVFFI9093VHWC.h5ad	s3://igvf-public/2026/02/17/a9cf39a6-cf0f-4015-aec4-1879ce892233/IGVFFI9093VHWC.h5ad
IGVFFI1278KEDL	processed	IGVFDS9484BLBL	C29	14	methylation counts	tsv	149143151	552f12be5d18ab3f2e3b4251edfce3a4	https://api.data.igvf.org/tabular-files/IGVFFI1278KEDL/@@download/IGVFFI1278KEDL.tsv.gz	s3://igvf-public/2026/01/28/0d3a0d15-0fa8-49b2-a213-977892311cc1/IGVFFI1278KEDL.tsv.gz
IGVFFI6000XMAE	processed	IGVFDS9484BLBL	C29	14	per-cell quality report	tsv	729469	933ff0910a9831a968acb32319812f26	https://api.data.igvf.org/tabular-files/IGVFFI6000XMAE/@@download/IGVFFI6000XMAE.tsv.gz	s3://igvf-public/2026/07/31/74bb59f2-7df8-4a5d-9472-d916869c4a4e/IGVFFI6000XMAE.tsv.gz
IGVFFI1723GBGF	processed	IGVFDS4203PZOT	C29	16	alignments	bam	8661765664	1a83d30b04c8fce384c3ee613f46cef5	https://api.data.igvf.org/alignment-files/IGVFFI1723GBGF/@@download/IGVFFI1723GBGF.bam	s3://igvf-public/2026/02/03/2de366fa-d487-4e1a-8458-d646bd1a88f8/IGVFFI1723GBGF.bam
IGVFFI5165XXQI	processed	IGVFDS4203PZOT	C29	16	alignments	bam	47505264835	f35d2c8d05443f3074a96345ca72f32e	https://api.data.igvf.org/alignment-files/IGVFFI5165XXQI/@@download/IGVFFI5165XXQI.bam	s3://igvf-public/2026/01/28/8f51b9a2-c081-45c3-9836-78f3d0c83146/IGVFFI5165XXQI.bam
IGVFFI0881TXSM	processed	IGVFDS4203PZOT	C29	16	cell by bin methylation count matrix	h5ad	55246032	f0bdeb7c189b025a36317860cb75caa7	https://api.data.igvf.org/matrix-files/IGVFFI0881TXSM/@@download/IGVFFI0881TXSM.h5ad	s3://igvf-public/2026/01/28/295ce86c-d35a-4c39-9726-66109013520f/IGVFFI0881TXSM.h5ad
IGVFFI7553XHSV	processed	IGVFDS4203PZOT	C29	16	cell by gene matrix	h5ad	41877792	351ddfeaf76c4ce6e84bf2aee79ba6e8	https://api.data.igvf.org/matrix-files/IGVFFI7553XHSV/@@download/IGVFFI7553XHSV.h5ad	s3://igvf-public/2026/01/28/7b742a84-3197-4676-b27c-a24c84657620/IGVFFI7553XHSV.h5ad
IGVFFI3491ZSGW	processed	IGVFDS4203PZOT	C29	16	cell by position methylation count matrix	h5ad	11212477952	d0ed78de516dbc57d63544870bf19b1b	https://api.data.igvf.org/matrix-files/IGVFFI3491ZSGW/@@download/IGVFFI3491ZSGW.h5ad	s3://igvf-public/2026/02/17/68a9eef3-840d-4b76-b9c6-db4ee2151c34/IGVFFI3491ZSGW.h5ad
IGVFFI6076AJNN	processed	IGVFDS4203PZOT	C29	16	methylation counts	tsv	151859491	a7a8869deb4e2cfeb8f2d83cd379baea	https://api.data.igvf.org/tabular-files/IGVFFI6076AJNN/@@download/IGVFFI6076AJNN.tsv.gz	s3://igvf-public/2026/01/28/ad2684d2-ca70-47ba-b9d5-70c3353729a5/IGVFFI6076AJNN.tsv.gz
IGVFFI8493GEQR	processed	IGVFDS4203PZOT	C29	16	per-cell quality report	tsv	735952	fc80b1971c207cffc607f9dfceda30b5	https://api.data.igvf.org/tabular-files/IGVFFI8493GEQR/@@download/IGVFFI8493GEQR.tsv.gz	s3://igvf-public/2026/07/31/104cbb15-bb0d-4cdb-bb92-9ff288967089/IGVFFI8493GEQR.tsv.gz
IGVFFI4100QOBT	processed	IGVFDS5336OSRG	C29	18	alignments	bam	6433998850	a7c57678d0903c728d5b439e5f722139	https://api.data.igvf.org/alignment-files/IGVFFI4100QOBT/@@download/IGVFFI4100QOBT.bam	s3://igvf-public/2026/02/03/deb5c727-9a31-4008-8b38-cf0a08650106/IGVFFI4100QOBT.bam
IGVFFI8002HDXA	processed	IGVFDS5336OSRG	C29	18	alignments	bam	51094376296	b28c2481a6f1137c4fb56a7f754f5c86	https://api.data.igvf.org/alignment-files/IGVFFI8002HDXA/@@download/IGVFFI8002HDXA.bam	s3://igvf-public/2026/01/28/c833795b-0e05-4a1a-9eba-9e45b208001f/IGVFFI8002HDXA.bam
IGVFFI4164SYTP	processed	IGVFDS5336OSRG	C29	18	cell by bin methylation count matrix	h5ad	57317040	ee0d78edc318d51ef9ca4234e5a077fa	https://api.data.igvf.org/matrix-files/IGVFFI4164SYTP/@@download/IGVFFI4164SYTP.h5ad	s3://igvf-public/2026/01/28/f08dbffa-f8f4-4af9-a3b6-c7aae397a82b/IGVFFI4164SYTP.h5ad
IGVFFI0471NXWI	processed	IGVFDS5336OSRG	C29	18	cell by gene matrix	h5ad	41236352	323e1f90ab51341af44e87284717dba9	https://api.data.igvf.org/matrix-files/IGVFFI0471NXWI/@@download/IGVFFI0471NXWI.h5ad	s3://igvf-public/2026/01/28/3f01c3f0-47e7-48e4-9d9b-fb3df6a7b999/IGVFFI0471NXWI.h5ad
IGVFFI3171MPIX	processed	IGVFDS5336OSRG	C29	18	cell by position methylation count matrix	h5ad	12279666176	4b92bc946992c6b7ba0821a79bf13f63	https://api.data.igvf.org/matrix-files/IGVFFI3171MPIX/@@download/IGVFFI3171MPIX.h5ad	s3://igvf-public/2026/02/17/a7bd14e6-b8f7-4d48-875a-c4a0a827fd33/IGVFFI3171MPIX.h5ad
IGVFFI6287DYDB	processed	IGVFDS5336OSRG	C29	18	methylation counts	tsv	153680007	6e43bcf607b2b85a98b2282ecd43574c	https://api.data.igvf.org/tabular-files/IGVFFI6287DYDB/@@download/IGVFFI6287DYDB.tsv.gz	s3://igvf-public/2026/01/28/5f18002e-c075-4364-85bd-0713d1e58fec/IGVFFI6287DYDB.tsv.gz
IGVFFI0251VHWB	processed	IGVFDS5336OSRG	C29	18	per-cell quality report	tsv	807549	31cc21e08c721dc207599c338e1e201a	https://api.data.igvf.org/tabular-files/IGVFFI0251VHWB/@@download/IGVFFI0251VHWB.tsv.gz	s3://igvf-public/2026/07/31/79587712-a7ed-408e-a54c-234450d0b1e4/IGVFFI0251VHWB.tsv.gz
IGVFFI5102VJJW	processed	IGVFDS5629RAMC	C29	1	alignments	bam	5076374294	92a386bed10a6f72c178becf38ae774a	https://api.data.igvf.org/alignment-files/IGVFFI5102VJJW/@@download/IGVFFI5102VJJW.bam	s3://igvf-public/2026/02/03/f82f41a7-986d-48eb-8b47-8e8b77d84c38/IGVFFI5102VJJW.bam
IGVFFI8289AAEW	processed	IGVFDS5629RAMC	C29	1	alignments	bam	42700455720	801e9562246cdbe451c6b216683fb6d0	https://api.data.igvf.org/alignment-files/IGVFFI8289AAEW/@@download/IGVFFI8289AAEW.bam	s3://igvf-public/2026/01/28/f005ca42-bc9e-4807-a10b-8c40b6e1e0c1/IGVFFI8289AAEW.bam
IGVFFI6692XVBC	processed	IGVFDS5629RAMC	C29	1	cell by bin methylation count matrix	h5ad	79179744	f60b05f120703627e57bcdc749ddb47f	https://api.data.igvf.org/matrix-files/IGVFFI6692XVBC/@@download/IGVFFI6692XVBC.h5ad	s3://igvf-public/2026/01/28/08cc3ab3-7680-40cc-aaea-3d9b9be02c2c/IGVFFI6692XVBC.h5ad
IGVFFI8020VXSS	processed	IGVFDS5629RAMC	C29	1	cell by gene matrix	h5ad	47946852	efdac50223931b0c99edf62b4c109526	https://api.data.igvf.org/matrix-files/IGVFFI8020VXSS/@@download/IGVFFI8020VXSS.h5ad	s3://igvf-public/2026/01/28/40d502d6-e27b-48ae-8305-e697422c0651/IGVFFI8020VXSS.h5ad
IGVFFI7125AWDK	processed	IGVFDS5629RAMC	C29	1	cell by position methylation count matrix	h5ad	9996621336	40bb6f4c5bcb472c069888654eb78ad0	https://api.data.igvf.org/matrix-files/IGVFFI7125AWDK/@@download/IGVFFI7125AWDK.h5ad	s3://igvf-public/2026/02/17/fec1bd0c-76ae-4555-a1ec-b601e7264dd2/IGVFFI7125AWDK.h5ad
IGVFFI1874AAKO	processed	IGVFDS5629RAMC	C29	1	methylation counts	tsv	149991711	cba4087aeb0e1835e6399835a48fe34e	https://api.data.igvf.org/tabular-files/IGVFFI1874AAKO/@@download/IGVFFI1874AAKO.tsv.gz	s3://igvf-public/2026/01/28/f85767fd-7ce5-4f81-8746-d756ce1a5df5/IGVFFI1874AAKO.tsv.gz
IGVFFI1629DTYF	processed	IGVFDS5629RAMC	C29	1	per-cell quality report	tsv	780666	e476d8f4253eba1d90bf5fb26f3eb444	https://api.data.igvf.org/tabular-files/IGVFFI1629DTYF/@@download/IGVFFI1629DTYF.tsv.gz	s3://igvf-public/2026/07/31/8a4f767d-4900-466f-b0d1-b9104c35fa53/IGVFFI1629DTYF.tsv.gz
IGVFFI5026KXBB	processed	IGVFDS5790CRPV	C29	3	alignments	bam	4865546155	997d0a64dd6aed958d15c67dda5b18f9	https://api.data.igvf.org/alignment-files/IGVFFI5026KXBB/@@download/IGVFFI5026KXBB.bam	s3://igvf-public/2026/02/03/ecc99ee2-9229-442f-aec3-46cc4cefa36f/IGVFFI5026KXBB.bam
IGVFFI8423MGFS	processed	IGVFDS5790CRPV	C29	3	alignments	bam	50368264921	47b84348f26961bacf687c25a9bed164	https://api.data.igvf.org/alignment-files/IGVFFI8423MGFS/@@download/IGVFFI8423MGFS.bam	s3://igvf-public/2026/01/28/28d04ea7-cec5-4e0c-99d8-40e75e5b7ebf/IGVFFI8423MGFS.bam
IGVFFI2621QIQV	processed	IGVFDS5790CRPV	C29	3	cell by bin methylation count matrix	h5ad	75843104	02568bbbec054babd7c42d99a4d6e6f6	https://api.data.igvf.org/matrix-files/IGVFFI2621QIQV/@@download/IGVFFI2621QIQV.h5ad	s3://igvf-public/2026/01/28/6d0d9456-85a7-4d4a-b470-357649f5a644/IGVFFI2621QIQV.h5ad
IGVFFI3554KENJ	processed	IGVFDS5790CRPV	C29	3	cell by gene matrix	h5ad	47522140	b53a98db69245af0b1b8ff74edb568fd	https://api.data.igvf.org/matrix-files/IGVFFI3554KENJ/@@download/IGVFFI3554KENJ.h5ad	s3://igvf-public/2026/01/28/83cbbb14-5e81-4beb-aeaa-6b1a72ac3e43/IGVFFI3554KENJ.h5ad
IGVFFI7422SJLM	processed	IGVFDS5790CRPV	C29	3	cell by position methylation count matrix	h5ad	11888219648	7e1840cd2cdf1d54148722f279a18d3a	https://api.data.igvf.org/matrix-files/IGVFFI7422SJLM/@@download/IGVFFI7422SJLM.h5ad	s3://igvf-public/2026/02/17/ff86029d-2714-42da-bf17-ff47e57247b6/IGVFFI7422SJLM.h5ad
IGVFFI9904TNHZ	processed	IGVFDS5790CRPV	C29	3	methylation counts	tsv	153371338	3dcd7e510dd02e7fc911f5611236b8c4	https://api.data.igvf.org/tabular-files/IGVFFI9904TNHZ/@@download/IGVFFI9904TNHZ.tsv.gz	s3://igvf-public/2026/01/28/db09279a-7d8e-4a2c-9c94-780201e48c90/IGVFFI9904TNHZ.tsv.gz
IGVFFI4964VMOZ	processed	IGVFDS5790CRPV	C29	3	per-cell quality report	tsv	787143	f7b0ae60b9162b266a09625b1a108077	https://api.data.igvf.org/tabular-files/IGVFFI4964VMOZ/@@download/IGVFFI4964VMOZ.tsv.gz	s3://igvf-public/2026/07/31/f68dcd9d-0080-4c8a-bd21-3c330d89430b/IGVFFI4964VMOZ.tsv.gz
IGVFFI8416CQCR	processed	IGVFDS5697ZEJD	C29	5	alignments	bam	40423958691	d29860d7dc3b384ecd0dedd97b4e1ae9	https://api.data.igvf.org/alignment-files/IGVFFI8416CQCR/@@download/IGVFFI8416CQCR.bam	s3://igvf-public/2026/01/28/aff5757e-778d-41dd-89d5-a09e1a01e6a2/IGVFFI8416CQCR.bam
IGVFFI9752LXNW	processed	IGVFDS5697ZEJD	C29	5	alignments	bam	5932105643	2466762f399e1631edc4102f4c9dd4e7	https://api.data.igvf.org/alignment-files/IGVFFI9752LXNW/@@download/IGVFFI9752LXNW.bam	s3://igvf-public/2026/02/03/8197ce7c-672d-4d15-b7d2-cde25ba3d9a1/IGVFFI9752LXNW.bam
IGVFFI1893NQLB	processed	IGVFDS5697ZEJD	C29	5	cell by bin methylation count matrix	h5ad	59963328	d8cfe7b85d20290bc3adaabb3cace6ff	https://api.data.igvf.org/matrix-files/IGVFFI1893NQLB/@@download/IGVFFI1893NQLB.h5ad	s3://igvf-public/2026/01/28/e2d1c83f-a8d0-459f-9118-29ff32f7c839/IGVFFI1893NQLB.h5ad
IGVFFI1551NTHT	processed	IGVFDS5697ZEJD	C29	5	cell by gene matrix	h5ad	40433448	562473e678c20ab1c24b47cedeaaa6de	https://api.data.igvf.org/matrix-files/IGVFFI1551NTHT/@@download/IGVFFI1551NTHT.h5ad	s3://igvf-public/2026/01/28/f3fdcce4-ea00-4f5a-93c8-701fe45ec6a9/IGVFFI1551NTHT.h5ad
IGVFFI9802AJLG	processed	IGVFDS5697ZEJD	C29	5	cell by position methylation count matrix	h5ad	9105800472	f29887ff101255dbd540ba5e63de1f42	https://api.data.igvf.org/matrix-files/IGVFFI9802AJLG/@@download/IGVFFI9802AJLG.h5ad	s3://igvf-public/2026/02/17/1cfa6141-c1d2-4430-977f-c8a9d99be5e5/IGVFFI9802AJLG.h5ad
IGVFFI3424WZQU	processed	IGVFDS5697ZEJD	C29	5	methylation counts	tsv	148133252	554c414496d22bc92b4b84aa45295350	https://api.data.igvf.org/tabular-files/IGVFFI3424WZQU/@@download/IGVFFI3424WZQU.tsv.gz	s3://igvf-public/2026/01/28/7ef3943f-2d04-4397-96d6-ac5185b7a836/IGVFFI3424WZQU.tsv.gz
IGVFFI8404BQEZ	processed	IGVFDS5697ZEJD	C29	5	per-cell quality report	tsv	710415	d88d98e86c4b6fe80703fcd8344dc484	https://api.data.igvf.org/tabular-files/IGVFFI8404BQEZ/@@download/IGVFFI8404BQEZ.tsv.gz	s3://igvf-public/2026/07/31/4fcf8e26-442e-4668-90ec-00199d2d36d8/IGVFFI8404BQEZ.tsv.gz
IGVFFI1265VZPW	processed	IGVFDS5404QHJZ	C29	7	alignments	bam	5586802145	39539a64284c5acfc9825dc5f62a8173	https://api.data.igvf.org/alignment-files/IGVFFI1265VZPW/@@download/IGVFFI1265VZPW.bam	s3://igvf-public/2026/02/03/338f8077-cc85-457f-8b21-e1b69c357f0e/IGVFFI1265VZPW.bam
IGVFFI4323MNJD	processed	IGVFDS5404QHJZ	C29	7	alignments	bam	48938797674	79d29fb38c4fff2ab09faff0166a932e	https://api.data.igvf.org/alignment-files/IGVFFI4323MNJD/@@download/IGVFFI4323MNJD.bam	s3://igvf-public/2026/01/28/e03c23c8-3675-44de-82f0-b1f685fe4f89/IGVFFI4323MNJD.bam
IGVFFI8361HDKV	processed	IGVFDS5404QHJZ	C29	7	cell by bin methylation count matrix	h5ad	69630080	7f843cbb347be92c7e48fe26fd4d837f	https://api.data.igvf.org/matrix-files/IGVFFI8361HDKV/@@download/IGVFFI8361HDKV.h5ad	s3://igvf-public/2026/01/28/4a54509d-5bf9-430d-bf3d-dccee257ce0e/IGVFFI8361HDKV.h5ad
IGVFFI2178LDOE	processed	IGVFDS5404QHJZ	C29	7	cell by gene matrix	h5ad	43662088	d2ef565dc0dbf61216a69b8333d349ea	https://api.data.igvf.org/matrix-files/IGVFFI2178LDOE/@@download/IGVFFI2178LDOE.h5ad	s3://igvf-public/2026/01/28/11f0d4bb-64fd-4a56-8ae2-8750864991fb/IGVFFI2178LDOE.h5ad
IGVFFI8100ZTBP	processed	IGVFDS5404QHJZ	C29	7	cell by position methylation count matrix	h5ad	11368551912	4fc3f297838e1fbfcd8d5bd26fd7c450	https://api.data.igvf.org/matrix-files/IGVFFI8100ZTBP/@@download/IGVFFI8100ZTBP.h5ad	s3://igvf-public/2026/02/17/2cfdb4ff-5961-48be-9203-02d3e3b1020c/IGVFFI8100ZTBP.h5ad
IGVFFI5975VTKT	processed	IGVFDS5404QHJZ	C29	7	methylation counts	tsv	152657577	af8010051a39ffcfd193e7e619e4aed2	https://api.data.igvf.org/tabular-files/IGVFFI5975VTKT/@@download/IGVFFI5975VTKT.tsv.gz	s3://igvf-public/2026/01/28/a05de9b0-2e1c-4539-a4de-1956e73b8450/IGVFFI5975VTKT.tsv.gz
IGVFFI2988ETUM	processed	IGVFDS5404QHJZ	C29	7	per-cell quality report	tsv	793410	c369200a4fc49adaaa953c33ed072dd2	https://api.data.igvf.org/tabular-files/IGVFFI2988ETUM/@@download/IGVFFI2988ETUM.tsv.gz	s3://igvf-public/2026/07/31/9bba0064-d872-43b5-85fd-f7ecbbaedc24/IGVFFI2988ETUM.tsv.gz
IGVFFI3117GLPF	processed	IGVFDS2964JMRV	C29	9	alignments	bam	2638065336	f7a41bcc454c29cad354fba49dc8229b	https://api.data.igvf.org/alignment-files/IGVFFI3117GLPF/@@download/IGVFFI3117GLPF.bam	s3://igvf-public/2026/02/03/c2a65541-414c-443e-b6fa-330feb8cce1e/IGVFFI3117GLPF.bam
IGVFFI8922JIUZ	processed	IGVFDS2964JMRV	C29	9	alignments	bam	43271423920	afe0cc8855fd558cab8b8f270e28fa8a	https://api.data.igvf.org/alignment-files/IGVFFI8922JIUZ/@@download/IGVFFI8922JIUZ.bam	s3://igvf-public/2026/01/28/df450917-0e35-4347-a75b-634259a34545/IGVFFI8922JIUZ.bam
IGVFFI0404YYEU	processed	IGVFDS2964JMRV	C29	9	cell by bin methylation count matrix	h5ad	66063344	b505da3235828d770109897d672dd4a5	https://api.data.igvf.org/matrix-files/IGVFFI0404YYEU/@@download/IGVFFI0404YYEU.h5ad	s3://igvf-public/2026/01/28/86eae048-16f5-449b-b8ff-ac1f4615d4f9/IGVFFI0404YYEU.h5ad
IGVFFI9365HQYR	processed	IGVFDS2964JMRV	C29	9	cell by gene matrix	h5ad	39858124	069be9de69beeb67c208af186ba7a009	https://api.data.igvf.org/matrix-files/IGVFFI9365HQYR/@@download/IGVFFI9365HQYR.h5ad	s3://igvf-public/2026/01/28/4eb3c90f-6050-4af3-8f1f-5d2d3da677fa/IGVFFI9365HQYR.h5ad
IGVFFI3820ARGM	processed	IGVFDS2964JMRV	C29	9	cell by position methylation count matrix	h5ad	10147309688	7af5ff47c2f9bccc120b79053dc4e322	https://api.data.igvf.org/matrix-files/IGVFFI3820ARGM/@@download/IGVFFI3820ARGM.h5ad	s3://igvf-public/2026/02/17/a1517e51-725d-4e3a-9251-194d8bdee74d/IGVFFI3820ARGM.h5ad
IGVFFI8500ERJH	processed	IGVFDS2964JMRV	C29	9	methylation counts	tsv	149986534	595c6fad1b9bba773a0fd6f58555d454	https://api.data.igvf.org/tabular-files/IGVFFI8500ERJH/@@download/IGVFFI8500ERJH.tsv.gz	s3://igvf-public/2026/01/28/0a21a43d-3638-477e-b112-98fb0ecdc68f/IGVFFI8500ERJH.tsv.gz
IGVFFI3398NGSR	processed	IGVFDS2964JMRV	C29	9	per-cell quality report	tsv	754897	152660568fba5308f27bead99aab0463	https://api.data.igvf.org/tabular-files/IGVFFI3398NGSR/@@download/IGVFFI3398NGSR.tsv.gz	s3://igvf-public/2026/07/31/9cfedc2b-f2be-4884-87cb-61e5db7c956d/IGVFFI3398NGSR.tsv.gz
IGVFFI3342YPIH	processed	IGVFDS7602EINC	C37	0	alignments	bam	4145609341	3ecb468f0215bda28fc98e5b9e01d1a6	https://api.data.igvf.org/alignment-files/IGVFFI3342YPIH/@@download/IGVFFI3342YPIH.bam	s3://igvf-public/2026/02/03/82857dd4-e150-43e4-b048-180453586a18/IGVFFI3342YPIH.bam
IGVFFI8998WZMW	processed	IGVFDS7602EINC	C37	0	alignments	bam	43659177995	8924148ecc46ef13f82fe796725d63bd	https://api.data.igvf.org/alignment-files/IGVFFI8998WZMW/@@download/IGVFFI8998WZMW.bam	s3://igvf-public/2026/01/28/e3180794-d566-4086-9a28-04ac5a07f869/IGVFFI8998WZMW.bam
IGVFFI3822VPLO	processed	IGVFDS7602EINC	C37	0	cell by bin methylation count matrix	h5ad	67559072	3752174db1010544a4a87ad4c207c594	https://api.data.igvf.org/matrix-files/IGVFFI3822VPLO/@@download/IGVFFI3822VPLO.h5ad	s3://igvf-public/2026/01/28/4342d5b8-f6b8-4973-bcf0-ae7a344003f3/IGVFFI3822VPLO.h5ad
IGVFFI0894SMER	processed	IGVFDS7602EINC	C37	0	cell by gene matrix	h5ad	43402548	3c536e89610a3130c10432d70702eb6a	https://api.data.igvf.org/matrix-files/IGVFFI0894SMER/@@download/IGVFFI0894SMER.h5ad	s3://igvf-public/2026/01/28/c8af8fa9-2ae6-4d29-91df-985c204b2380/IGVFFI0894SMER.h5ad
IGVFFI2996ISYA	processed	IGVFDS7602EINC	C37	0	cell by position methylation count matrix	h5ad	10752021872	ff9c5f5ac2b1221496515aa5e38cec36	https://api.data.igvf.org/matrix-files/IGVFFI2996ISYA/@@download/IGVFFI2996ISYA.h5ad	s3://igvf-public/2026/02/17/e4607c13-6dca-4081-a7c3-12d4abb5fac0/IGVFFI2996ISYA.h5ad
IGVFFI8176ZQIN	processed	IGVFDS7602EINC	C37	0	methylation counts	tsv	150888621	e315334fbe4b2430625a3480d1e47938	https://api.data.igvf.org/tabular-files/IGVFFI8176ZQIN/@@download/IGVFFI8176ZQIN.tsv.gz	s3://igvf-public/2026/01/28/15a9eebd-aaa5-4f70-8190-e4f8e19b74bd/IGVFFI8176ZQIN.tsv.gz
IGVFFI1264TNNY	processed	IGVFDS7602EINC	C37	0	per-cell quality report	tsv	667239	148ac30f5e4b5215a92cce672aadfcb1	https://api.data.igvf.org/tabular-files/IGVFFI1264TNNY/@@download/IGVFFI1264TNNY.tsv.gz	s3://igvf-public/2026/07/31/480e715a-751d-4f69-8b0c-51af3dbc1e4d/IGVFFI1264TNNY.tsv.gz
IGVFFI6281TKPX	processed	IGVFDS9888FLFE	C37	12	alignments	bam	38281485937	919cf326a2c10908e0b153611e5776a0	https://api.data.igvf.org/alignment-files/IGVFFI6281TKPX/@@download/IGVFFI6281TKPX.bam	s3://igvf-public/2026/01/28/29639748-f19d-4d43-ada3-1a340602958f/IGVFFI6281TKPX.bam
IGVFFI6420CPOW	processed	IGVFDS9888FLFE	C37	12	alignments	bam	6226746921	94819df6d495c7f2c3b0d5fbefd3d78e	https://api.data.igvf.org/alignment-files/IGVFFI6420CPOW/@@download/IGVFFI6420CPOW.bam	s3://igvf-public/2026/02/03/501224c7-8485-47c4-9bc9-b6f21d166097/IGVFFI6420CPOW.bam
IGVFFI7044GGFE	processed	IGVFDS9888FLFE	C37	12	cell by bin methylation count matrix	h5ad	57662208	581535eb172a9acca2f79d0480091b1e	https://api.data.igvf.org/matrix-files/IGVFFI7044GGFE/@@download/IGVFFI7044GGFE.h5ad	s3://igvf-public/2026/01/28/e4176eac-4d2e-4960-a579-4a6919ab2f5e/IGVFFI7044GGFE.h5ad
IGVFFI7735NWHG	processed	IGVFDS9888FLFE	C37	12	cell by gene matrix	h5ad	38447392	8cd692928edcba0174f74bb3c0a9db79	https://api.data.igvf.org/matrix-files/IGVFFI7735NWHG/@@download/IGVFFI7735NWHG.h5ad	s3://igvf-public/2026/01/28/56992f1f-bbde-4ac4-b656-6eb2e7d698b3/IGVFFI7735NWHG.h5ad
IGVFFI4128KYRW	processed	IGVFDS9888FLFE	C37	12	cell by position methylation count matrix	h5ad	9249204824	f499c807b7612e03c5b542cdf27361a3	https://api.data.igvf.org/matrix-files/IGVFFI4128KYRW/@@download/IGVFFI4128KYRW.h5ad	s3://igvf-public/2026/02/17/f8128a89-3a81-41ba-b55d-43345a17da9a/IGVFFI4128KYRW.h5ad
IGVFFI1654YDQN	processed	IGVFDS9888FLFE	C37	12	methylation counts	tsv	148211320	a3cca62b3e837fb373e80b381a09062a	https://api.data.igvf.org/tabular-files/IGVFFI1654YDQN/@@download/IGVFFI1654YDQN.tsv.gz	s3://igvf-public/2026/01/28/85b41589-0592-410f-957d-7545844d1f56/IGVFFI1654YDQN.tsv.gz
IGVFFI3715LNQM	processed	IGVFDS9888FLFE	C37	12	per-cell quality report	tsv	763382	2b50e3309bd83263a2f6ff531c9b8832	https://api.data.igvf.org/tabular-files/IGVFFI3715LNQM/@@download/IGVFFI3715LNQM.tsv.gz	s3://igvf-public/2026/07/31/6abb4545-f006-4196-8540-6c6d730facde/IGVFFI3715LNQM.tsv.gz
IGVFFI2136NWFI	processed	IGVFDS7988ENHI	C37	1	alignments	bam	4483140966	a7ff8e28ddb87ea3aac586a63b85f51a	https://api.data.igvf.org/alignment-files/IGVFFI2136NWFI/@@download/IGVFFI2136NWFI.bam	s3://igvf-public/2026/02/03/976e8980-5768-41d3-a9aa-642ca783505b/IGVFFI2136NWFI.bam
IGVFFI2578GXRJ	processed	IGVFDS7988ENHI	C37	1	alignments	bam	48605208400	0541cabc60b5a5f51dca7bb364700b20	https://api.data.igvf.org/alignment-files/IGVFFI2578GXRJ/@@download/IGVFFI2578GXRJ.bam	s3://igvf-public/2026/01/28/2814e04d-c7b0-43a3-bd0d-a3a3697e9c61/IGVFFI2578GXRJ.bam
IGVFFI1748LDST	processed	IGVFDS7988ENHI	C37	1	cell by bin methylation count matrix	h5ad	81710960	fd8ef004fadce47ac8ffe9fd67460d9c	https://api.data.igvf.org/matrix-files/IGVFFI1748LDST/@@download/IGVFFI1748LDST.h5ad	s3://igvf-public/2026/01/28/4c9d2607-e43b-4e46-812e-e1f1aeb523d8/IGVFFI1748LDST.h5ad
IGVFFI4547IOLP	processed	IGVFDS7988ENHI	C37	1	cell by gene matrix	h5ad	47800384	334d9ee1ae6de9a366536a73ee36b4ae	https://api.data.igvf.org/matrix-files/IGVFFI4547IOLP/@@download/IGVFFI4547IOLP.h5ad	s3://igvf-public/2026/01/28/f57f23e5-fb97-4c7d-a132-4df10fe4f71c/IGVFFI4547IOLP.h5ad
IGVFFI0827ZWRY	processed	IGVFDS7988ENHI	C37	1	cell by position methylation count matrix	h5ad	12128671256	7990ac0507168524e8d4dc43e5c75a08	https://api.data.igvf.org/matrix-files/IGVFFI0827ZWRY/@@download/IGVFFI0827ZWRY.h5ad	s3://igvf-public/2026/02/17/696ec799-327f-4a4d-8bcb-874951ac230f/IGVFFI0827ZWRY.h5ad
IGVFFI9695IITV	processed	IGVFDS7988ENHI	C37	1	methylation counts	tsv	153191512	5e690feeb616859474c799ef7c464e76	https://api.data.igvf.org/tabular-files/IGVFFI9695IITV/@@download/IGVFFI9695IITV.tsv.gz	s3://igvf-public/2026/01/28/5e3f5a64-c9f3-4c96-b62a-59f03f89cd3b/IGVFFI9695IITV.tsv.gz
IGVFFI2608KWMC	processed	IGVFDS7988ENHI	C37	1	per-cell quality report	tsv	826720	0a9f0db8368633f675a7625d81358326	https://api.data.igvf.org/tabular-files/IGVFFI2608KWMC/@@download/IGVFFI2608KWMC.tsv.gz	s3://igvf-public/2026/07/31/f81d386c-82db-4b09-b776-31eb52b45fe0/IGVFFI2608KWMC.tsv.gz
IGVFFI2244DJDZ	processed	IGVFDS7766XEPS	C37	3	alignments	bam	48875125192	30f74b02b7a462bb41245268ddbff278	https://api.data.igvf.org/alignment-files/IGVFFI2244DJDZ/@@download/IGVFFI2244DJDZ.bam	s3://igvf-public/2026/01/28/bf055ad2-87f3-479b-9ea5-4a5dc8d80f33/IGVFFI2244DJDZ.bam
IGVFFI3857WFIP	processed	IGVFDS7766XEPS	C37	3	alignments	bam	5255947411	7496e3509bf67b07338a2776c1442683	https://api.data.igvf.org/alignment-files/IGVFFI3857WFIP/@@download/IGVFFI3857WFIP.bam	s3://igvf-public/2026/02/03/457b8077-56d2-4684-b93d-103b0d3e65d6/IGVFFI3857WFIP.bam
IGVFFI2063IVCE	processed	IGVFDS7766XEPS	C37	3	cell by bin methylation count matrix	h5ad	77568944	b0d78dc4454312975b0bdf469760b189	https://api.data.igvf.org/matrix-files/IGVFFI2063IVCE/@@download/IGVFFI2063IVCE.h5ad	s3://igvf-public/2026/01/28/a1219467-10e0-4fe0-8598-da185da7cf35/IGVFFI2063IVCE.h5ad
IGVFFI5416EQNE	processed	IGVFDS7766XEPS	C37	3	cell by gene matrix	h5ad	50333052	d7c9906dd52b707f20fedede1f3cfd2d	https://api.data.igvf.org/matrix-files/IGVFFI5416EQNE/@@download/IGVFFI5416EQNE.h5ad	s3://igvf-public/2026/01/28/fb6296bf-823a-4584-a77e-8ff2828905bb/IGVFFI5416EQNE.h5ad
IGVFFI3932IRLF	processed	IGVFDS7766XEPS	C37	3	cell by position methylation count matrix	h5ad	12118447640	f3776a6c10034f66532da25c68bba4de	https://api.data.igvf.org/matrix-files/IGVFFI3932IRLF/@@download/IGVFFI3932IRLF.h5ad	s3://igvf-public/2026/02/17/1871cbdd-0451-4e2e-a02c-351a26f7274e/IGVFFI3932IRLF.h5ad
IGVFFI9878TTYP	processed	IGVFDS7766XEPS	C37	3	methylation counts	tsv	151447324	9c409c3c99a16fffb5db87869a56f5bd	https://api.data.igvf.org/tabular-files/IGVFFI9878TTYP/@@download/IGVFFI9878TTYP.tsv.gz	s3://igvf-public/2026/01/28/7d96f53b-f96c-43f0-a326-cc286a54cab4/IGVFFI9878TTYP.tsv.gz
IGVFFI8123CUQT	processed	IGVFDS7766XEPS	C37	3	per-cell quality report	tsv	819876	acc602e8a1ca8a58818a5574d07b18bd	https://api.data.igvf.org/tabular-files/IGVFFI8123CUQT/@@download/IGVFFI8123CUQT.tsv.gz	s3://igvf-public/2026/07/31/3b48f564-fc19-4de8-a3d0-824af0b38a5e/IGVFFI8123CUQT.tsv.gz
IGVFFI5487XTCP	processed	IGVFDS5460CIPC	C37	5	alignments	bam	6635394221	38044849e9480233dc08c37419dec4b3	https://api.data.igvf.org/alignment-files/IGVFFI5487XTCP/@@download/IGVFFI5487XTCP.bam	s3://igvf-public/2026/02/03/269bebe1-4545-4956-9e8f-07d58ff707a1/IGVFFI5487XTCP.bam
IGVFFI9077ZAVO	processed	IGVFDS5460CIPC	C37	5	alignments	bam	39653794065	ee8235056743817e3c6d746abbb1942e	https://api.data.igvf.org/alignment-files/IGVFFI9077ZAVO/@@download/IGVFFI9077ZAVO.bam	s3://igvf-public/2026/01/28/ae662ebc-10a3-4dad-b81b-c6ebf9223df6/IGVFFI9077ZAVO.bam
IGVFFI3131PUYJ	processed	IGVFDS5460CIPC	C37	5	cell by bin methylation count matrix	h5ad	73311872	b63d6ab118b7bc0f16be0073dfc38082	https://api.data.igvf.org/matrix-files/IGVFFI3131PUYJ/@@download/IGVFFI3131PUYJ.h5ad	s3://igvf-public/2026/01/28/56684218-9ea7-43ac-9b6c-be08083bf008/IGVFFI3131PUYJ.h5ad
IGVFFI6761TEIJ	processed	IGVFDS5460CIPC	C37	5	cell by gene matrix	h5ad	47418448	dc01c49e08fbc4792c671c0df9f7777d	https://api.data.igvf.org/matrix-files/IGVFFI6761TEIJ/@@download/IGVFFI6761TEIJ.h5ad	s3://igvf-public/2026/01/28/aee3934c-6b28-4572-9882-8a9f80b9ad04/IGVFFI6761TEIJ.h5ad
IGVFFI3503KTOJ	processed	IGVFDS5460CIPC	C37	5	cell by position methylation count matrix	h5ad	9367726536	e9e7760b3c3aff1f9190c40becffdcf6	https://api.data.igvf.org/matrix-files/IGVFFI3503KTOJ/@@download/IGVFFI3503KTOJ.h5ad	s3://igvf-public/2026/02/17/4a3a4238-bd7e-4f18-9614-c074c9ba1cff/IGVFFI3503KTOJ.h5ad
IGVFFI8101RYNO	processed	IGVFDS5460CIPC	C37	5	methylation counts	tsv	147151773	7fbcbc9801bf3d190d8a411005cc7f35	https://api.data.igvf.org/tabular-files/IGVFFI8101RYNO/@@download/IGVFFI8101RYNO.tsv.gz	s3://igvf-public/2026/01/28/c60a92ef-b23e-43c8-8ca4-f5070ca88028/IGVFFI8101RYNO.tsv.gz
IGVFFI7006JJXP	processed	IGVFDS5460CIPC	C37	5	per-cell quality report	tsv	785001	1f7cadf5c8ec115ca674998059c82e5a	https://api.data.igvf.org/tabular-files/IGVFFI7006JJXP/@@download/IGVFFI7006JJXP.tsv.gz	s3://igvf-public/2026/07/31/576f5f94-30a7-4b30-bc18-9d25708174ce/IGVFFI7006JJXP.tsv.gz
IGVFFI5189NNVE	processed	IGVFDS8582PUWV	C37	7	alignments	bam	48566420544	1934f4a98f59311d7f839a9b8de15b42	https://api.data.igvf.org/alignment-files/IGVFFI5189NNVE/@@download/IGVFFI5189NNVE.bam	s3://igvf-public/2026/01/28/c56c3094-975b-4708-81cd-1bf83e26154c/IGVFFI5189NNVE.bam
IGVFFI6140MTCV	processed	IGVFDS8582PUWV	C37	7	alignments	bam	4288287186	79bcfc12ec0373b596062dd4bbc95eee	https://api.data.igvf.org/alignment-files/IGVFFI6140MTCV/@@download/IGVFFI6140MTCV.bam	s3://igvf-public/2026/02/03/743965bc-c3d3-45d2-aa59-f1ab9b782d5f/IGVFFI6140MTCV.bam
IGVFFI9183SCMC	processed	IGVFDS8582PUWV	C37	7	cell by bin methylation count matrix	h5ad	70205360	ae4a2871f73e510b1ca3277a17dd2b4d	https://api.data.igvf.org/matrix-files/IGVFFI9183SCMC/@@download/IGVFFI9183SCMC.h5ad	s3://igvf-public/2026/01/28/6642509e-9fc2-4e30-a0ca-782d23823cf7/IGVFFI9183SCMC.h5ad
IGVFFI7723GAET	processed	IGVFDS8582PUWV	C37	7	cell by gene matrix	h5ad	41056116	9c9333637c44ae26eb27bf7866a2b95c	https://api.data.igvf.org/matrix-files/IGVFFI7723GAET/@@download/IGVFFI7723GAET.h5ad	s3://igvf-public/2026/01/28/af84e356-45ad-467a-949e-66b0d7e50a21/IGVFFI7723GAET.h5ad
IGVFFI4319ZJQM	processed	IGVFDS8582PUWV	C37	7	cell by position methylation count matrix	h5ad	11603531240	b4697696e1fd9ed55b9c97eae1e19ee8	https://api.data.igvf.org/matrix-files/IGVFFI4319ZJQM/@@download/IGVFFI4319ZJQM.h5ad	s3://igvf-public/2026/02/17/639b8b9f-88cf-4f06-89cb-4ec2b10e02b8/IGVFFI4319ZJQM.h5ad
IGVFFI4077RPCQ	processed	IGVFDS8582PUWV	C37	7	methylation counts	tsv	152750219	b19697d77dc85b11b1a20d4ef7c7b3c6	https://api.data.igvf.org/tabular-files/IGVFFI4077RPCQ/@@download/IGVFFI4077RPCQ.tsv.gz	s3://igvf-public/2026/01/28/1c469b43-b95a-4dbc-8dc4-be110af01fd9/IGVFFI4077RPCQ.tsv.gz
IGVFFI5807GBMH	processed	IGVFDS8582PUWV	C37	7	per-cell quality report	tsv	811097	472a41b454f14766fc85541cb63b1918	https://api.data.igvf.org/tabular-files/IGVFFI5807GBMH/@@download/IGVFFI5807GBMH.tsv.gz	s3://igvf-public/2026/07/31/625efed3-31c5-433d-be77-224cc9d5b97f/IGVFFI5807GBMH.tsv.gz
IGVFFI4443RYXL	processed	IGVFDS2598SWSV	C37	9	alignments	bam	6897196238	15f9e048d5181810e88ed0277f51ff56	https://api.data.igvf.org/alignment-files/IGVFFI4443RYXL/@@download/IGVFFI4443RYXL.bam	s3://igvf-public/2026/02/03/8bc82503-0438-437a-a3a7-3bd429912326/IGVFFI4443RYXL.bam
IGVFFI4876FIOG	processed	IGVFDS2598SWSV	C37	9	alignments	bam	46668744946	50492c21b7720f33c1177a7793ac2b27	https://api.data.igvf.org/alignment-files/IGVFFI4876FIOG/@@download/IGVFFI4876FIOG.bam	s3://igvf-public/2026/01/28/88087902-9207-410c-aa9b-3f653c7b958d/IGVFFI4876FIOG.bam
IGVFFI3847PZGE	processed	IGVFDS2598SWSV	C37	9	cell by bin methylation count matrix	h5ad	69054800	2291b501a103044a1fb3e9bc3f82b9af	https://api.data.igvf.org/matrix-files/IGVFFI3847PZGE/@@download/IGVFFI3847PZGE.h5ad	s3://igvf-public/2026/01/28/585c2aa3-0b9f-4fc9-8f80-7955a95786db/IGVFFI3847PZGE.h5ad
IGVFFI3238PQYO	processed	IGVFDS2598SWSV	C37	9	cell by gene matrix	h5ad	50897652	2bfc3c504f1d1a2f3443b2843a20f0be	https://api.data.igvf.org/matrix-files/IGVFFI3238PQYO/@@download/IGVFFI3238PQYO.h5ad	s3://igvf-public/2026/01/28/3cbe0a1b-9771-4e2d-be0a-c4d3e7404134/IGVFFI3238PQYO.h5ad
IGVFFI8180IPDG	processed	IGVFDS2598SWSV	C37	9	cell by position methylation count matrix	h5ad	11046900744	3dfd92291f67a43fb480b22d28f17549	https://api.data.igvf.org/matrix-files/IGVFFI8180IPDG/@@download/IGVFFI8180IPDG.h5ad	s3://igvf-public/2026/02/17/3fbd65d4-2c53-46b9-831a-895f8a1957eb/IGVFFI8180IPDG.h5ad
IGVFFI8692ETBN	processed	IGVFDS2598SWSV	C37	9	methylation counts	tsv	151749594	effe28f4b26fe097b0625d4ee83a4e3e	https://api.data.igvf.org/tabular-files/IGVFFI8692ETBN/@@download/IGVFFI8692ETBN.tsv.gz	s3://igvf-public/2026/01/28/c4ef63e7-d5f1-4b69-ae25-46d6f0b90594/IGVFFI8692ETBN.tsv.gz
IGVFFI6975DHLI	processed	IGVFDS2598SWSV	C37	9	per-cell quality report	tsv	716547	78bffdcef6d721d680d8f21335aca92f	https://api.data.igvf.org/tabular-files/IGVFFI6975DHLI/@@download/IGVFFI6975DHLI.tsv.gz	s3://igvf-public/2026/07/31/dfdcb3d4-7aaa-42b8-a510-20206c1fb6df/IGVFFI6975DHLI.tsv.gz
IGVFFI4273KKEG	processed	IGVFDS8787ULTU	C38	0	alignments	bam	6213275503	363deff941bd3f62f7c01133a69e1e42	https://api.data.igvf.org/alignment-files/IGVFFI4273KKEG/@@download/IGVFFI4273KKEG.bam	s3://igvf-public/2026/02/03/580af641-89fd-4db5-93b5-42f8ea3dc897/IGVFFI4273KKEG.bam
IGVFFI5419UFDQ	processed	IGVFDS8787ULTU	C38	0	alignments	bam	47102717092	e5007f2a43d3298015dfadaa8f2748ca	https://api.data.igvf.org/alignment-files/IGVFFI5419UFDQ/@@download/IGVFFI5419UFDQ.bam	s3://igvf-public/2026/01/28/2ab274a3-0868-4b93-83ae-5edfb2de143f/IGVFFI5419UFDQ.bam
IGVFFI8384WVZL	processed	IGVFDS8787ULTU	C38	0	cell by bin methylation count matrix	h5ad	78719504	c4ff5fa53ebc74be90ea3c3277170eb3	https://api.data.igvf.org/matrix-files/IGVFFI8384WVZL/@@download/IGVFFI8384WVZL.h5ad	s3://igvf-public/2026/01/28/991107b6-5538-46d2-9ff7-fbf131a5882a/IGVFFI8384WVZL.h5ad
IGVFFI9426PSZP	processed	IGVFDS8787ULTU	C38	0	cell by gene matrix	h5ad	49853892	6b5b3da9c63b9966dc8418123def5afa	https://api.data.igvf.org/matrix-files/IGVFFI9426PSZP/@@download/IGVFFI9426PSZP.h5ad	s3://igvf-public/2026/01/28/f18abfbe-f86f-4b63-8ef4-8de9a68af74d/IGVFFI9426PSZP.h5ad
IGVFFI4715KVMU	processed	IGVFDS8787ULTU	C38	0	cell by position methylation count matrix	h5ad	11232728648	e3fb5ba57758972963a69a07a9e5f89a	https://api.data.igvf.org/matrix-files/IGVFFI4715KVMU/@@download/IGVFFI4715KVMU.h5ad	s3://igvf-public/2026/02/17/24e8033d-ac55-4a26-b88a-5fac658701e6/IGVFFI4715KVMU.h5ad
IGVFFI7188ZHOK	processed	IGVFDS8787ULTU	C38	0	methylation counts	tsv	151926491	29231191ca4c95bc2b41ce3a83d9bd02	https://api.data.igvf.org/tabular-files/IGVFFI7188ZHOK/@@download/IGVFFI7188ZHOK.tsv.gz	s3://igvf-public/2026/01/28/f680caca-ca0f-4e49-bf47-f43d8b94e4ba/IGVFFI7188ZHOK.tsv.gz
IGVFFI7700LBWK	processed	IGVFDS8787ULTU	C38	0	per-cell quality report	tsv	776035	636bbe5dcac8eb727eddee39428dec72	https://api.data.igvf.org/tabular-files/IGVFFI7700LBWK/@@download/IGVFFI7700LBWK.tsv.gz	s3://igvf-public/2026/07/31/c66663e7-ec0f-4f06-84ef-319152a629b5/IGVFFI7700LBWK.tsv.gz
IGVFFI3552XPTM	processed	IGVFDS7824ICDV	C38	12	alignments	bam	2732432519	9feb941b9fe9c9ba0c8b37da659a28e9	https://api.data.igvf.org/alignment-files/IGVFFI3552XPTM/@@download/IGVFFI3552XPTM.bam	s3://igvf-public/2026/02/03/6d45805a-1122-4ffe-80ee-eada9b54c106/IGVFFI3552XPTM.bam
IGVFFI6703YXMV	processed	IGVFDS7824ICDV	C38	12	alignments	bam	45385301725	4bdf64fa846e4d53d68687469276f0ce	https://api.data.igvf.org/alignment-files/IGVFFI6703YXMV/@@download/IGVFFI6703YXMV.bam	s3://igvf-public/2026/01/28/74d4712c-6ce9-4712-89cf-8730681b8c37/IGVFFI6703YXMV.bam
IGVFFI0245BAPP	processed	IGVFDS7824ICDV	C38	12	cell by bin methylation count matrix	h5ad	40042256	c0f3ea75105d9e746ed46332d5d6a38f	https://api.data.igvf.org/matrix-files/IGVFFI0245BAPP/@@download/IGVFFI0245BAPP.h5ad	s3://igvf-public/2026/01/28/25377896-799f-4330-a835-9b16c3705ebc/IGVFFI0245BAPP.h5ad
IGVFFI2515HXZL	processed	IGVFDS7824ICDV	C38	12	cell by gene matrix	h5ad	29158504	b34e53ffa3af261bed3178f905f82e76	https://api.data.igvf.org/matrix-files/IGVFFI2515HXZL/@@download/IGVFFI2515HXZL.h5ad	s3://igvf-public/2026/01/28/8fbaac3b-a61f-4411-ba36-97b34838f8b0/IGVFFI2515HXZL.h5ad
IGVFFI8655QBHA	processed	IGVFDS7824ICDV	C38	12	cell by position methylation count matrix	h5ad	10747696688	22d111622307efd975a516da34877c72	https://api.data.igvf.org/matrix-files/IGVFFI8655QBHA/@@download/IGVFFI8655QBHA.h5ad	s3://igvf-public/2026/02/17/d56ddb62-614f-4927-aaa5-d3c5f4d62911/IGVFFI8655QBHA.h5ad
IGVFFI1163ZLRL	processed	IGVFDS7824ICDV	C38	12	methylation counts	tsv	151565891	6b5a4372a201e301fb0b849a5e1c69ff	https://api.data.igvf.org/tabular-files/IGVFFI1163ZLRL/@@download/IGVFFI1163ZLRL.tsv.gz	s3://igvf-public/2026/01/28/f9bdd72c-2203-4f89-82ca-835e36f9aa3f/IGVFFI1163ZLRL.tsv.gz
IGVFFI6845PAAW	processed	IGVFDS7824ICDV	C38	12	per-cell quality report	tsv	718466	6003670d0a0faf6ac5628c1279c3fbcd	https://api.data.igvf.org/tabular-files/IGVFFI6845PAAW/@@download/IGVFFI6845PAAW.tsv.gz	s3://igvf-public/2026/07/31/d61d2775-3181-42b1-9d1e-2702011c902a/IGVFFI6845PAAW.tsv.gz
IGVFFI0514ZBLJ	processed	IGVFDS0905MHBK	C38	1	alignments	bam	4121307770	5f6b1fb1b2e570006954f10de6e22e02	https://api.data.igvf.org/alignment-files/IGVFFI0514ZBLJ/@@download/IGVFFI0514ZBLJ.bam	s3://igvf-public/2026/02/03/418f0cdc-ed4f-467a-b985-92e6ca5c904d/IGVFFI0514ZBLJ.bam
IGVFFI5140BTQE	processed	IGVFDS0905MHBK	C38	1	alignments	bam	39048709293	e32c9b1b8c70a8800a0124a62faf3df5	https://api.data.igvf.org/alignment-files/IGVFFI5140BTQE/@@download/IGVFFI5140BTQE.bam	s3://igvf-public/2026/01/28/a0f341ea-7041-4782-8ade-e64d5ab2e1fc/IGVFFI5140BTQE.bam
IGVFFI3783JCMX	processed	IGVFDS0905MHBK	C38	1	cell by bin methylation count matrix	h5ad	71701088	7ff1238ec839097316295f73af32f6e3	https://api.data.igvf.org/matrix-files/IGVFFI3783JCMX/@@download/IGVFFI3783JCMX.h5ad	s3://igvf-public/2026/01/28/007dca7a-57e7-4839-9d86-239ea935eea2/IGVFFI3783JCMX.h5ad
IGVFFI9758BEOI	processed	IGVFDS0905MHBK	C38	1	cell by gene matrix	h5ad	46440168	1524893c7842b14a87ab722c3fa4f6e6	https://api.data.igvf.org/matrix-files/IGVFFI9758BEOI/@@download/IGVFFI9758BEOI.h5ad	s3://igvf-public/2026/01/28/9b1234e0-8dd6-4c65-96c0-acd4807b919d/IGVFFI9758BEOI.h5ad
IGVFFI0529OWHF	processed	IGVFDS0905MHBK	C38	1	cell by position methylation count matrix	h5ad	9142730632	043b03da7433f4c85e4092ddec809d6a	https://api.data.igvf.org/matrix-files/IGVFFI0529OWHF/@@download/IGVFFI0529OWHF.h5ad	s3://igvf-public/2026/02/17/ba4e94bc-1bc7-4107-a640-35e563b5de27/IGVFFI0529OWHF.h5ad
IGVFFI8036UAPV	processed	IGVFDS0905MHBK	C38	1	methylation counts	tsv	147710742	0e0b99e6515ec14474651412bfca464c	https://api.data.igvf.org/tabular-files/IGVFFI8036UAPV/@@download/IGVFFI8036UAPV.tsv.gz	s3://igvf-public/2026/01/28/d0154065-c364-4011-8e91-ab22b7a31cae/IGVFFI8036UAPV.tsv.gz
IGVFFI2083ZROF	processed	IGVFDS0905MHBK	C38	1	per-cell quality report	tsv	701355	20cbaed2b259c2d3398fde5688aafd9d	https://api.data.igvf.org/tabular-files/IGVFFI2083ZROF/@@download/IGVFFI2083ZROF.tsv.gz	s3://igvf-public/2026/07/31/a7daac4a-a074-4e55-ab2e-7f815132ee5d/IGVFFI2083ZROF.tsv.gz
IGVFFI4832JINZ	processed	IGVFDS6093QULG	C38	3	alignments	bam	4586074601	fb111977417724eea1b085e8f448a718	https://api.data.igvf.org/alignment-files/IGVFFI4832JINZ/@@download/IGVFFI4832JINZ.bam	s3://igvf-public/2026/02/03/2ba64cc5-d957-4482-a8fd-c26e6994db2c/IGVFFI4832JINZ.bam
IGVFFI8498AEAK	processed	IGVFDS6093QULG	C38	3	alignments	bam	46934804704	2f6346bc6a619cfc02a2401031a216c2	https://api.data.igvf.org/alignment-files/IGVFFI8498AEAK/@@download/IGVFFI8498AEAK.bam	s3://igvf-public/2026/01/28/efc3c0a6-2b79-4816-b08b-af8682f911e7/IGVFFI8498AEAK.bam
IGVFFI3559SCLG	processed	IGVFDS6093QULG	C38	3	cell by bin methylation count matrix	h5ad	70550528	f8667a5bf97224e05a6f1a6a02288d1f	https://api.data.igvf.org/matrix-files/IGVFFI3559SCLG/@@download/IGVFFI3559SCLG.h5ad	s3://igvf-public/2026/01/28/d9ccb21a-2981-4344-8cde-08e410c2970a/IGVFFI3559SCLG.h5ad
IGVFFI1479VMIJ	processed	IGVFDS6093QULG	C38	3	cell by gene matrix	h5ad	45518548	c25ec99422ec72ddaad622a85ac96ee5	https://api.data.igvf.org/matrix-files/IGVFFI1479VMIJ/@@download/IGVFFI1479VMIJ.h5ad	s3://igvf-public/2026/01/28/a20330f3-213e-46c2-ba97-a40308936029/IGVFFI1479VMIJ.h5ad
IGVFFI6945MASL	processed	IGVFDS6093QULG	C38	3	cell by position methylation count matrix	h5ad	11008005656	efde9de0d01afa181aa8f9307a09e343	https://api.data.igvf.org/matrix-files/IGVFFI6945MASL/@@download/IGVFFI6945MASL.h5ad	s3://igvf-public/2026/02/17/5488662a-8850-4c83-a2d5-93924d7f870b/IGVFFI6945MASL.h5ad
IGVFFI3301UCGZ	processed	IGVFDS6093QULG	C38	3	methylation counts	tsv	151375027	d94510e5da0c7d852371c246807e0a58	https://api.data.igvf.org/tabular-files/IGVFFI3301UCGZ/@@download/IGVFFI3301UCGZ.tsv.gz	s3://igvf-public/2026/01/28/041f8d9c-8ee8-4a34-9a65-e7c66953ca0c/IGVFFI3301UCGZ.tsv.gz
IGVFFI6722DTTB	processed	IGVFDS6093QULG	C38	3	per-cell quality report	tsv	752366	8e75b241cd781a32ee534a9099419b8d	https://api.data.igvf.org/tabular-files/IGVFFI6722DTTB/@@download/IGVFFI6722DTTB.tsv.gz	s3://igvf-public/2026/07/31/7375f367-679c-460b-9268-3e5e8ac01765/IGVFFI6722DTTB.tsv.gz
IGVFFI6290JOJV	processed	IGVFDS3991XFOI	C38	5	alignments	bam	6486204201	41c01f2061b14bf695d5ab24d42c556f	https://api.data.igvf.org/alignment-files/IGVFFI6290JOJV/@@download/IGVFFI6290JOJV.bam	s3://igvf-public/2026/02/03/3d27a115-b2a5-43c1-a408-2acac6c1af63/IGVFFI6290JOJV.bam
IGVFFI8552UTFU	processed	IGVFDS3991XFOI	C38	5	alignments	bam	34019791155	5f73a1d6bc45d4204c9c22ab7d04d887	https://api.data.igvf.org/alignment-files/IGVFFI8552UTFU/@@download/IGVFFI8552UTFU.bam	s3://igvf-public/2026/01/28/efa055dd-9dcf-41e0-93e9-31d6b5192277/IGVFFI8552UTFU.bam
IGVFFI5188EWVM	processed	IGVFDS3991XFOI	C38	5	cell by bin methylation count matrix	h5ad	65603120	da5084c7191b83a145544a1e26878b7a	https://api.data.igvf.org/matrix-files/IGVFFI5188EWVM/@@download/IGVFFI5188EWVM.h5ad	s3://igvf-public/2026/01/28/6e79f421-4e01-424c-9b75-fb0dab646c1a/IGVFFI5188EWVM.h5ad
IGVFFI1159TQCF	processed	IGVFDS3991XFOI	C38	5	cell by gene matrix	h5ad	48442212	66369f1f21cbd845f8f2f1f725b3d38b	https://api.data.igvf.org/matrix-files/IGVFFI1159TQCF/@@download/IGVFFI1159TQCF.h5ad	s3://igvf-public/2026/01/28/4ec4a1b9-aa03-4b05-8838-2ada0b051b43/IGVFFI1159TQCF.h5ad
IGVFFI2024QOWT	processed	IGVFDS3991XFOI	C38	5	cell by position methylation count matrix	h5ad	7970061880	90eec2b486501a3fc36f515cbfe7ccea	https://api.data.igvf.org/matrix-files/IGVFFI2024QOWT/@@download/IGVFFI2024QOWT.h5ad	s3://igvf-public/2026/02/17/6ceff873-beb0-4c36-adf0-2f2b1fc2d156/IGVFFI2024QOWT.h5ad
IGVFFI3270BREE	processed	IGVFDS3991XFOI	C38	5	methylation counts	tsv	144934756	34c0cc4beaa2aad80a1774d65bb5602e	https://api.data.igvf.org/tabular-files/IGVFFI3270BREE/@@download/IGVFFI3270BREE.tsv.gz	s3://igvf-public/2026/01/28/84633636-123e-4cc9-b5cf-0a0854ef77e4/IGVFFI3270BREE.tsv.gz
IGVFFI7814KBTD	processed	IGVFDS3991XFOI	C38	5	per-cell quality report	tsv	703230	bf755abef2dcbcdbfc97b18eefdeea73	https://api.data.igvf.org/tabular-files/IGVFFI7814KBTD/@@download/IGVFFI7814KBTD.tsv.gz	s3://igvf-public/2026/07/31/5ccee1a5-2be8-4bf1-b44b-f91e027f63c7/IGVFFI7814KBTD.tsv.gz
IGVFFI2454RFTK	processed	IGVFDS7069MXHH	C38	7	alignments	bam	4377041231	61a16beaaee94ca212f8b9431e1e5dde	https://api.data.igvf.org/alignment-files/IGVFFI2454RFTK/@@download/IGVFFI2454RFTK.bam	s3://igvf-public/2026/02/03/7e86c40d-cd83-4ce5-95e5-d493aa6e6ee1/IGVFFI2454RFTK.bam
IGVFFI6681ITSB	processed	IGVFDS7069MXHH	C38	7	alignments	bam	47521675683	a0bf1a82588a78ffdc50b8d5cee0dcaf	https://api.data.igvf.org/alignment-files/IGVFFI6681ITSB/@@download/IGVFFI6681ITSB.bam	s3://igvf-public/2026/01/28/a3be4d9f-8e4f-4bb0-9cc0-9b3235733f55/IGVFFI6681ITSB.bam
IGVFFI6073XYCO	processed	IGVFDS7069MXHH	C38	7	cell by bin methylation count matrix	h5ad	63530064	6692f9e90dc2dcb681d6626d6f91ee7b	https://api.data.igvf.org/matrix-files/IGVFFI6073XYCO/@@download/IGVFFI6073XYCO.h5ad	s3://igvf-public/2026/01/28/6be84797-0c3f-4330-aaaa-2660cd1c70e9/IGVFFI6073XYCO.h5ad
IGVFFI9830YCUH	processed	IGVFDS7069MXHH	C38	7	cell by gene matrix	h5ad	40429120	5fe1fdaeb405abf69b6d187e0834b32f	https://api.data.igvf.org/matrix-files/IGVFFI9830YCUH/@@download/IGVFFI9830YCUH.h5ad	s3://igvf-public/2026/01/28/39abf6bd-47ee-4625-a5be-0968d9f093e9/IGVFFI9830YCUH.h5ad
IGVFFI6754CDGK	processed	IGVFDS7069MXHH	C38	7	cell by position methylation count matrix	h5ad	10863695288	469ec1b50e42523a168af75d1f8483f9	https://api.data.igvf.org/matrix-files/IGVFFI6754CDGK/@@download/IGVFFI6754CDGK.h5ad	s3://igvf-public/2026/02/17/ea01c104-166c-4e1c-9290-e65e8d27d983/IGVFFI6754CDGK.h5ad
IGVFFI2499UGHE	processed	IGVFDS7069MXHH	C38	7	methylation counts	tsv	150730052	cc1edda4fff410c88e38a09e63530795	https://api.data.igvf.org/tabular-files/IGVFFI2499UGHE/@@download/IGVFFI2499UGHE.tsv.gz	s3://igvf-public/2026/01/28/9049c919-192f-4085-9eec-954c697ebec2/IGVFFI2499UGHE.tsv.gz
IGVFFI4252JNWF	processed	IGVFDS7069MXHH	C38	7	per-cell quality report	tsv	697436	0f8ad9015d3a33e6357cdb434fce99ad	https://api.data.igvf.org/tabular-files/IGVFFI4252JNWF/@@download/IGVFFI4252JNWF.tsv.gz	s3://igvf-public/2026/07/31/2e8f4983-57d6-4cba-ad89-8fe520fa17f1/IGVFFI4252JNWF.tsv.gz
IGVFFI1339WLBB	processed	IGVFDS9671SLOU	C38	9	alignments	bam	7814531225	0637f47dbf38709286cde77ebc691645	https://api.data.igvf.org/alignment-files/IGVFFI1339WLBB/@@download/IGVFFI1339WLBB.bam	s3://igvf-public/2026/02/03/3a34808b-1fdd-473b-87f8-31a1e5b1ef16/IGVFFI1339WLBB.bam
IGVFFI4403VLKH	processed	IGVFDS9671SLOU	C38	9	alignments	bam	37046379518	1078d68e08e874e1136214271c2bdb7a	https://api.data.igvf.org/alignment-files/IGVFFI4403VLKH/@@download/IGVFFI4403VLKH.bam	s3://igvf-public/2026/01/28/1a194809-164b-47d0-8903-996d9692289b/IGVFFI4403VLKH.bam
IGVFFI5568HRZK	processed	IGVFDS9671SLOU	C38	9	cell by bin methylation count matrix	h5ad	69975248	828f3e38918122b442951b57ad95b350	https://api.data.igvf.org/matrix-files/IGVFFI5568HRZK/@@download/IGVFFI5568HRZK.h5ad	s3://igvf-public/2026/01/28/a7661c13-3428-44cd-a37d-a0d7caedf88b/IGVFFI5568HRZK.h5ad
IGVFFI2219YLNF	processed	IGVFDS9671SLOU	C38	9	cell by gene matrix	h5ad	50209272	5888c96a17efc8e9b628f14551014397	https://api.data.igvf.org/matrix-files/IGVFFI2219YLNF/@@download/IGVFFI2219YLNF.h5ad	s3://igvf-public/2026/01/28/018d8a2f-7caf-46af-93b7-ea10dec2b92a/IGVFFI2219YLNF.h5ad
IGVFFI2697NHOV	processed	IGVFDS9671SLOU	C38	9	cell by position methylation count matrix	h5ad	8885305152	ac893b70994086ea4f2e79c8ff3f2462	https://api.data.igvf.org/matrix-files/IGVFFI2697NHOV/@@download/IGVFFI2697NHOV.h5ad	s3://igvf-public/2026/02/17/b70b1d2c-ee53-4e28-ae06-4219df965ba6/IGVFFI2697NHOV.h5ad
IGVFFI1816PNZE	processed	IGVFDS9671SLOU	C38	9	methylation counts	tsv	138762746	d37c8460f498dc50b6c80738afa3fa7d	https://api.data.igvf.org/tabular-files/IGVFFI1816PNZE/@@download/IGVFFI1816PNZE.tsv.gz	s3://igvf-public/2026/01/28/bb394ce1-fe1e-4d34-9a4f-a8620fa6d6ba/IGVFFI1816PNZE.tsv.gz
IGVFFI3153HNBF	processed	IGVFDS9671SLOU	C38	9	per-cell quality report	tsv	724188	641dbcb1264c596669e745cde6b94761	https://api.data.igvf.org/tabular-files/IGVFFI3153HNBF/@@download/IGVFFI3153HNBF.tsv.gz	s3://igvf-public/2026/07/31/eacb5268-5702-47bd-a78f-45866821e7f1/IGVFFI3153HNBF.tsv.gz
IGVFFI6672VNIF	processed	IGVFDS3132OBKA	C39	0	alignments	bam	5410479493	ab256b622d0782cb96d59600ef968dc9	https://api.data.igvf.org/alignment-files/IGVFFI6672VNIF/@@download/IGVFFI6672VNIF.bam	s3://igvf-public/2026/02/03/a1aba0ed-64ca-4c0c-b176-17d880660d94/IGVFFI6672VNIF.bam
IGVFFI9506UWLD	processed	IGVFDS3132OBKA	C39	0	alignments	bam	37571335856	d6f8e71859dcfdf671ca1b7bff824f46	https://api.data.igvf.org/alignment-files/IGVFFI9506UWLD/@@download/IGVFFI9506UWLD.bam	s3://igvf-public/2026/01/28/3155224e-eb12-456b-a5c8-2231fb179c62/IGVFFI9506UWLD.bam
IGVFFI9183UXJH	processed	IGVFDS3132OBKA	C39	0	cell by bin methylation count matrix	h5ad	74922656	e376cce611c4a7f2bfa498f663a25e50	https://api.data.igvf.org/matrix-files/IGVFFI9183UXJH/@@download/IGVFFI9183UXJH.h5ad	s3://igvf-public/2026/01/28/14c24a80-c257-4642-ba6d-8f7162ddaea1/IGVFFI9183UXJH.h5ad
IGVFFI2625VJUV	processed	IGVFDS3132OBKA	C39	0	cell by gene matrix	h5ad	46675332	080c03e2552d072eaff519cb44dde330	https://api.data.igvf.org/matrix-files/IGVFFI2625VJUV/@@download/IGVFFI2625VJUV.h5ad	s3://igvf-public/2026/01/28/63529d4b-758d-4436-b09e-e2d7e0329331/IGVFFI2625VJUV.h5ad
IGVFFI1369ESZR	processed	IGVFDS3132OBKA	C39	0	cell by position methylation count matrix	h5ad	8856655208	ff2ebf34324fd3df88c454a6342971e3	https://api.data.igvf.org/matrix-files/IGVFFI1369ESZR/@@download/IGVFFI1369ESZR.h5ad	s3://igvf-public/2026/02/17/01a01205-a1d0-4476-947a-8da6754c31c3/IGVFFI1369ESZR.h5ad
IGVFFI5784IBZU	processed	IGVFDS3132OBKA	C39	0	methylation counts	tsv	147132646	1c3737c02f3dc18ce671ce8b69692603	https://api.data.igvf.org/tabular-files/IGVFFI5784IBZU/@@download/IGVFFI5784IBZU.tsv.gz	s3://igvf-public/2026/01/28/e1e5c924-c453-4e69-b8df-638f55fd40e6/IGVFFI5784IBZU.tsv.gz
IGVFFI4760OHJP	processed	IGVFDS3132OBKA	C39	0	per-cell quality report	tsv	732180	ea842b4d258deb68cf262c2be2fe9806	https://api.data.igvf.org/tabular-files/IGVFFI4760OHJP/@@download/IGVFFI4760OHJP.tsv.gz	s3://igvf-public/2026/07/31/6edabcb1-a648-4ff7-86bc-02421d8a0233/IGVFFI4760OHJP.tsv.gz
IGVFFI4412FPJL	processed	IGVFDS4368TXEB	C39	12	alignments	bam	49219195584	4beeaf2356143af0cbb4f22cc90bb2ba	https://api.data.igvf.org/alignment-files/IGVFFI4412FPJL/@@download/IGVFFI4412FPJL.bam	s3://igvf-public/2026/01/28/e6cf568d-2c89-42ba-819f-7c97fe4c7a93/IGVFFI4412FPJL.bam
IGVFFI6095HZES	processed	IGVFDS4368TXEB	C39	12	alignments	bam	7023160447	2611ed97c9d77bf8ba2dcafcc7285053	https://api.data.igvf.org/alignment-files/IGVFFI6095HZES/@@download/IGVFFI6095HZES.bam	s3://igvf-public/2026/02/03/79fee15d-8a76-4848-b3b5-53c7e631caf9/IGVFFI6095HZES.bam
IGVFFI0257XIZS	processed	IGVFDS4368TXEB	C39	12	cell by bin methylation count matrix	h5ad	65025792	a86dccc20ef5a5ae88dd65f71e9aca5f	https://api.data.igvf.org/matrix-files/IGVFFI0257XIZS/@@download/IGVFFI0257XIZS.h5ad	s3://igvf-public/2026/01/28/82bb08e7-a6d5-40d1-ac86-d99f0d9a5a60/IGVFFI0257XIZS.h5ad
IGVFFI5471KWTD	processed	IGVFDS4368TXEB	C39	12	cell by gene matrix	h5ad	45116596	be38c1b77e9fa9d467bb2b8beda4d57e	https://api.data.igvf.org/matrix-files/IGVFFI5471KWTD/@@download/IGVFFI5471KWTD.h5ad	s3://igvf-public/2026/01/28/a92b662b-eaa0-468a-8bd6-42a3eeb08cf5/IGVFFI5471KWTD.h5ad
IGVFFI1022QAIN	processed	IGVFDS4368TXEB	C39	12	cell by position methylation count matrix	h5ad	11487106560	94c6b435cba63f95a3135ca9e6381172	https://api.data.igvf.org/matrix-files/IGVFFI1022QAIN/@@download/IGVFFI1022QAIN.h5ad	s3://igvf-public/2026/02/17/ff3cc536-ade9-4fcc-b2c4-6777c53f5033/IGVFFI1022QAIN.h5ad
IGVFFI5705GYJY	processed	IGVFDS4368TXEB	C39	12	methylation counts	tsv	152921891	7f6b8b4dc834744eea6dececed637cd9	https://api.data.igvf.org/tabular-files/IGVFFI5705GYJY/@@download/IGVFFI5705GYJY.tsv.gz	s3://igvf-public/2026/01/28/9c9345d5-ec4f-48a6-8311-dc57d78ee1db/IGVFFI5705GYJY.tsv.gz
IGVFFI3578DBSY	processed	IGVFDS4368TXEB	C39	12	per-cell quality report	tsv	766824	4db6254dcfb421e4095758ec164d270c	https://api.data.igvf.org/tabular-files/IGVFFI3578DBSY/@@download/IGVFFI3578DBSY.tsv.gz	s3://igvf-public/2026/07/31/6f0aa475-d718-42f4-9e2c-fc19108b16ed/IGVFFI3578DBSY.tsv.gz
IGVFFI3391AWIX	processed	IGVFDS1519DIBO	C39	14	alignments	bam	5387287130	97cfb345e6f932a49381c47735807d31	https://api.data.igvf.org/alignment-files/IGVFFI3391AWIX/@@download/IGVFFI3391AWIX.bam	s3://igvf-public/2026/02/03/23c7b752-06d8-4ecc-8a7f-e755735af6ea/IGVFFI3391AWIX.bam
IGVFFI3800FCYW	processed	IGVFDS1519DIBO	C39	14	alignments	bam	44922724469	af2d97790f7f807336d4f6a9135edd66	https://api.data.igvf.org/alignment-files/IGVFFI3800FCYW/@@download/IGVFFI3800FCYW.bam	s3://igvf-public/2026/01/28/8c0f4147-c63e-4a4b-a727-3a9f90ecb821/IGVFFI3800FCYW.bam
IGVFFI7483XIRV	processed	IGVFDS1519DIBO	C39	14	cell by bin methylation count matrix	h5ad	53865360	a2407cb95c83fdfd765de715956e86cc	https://api.data.igvf.org/matrix-files/IGVFFI7483XIRV/@@download/IGVFFI7483XIRV.h5ad	s3://igvf-public/2026/01/28/b0006d47-788c-455e-abff-891db15872c7/IGVFFI7483XIRV.h5ad
IGVFFI0393OQAL	processed	IGVFDS1519DIBO	C39	14	cell by gene matrix	h5ad	37528160	1d77dfa70ae4544390b1176ca623d647	https://api.data.igvf.org/matrix-files/IGVFFI0393OQAL/@@download/IGVFFI0393OQAL.h5ad	s3://igvf-public/2026/01/28/11dfebc5-7741-48e3-8c3e-df69bc2366b4/IGVFFI0393OQAL.h5ad
IGVFFI6612NSWE	processed	IGVFDS1519DIBO	C39	14	cell by position methylation count matrix	h5ad	10488141240	3fc856c5708326af551ca17ad77bacd5	https://api.data.igvf.org/matrix-files/IGVFFI6612NSWE/@@download/IGVFFI6612NSWE.h5ad	s3://igvf-public/2026/02/17/639bfbbe-5fc8-4467-8e31-1af4c89ff479/IGVFFI6612NSWE.h5ad
IGVFFI1769UMQS	processed	IGVFDS1519DIBO	C39	14	methylation counts	tsv	151087546	19c8706e853fed9daabf21a2e2f109a3	https://api.data.igvf.org/tabular-files/IGVFFI1769UMQS/@@download/IGVFFI1769UMQS.tsv.gz	s3://igvf-public/2026/01/28/a66752ec-ebb2-45e8-bde0-e26b8d2a223e/IGVFFI1769UMQS.tsv.gz
IGVFFI5995VAPU	processed	IGVFDS1519DIBO	C39	14	per-cell quality report	tsv	720682	4f602d9218b8112c7bf3e508c72a17d5	https://api.data.igvf.org/tabular-files/IGVFFI5995VAPU/@@download/IGVFFI5995VAPU.tsv.gz	s3://igvf-public/2026/07/31/c79f4f87-2712-4d74-9a83-32838f6d5b9b/IGVFFI5995VAPU.tsv.gz
IGVFFI0697WXAD	processed	IGVFDS9271IEUD	C39	16	alignments	bam	5695013964	ab82a872423502e44912b1a07a4e34fe	https://api.data.igvf.org/alignment-files/IGVFFI0697WXAD/@@download/IGVFFI0697WXAD.bam	s3://igvf-public/2026/02/03/1214bea2-780f-4c31-a324-62a32af3f7a9/IGVFFI0697WXAD.bam
IGVFFI1497RFPC	processed	IGVFDS9271IEUD	C39	16	alignments	bam	42600005289	b479beff96ce4d8387b2eea078f927f5	https://api.data.igvf.org/alignment-files/IGVFFI1497RFPC/@@download/IGVFFI1497RFPC.bam	s3://igvf-public/2026/01/28/9399ecff-56f0-463b-84b0-81cddd66bece/IGVFFI1497RFPC.bam
IGVFFI6094TCEH	processed	IGVFDS9271IEUD	C39	16	cell by bin methylation count matrix	h5ad	58237488	9517bceee880cfcb4cad71072818d0b1	https://api.data.igvf.org/matrix-files/IGVFFI6094TCEH/@@download/IGVFFI6094TCEH.h5ad	s3://igvf-public/2026/01/28/46079e2b-121c-4bc7-819f-a492b20e721d/IGVFFI6094TCEH.h5ad
IGVFFI1775ZIUW	processed	IGVFDS9271IEUD	C39	16	cell by gene matrix	h5ad	37852068	17f4af0e8d7d350e12145bd4a7b25704	https://api.data.igvf.org/matrix-files/IGVFFI1775ZIUW/@@download/IGVFFI1775ZIUW.h5ad	s3://igvf-public/2026/01/28/2c9b9fad-939a-4a85-87b6-dced8b7d9ba2/IGVFFI1775ZIUW.h5ad
IGVFFI3242QDPF	processed	IGVFDS9271IEUD	C39	16	cell by position methylation count matrix	h5ad	10139281960	9eb2ebf5a4ce17dfbad60a23ba1ab359	https://api.data.igvf.org/matrix-files/IGVFFI3242QDPF/@@download/IGVFFI3242QDPF.h5ad	s3://igvf-public/2026/02/17/dfe82cf2-abab-48d4-8e9e-0edd16de5128/IGVFFI3242QDPF.h5ad
IGVFFI8547DDON	processed	IGVFDS9271IEUD	C39	16	methylation counts	tsv	150114995	1e0c052ca8e3f3932c03d95fd3d37a16	https://api.data.igvf.org/tabular-files/IGVFFI8547DDON/@@download/IGVFFI8547DDON.tsv.gz	s3://igvf-public/2026/01/28/a87289c2-df3b-4723-91db-e5bdde9e0aac/IGVFFI8547DDON.tsv.gz
IGVFFI9710EOVF	processed	IGVFDS9271IEUD	C39	16	per-cell quality report	tsv	766112	07fe44eb46302e5648cf32c93c1827cf	https://api.data.igvf.org/tabular-files/IGVFFI9710EOVF/@@download/IGVFFI9710EOVF.tsv.gz	s3://igvf-public/2026/07/31/e7ea140b-7e7a-48cb-936d-9f2b6316dd51/IGVFFI9710EOVF.tsv.gz
IGVFFI0339UPVG	processed	IGVFDS2417QOAI	C39	18	alignments	bam	46362600580	b83e76efd02d2d72151b9a2601c7c864	https://api.data.igvf.org/alignment-files/IGVFFI0339UPVG/@@download/IGVFFI0339UPVG.bam	s3://igvf-public/2026/01/28/4e7749a8-1845-49bc-b3ac-4f8b5f0ac6d9/IGVFFI0339UPVG.bam
IGVFFI5954UBCM	processed	IGVFDS2417QOAI	C39	18	alignments	bam	1699028402	f5f2402d5b444acbbbe0ee55091505d8	https://api.data.igvf.org/alignment-files/IGVFFI5954UBCM/@@download/IGVFFI5954UBCM.bam	s3://igvf-public/2026/02/03/1a586cb3-2753-4538-97eb-efdd8e7c37b0/IGVFFI5954UBCM.bam
IGVFFI8823YPRN	processed	IGVFDS2417QOAI	C39	18	cell by bin methylation count matrix	h5ad	8039472	a41d435642696e2f89eefd386b93510f	https://api.data.igvf.org/matrix-files/IGVFFI8823YPRN/@@download/IGVFFI8823YPRN.h5ad	s3://igvf-public/2026/01/28/3375b2ac-d4c4-4750-b47d-969855f6539f/IGVFFI8823YPRN.h5ad
IGVFFI1752IRBE	processed	IGVFDS2417QOAI	C39	18	cell by gene matrix	h5ad	10730600	848d5f9e562d01bc51c76dfe16c97953	https://api.data.igvf.org/matrix-files/IGVFFI1752IRBE/@@download/IGVFFI1752IRBE.h5ad	s3://igvf-public/2026/01/28/b1beede4-0343-43d6-bb89-e9f513940260/IGVFFI1752IRBE.h5ad
IGVFFI9297NSLW	processed	IGVFDS2417QOAI	C39	18	cell by position methylation count matrix	h5ad	10981463528	852a877dbf681676d762d72aca16af84	https://api.data.igvf.org/matrix-files/IGVFFI9297NSLW/@@download/IGVFFI9297NSLW.h5ad	s3://igvf-public/2026/02/17/b7ffcc6a-ae25-46ac-8d00-c5d1bb036a4d/IGVFFI9297NSLW.h5ad
IGVFFI7889OMJF	processed	IGVFDS2417QOAI	C39	18	methylation counts	tsv	151479191	0be00875a72167dca9e03bb8568f396b	https://api.data.igvf.org/tabular-files/IGVFFI7889OMJF/@@download/IGVFFI7889OMJF.tsv.gz	s3://igvf-public/2026/01/28/53399793-d52e-44f6-9af6-cf8d2d5465d4/IGVFFI7889OMJF.tsv.gz
IGVFFI1648FRRE	processed	IGVFDS2417QOAI	C39	18	per-cell quality report	tsv	750677	fc6c79a6d1a37bdffda25891df2f5ca5	https://api.data.igvf.org/tabular-files/IGVFFI1648FRRE/@@download/IGVFFI1648FRRE.tsv.gz	s3://igvf-public/2026/07/31/7949f51e-6852-43e4-8b46-4e1fc89e9665/IGVFFI1648FRRE.tsv.gz
IGVFFI0399PVPS	processed	IGVFDS5065NYGN	C39	1	alignments	bam	46054621238	b1ec8b293b1e0221fccc3a0d92535e37	https://api.data.igvf.org/alignment-files/IGVFFI0399PVPS/@@download/IGVFFI0399PVPS.bam	s3://igvf-public/2026/01/28/871c0c15-a2ea-4c16-9c45-0e2967c5ee88/IGVFFI0399PVPS.bam
IGVFFI7445VDSY	processed	IGVFDS5065NYGN	C39	1	alignments	bam	4778503090	48e66048fe51ca59111ee004260b951a	https://api.data.igvf.org/alignment-files/IGVFFI7445VDSY/@@download/IGVFFI7445VDSY.bam	s3://igvf-public/2026/02/03/a9843079-3143-4701-942c-0171bb6fdeda/IGVFFI7445VDSY.bam
IGVFFI8768YDQQ	processed	IGVFDS5065NYGN	C39	1	cell by bin methylation count matrix	h5ad	81020624	f3b94c877c2bf628c7b7c707e0346713	https://api.data.igvf.org/matrix-files/IGVFFI8768YDQQ/@@download/IGVFFI8768YDQQ.h5ad	s3://igvf-public/2026/01/28/8a9b3af8-e76a-4126-b180-d6297addac53/IGVFFI8768YDQQ.h5ad
IGVFFI3272ZGJA	processed	IGVFDS5065NYGN	C39	1	cell by gene matrix	h5ad	49879296	b448113b8f04962e246693b7373c3b1e	https://api.data.igvf.org/matrix-files/IGVFFI3272ZGJA/@@download/IGVFFI3272ZGJA.h5ad	s3://igvf-public/2026/01/28/e13fe89c-41ee-451b-90d6-5a2ee2dfb680/IGVFFI3272ZGJA.h5ad
IGVFFI2615YPTB	processed	IGVFDS5065NYGN	C39	1	cell by position methylation count matrix	h5ad	11085272552	c2fc35752f767631f6f2b3c1922c1bf4	https://api.data.igvf.org/matrix-files/IGVFFI2615YPTB/@@download/IGVFFI2615YPTB.h5ad	s3://igvf-public/2026/02/17/2ebbffcf-d5c9-483a-abc3-eb8c05e9224b/IGVFFI2615YPTB.h5ad
IGVFFI3226CKHU	processed	IGVFDS5065NYGN	C39	1	methylation counts	tsv	151817276	ecaece7583ee6ad385391ec85cd1187a	https://api.data.igvf.org/tabular-files/IGVFFI3226CKHU/@@download/IGVFFI3226CKHU.tsv.gz	s3://igvf-public/2026/01/28/078d93a4-63d6-4058-928b-410be7dd1e0c/IGVFFI3226CKHU.tsv.gz
IGVFFI6756LIHC	processed	IGVFDS5065NYGN	C39	1	per-cell quality report	tsv	809151	c70a1977961872e9ef8a2b0d3497f86c	https://api.data.igvf.org/tabular-files/IGVFFI6756LIHC/@@download/IGVFFI6756LIHC.tsv.gz	s3://igvf-public/2026/07/31/33abaf83-bb7e-406e-8083-2087350de7f3/IGVFFI6756LIHC.tsv.gz
IGVFFI4575IYVM	processed	IGVFDS5772TRJZ	C39	3	alignments	bam	4398139203	7f972b5dca06c461b8031c40809bfef8	https://api.data.igvf.org/alignment-files/IGVFFI4575IYVM/@@download/IGVFFI4575IYVM.bam	s3://igvf-public/2026/02/03/1f903e36-d76f-4882-bd0a-6288f05e6cb7/IGVFFI4575IYVM.bam
IGVFFI7135MLCY	processed	IGVFDS5772TRJZ	C39	3	alignments	bam	47101382105	30be36673db8e966108598bd7f7af574	https://api.data.igvf.org/alignment-files/IGVFFI7135MLCY/@@download/IGVFFI7135MLCY.bam	s3://igvf-public/2026/01/28/68930c3f-4d15-4092-a61d-364cc94861f6/IGVFFI7135MLCY.bam
IGVFFI4744EQWP	processed	IGVFDS5772TRJZ	C39	3	cell by bin methylation count matrix	h5ad	80215232	5af23df6eb2496bb9e9d8a4151b7bc32	https://api.data.igvf.org/matrix-files/IGVFFI4744EQWP/@@download/IGVFFI4744EQWP.h5ad	s3://igvf-public/2026/01/28/820081cc-69a2-49f2-88a6-e5b8cbaed23c/IGVFFI4744EQWP.h5ad
IGVFFI3199MXZC	processed	IGVFDS5772TRJZ	C39	3	cell by gene matrix	h5ad	45648852	eb5b01dc7f7f50d59dcf594d7237ef3a	https://api.data.igvf.org/matrix-files/IGVFFI3199MXZC/@@download/IGVFFI3199MXZC.h5ad	s3://igvf-public/2026/01/28/e80fdd66-2da6-4cb3-9304-38fbf08ca812/IGVFFI3199MXZC.h5ad
IGVFFI6108EHGI	processed	IGVFDS5772TRJZ	C39	3	cell by position methylation count matrix	h5ad	11304293864	39abe48d86c9dbd0a8bfe481926db367	https://api.data.igvf.org/matrix-files/IGVFFI6108EHGI/@@download/IGVFFI6108EHGI.h5ad	s3://igvf-public/2026/02/17/ca032bf2-e119-42f0-a29f-bff912817ebc/IGVFFI6108EHGI.h5ad
IGVFFI9266LNDR	processed	IGVFDS5772TRJZ	C39	3	methylation counts	tsv	152073576	49d5e8fa66d7af0bd922ffb090bc3dcd	https://api.data.igvf.org/tabular-files/IGVFFI9266LNDR/@@download/IGVFFI9266LNDR.tsv.gz	s3://igvf-public/2026/01/28/72bf788a-de1a-4430-9d19-f2277970cb54/IGVFFI9266LNDR.tsv.gz
IGVFFI5473SKIL	processed	IGVFDS5772TRJZ	C39	3	per-cell quality report	tsv	824776	ba144daaa3984796c9056a54650978fc	https://api.data.igvf.org/tabular-files/IGVFFI5473SKIL/@@download/IGVFFI5473SKIL.tsv.gz	s3://igvf-public/2026/07/31/90ccfd99-5295-477f-85df-d3325234c8a0/IGVFFI5473SKIL.tsv.gz
IGVFFI7123VIIW	processed	IGVFDS1282YVCS	C39	5	alignments	bam	5775058830	ad71bb53243245c2cf70c0fee1390ebf	https://api.data.igvf.org/alignment-files/IGVFFI7123VIIW/@@download/IGVFFI7123VIIW.bam	s3://igvf-public/2026/02/03/b075fe43-793e-4b13-b87c-290c2a7cc716/IGVFFI7123VIIW.bam
IGVFFI7712SNDL	processed	IGVFDS1282YVCS	C39	5	alignments	bam	42065366525	5cf67ce5211579ea26ac3eccb786c5d5	https://api.data.igvf.org/alignment-files/IGVFFI7712SNDL/@@download/IGVFFI7712SNDL.bam	s3://igvf-public/2026/01/28/e774527a-ddbf-4a7f-973e-2823ebf919e3/IGVFFI7712SNDL.bam
IGVFFI7877HVEW	processed	IGVFDS1282YVCS	C39	5	cell by bin methylation count matrix	h5ad	72621536	51f5dc016c7c5d7a174b10b66c734731	https://api.data.igvf.org/matrix-files/IGVFFI7877HVEW/@@download/IGVFFI7877HVEW.h5ad	s3://igvf-public/2026/01/28/25c30871-5449-47cb-9dac-7b368cb5aa23/IGVFFI7877HVEW.h5ad
IGVFFI2234HCQQ	processed	IGVFDS1282YVCS	C39	5	cell by gene matrix	h5ad	43718464	b25240360dcc809c778d06b5071ebd85	https://api.data.igvf.org/matrix-files/IGVFFI2234HCQQ/@@download/IGVFFI2234HCQQ.h5ad	s3://igvf-public/2026/01/28/1d0a6612-84e6-4f78-b05b-192b7110468d/IGVFFI2234HCQQ.h5ad
IGVFFI8958OSBB	processed	IGVFDS1282YVCS	C39	5	cell by position methylation count matrix	h5ad	10105825904	d2b62704050c8e564aa0f2a00ab10b49	https://api.data.igvf.org/matrix-files/IGVFFI8958OSBB/@@download/IGVFFI8958OSBB.h5ad	s3://igvf-public/2026/02/17/0d38216b-9a13-4d7c-acff-6afe0c5aa96e/IGVFFI8958OSBB.h5ad
IGVFFI6186MSTD	processed	IGVFDS1282YVCS	C39	5	methylation counts	tsv	150070598	aadeda84743a161723c2fb6a7211ec00	https://api.data.igvf.org/tabular-files/IGVFFI6186MSTD/@@download/IGVFFI6186MSTD.tsv.gz	s3://igvf-public/2026/01/28/e51e5dd7-0905-4fb1-92e0-a6796b98663c/IGVFFI6186MSTD.tsv.gz
IGVFFI0448EFHE	processed	IGVFDS1282YVCS	C39	5	per-cell quality report	tsv	756552	ff73f2cb740a70d3612df52dffdd6fd3	https://api.data.igvf.org/tabular-files/IGVFFI0448EFHE/@@download/IGVFFI0448EFHE.tsv.gz	s3://igvf-public/2026/07/31/a31578ba-6131-4527-8141-e02101f7eff6/IGVFFI0448EFHE.tsv.gz
IGVFFI5063AMPD	processed	IGVFDS6740HVHW	C39	7	alignments	bam	44828537500	b927e0139080c678d9299c1d8086a722	https://api.data.igvf.org/alignment-files/IGVFFI5063AMPD/@@download/IGVFFI5063AMPD.bam	s3://igvf-public/2026/01/28/673c4751-e12f-4f86-9c5d-9ee2de23dd8f/IGVFFI5063AMPD.bam
IGVFFI6287CEKY	processed	IGVFDS6740HVHW	C39	7	alignments	bam	6228280998	60a9462aca25d6501a2ddf09e9c481e5	https://api.data.igvf.org/alignment-files/IGVFFI6287CEKY/@@download/IGVFFI6287CEKY.bam	s3://igvf-public/2026/02/03/5559bede-1f9a-414f-8276-7341465ddcd2/IGVFFI6287CEKY.bam
IGVFFI0229MGYK	processed	IGVFDS6740HVHW	C39	7	cell by bin methylation count matrix	h5ad	69860192	e5ac708a820510e385a5bdb30596f121	https://api.data.igvf.org/matrix-files/IGVFFI0229MGYK/@@download/IGVFFI0229MGYK.h5ad	s3://igvf-public/2026/01/28/553b248f-7138-4603-970e-9b4365b52ae9/IGVFFI0229MGYK.h5ad
IGVFFI0809BVAP	processed	IGVFDS6740HVHW	C39	7	cell by gene matrix	h5ad	42610332	c6b5d0725964b702b399b5d59635d41e	https://api.data.igvf.org/matrix-files/IGVFFI0809BVAP/@@download/IGVFFI0809BVAP.h5ad	s3://igvf-public/2026/01/28/2116f807-8ee6-4143-af17-5cfb60579037/IGVFFI0809BVAP.h5ad
IGVFFI4388FKGB	processed	IGVFDS6740HVHW	C39	7	cell by position methylation count matrix	h5ad	10698315336	7e1a5388bc1d8d78a139f7ca09a8747c	https://api.data.igvf.org/matrix-files/IGVFFI4388FKGB/@@download/IGVFFI4388FKGB.h5ad	s3://igvf-public/2026/02/17/10abfdd2-33c9-4747-9ddc-29641563653f/IGVFFI4388FKGB.h5ad
IGVFFI1905RPQV	processed	IGVFDS6740HVHW	C39	7	methylation counts	tsv	151234533	5099f791ba5b87ae7881f7b9c3ac5571	https://api.data.igvf.org/tabular-files/IGVFFI1905RPQV/@@download/IGVFFI1905RPQV.tsv.gz	s3://igvf-public/2026/01/28/215f35df-9c3e-4019-bb3e-462806cf9843/IGVFFI1905RPQV.tsv.gz
IGVFFI0144DTTG	processed	IGVFDS6740HVHW	C39	7	per-cell quality report	tsv	784761	500230a4f8de7595335eeafc99f7ef23	https://api.data.igvf.org/tabular-files/IGVFFI0144DTTG/@@download/IGVFFI0144DTTG.tsv.gz	s3://igvf-public/2026/07/31/d0788dd2-5201-48c5-9ece-7c0848674c6b/IGVFFI0144DTTG.tsv.gz
IGVFFI5185NYJK	processed	IGVFDS1997CBJO	C39	9	alignments	bam	35894423005	811aa7269e6bcdb950074327a6c8a243	https://api.data.igvf.org/alignment-files/IGVFFI5185NYJK/@@download/IGVFFI5185NYJK.bam	s3://igvf-public/2026/01/28/e04a6bbb-1831-4d99-9286-2846a836dbfd/IGVFFI5185NYJK.bam
IGVFFI8331AQXP	processed	IGVFDS1997CBJO	C39	9	alignments	bam	3206718999	9e80c8b8ab7ecfe37fc00ad3dd143ec9	https://api.data.igvf.org/alignment-files/IGVFFI8331AQXP/@@download/IGVFFI8331AQXP.bam	s3://igvf-public/2026/02/03/592770ac-26b0-4e82-9495-075405886db4/IGVFFI8331AQXP.bam
IGVFFI5221YBLI	processed	IGVFDS1997CBJO	C39	9	cell by bin methylation count matrix	h5ad	71125808	7a74026fdb3a2f990baf6e1eecab6853	https://api.data.igvf.org/matrix-files/IGVFFI5221YBLI/@@download/IGVFFI5221YBLI.h5ad	s3://igvf-public/2026/01/28/65e9e197-c258-4077-b476-57f6da19886b/IGVFFI5221YBLI.h5ad
IGVFFI3995AEOK	processed	IGVFDS1997CBJO	C39	9	cell by gene matrix	h5ad	43546612	74366ed90c7394f2ed311278291d7dc2	https://api.data.igvf.org/matrix-files/IGVFFI3995AEOK/@@download/IGVFFI3995AEOK.h5ad	s3://igvf-public/2026/01/28/bbd3fd15-ab7b-4538-86ca-3a7df9b8ac70/IGVFFI3995AEOK.h5ad
IGVFFI5057SVAT	processed	IGVFDS1997CBJO	C39	9	cell by position methylation count matrix	h5ad	8394047248	fc7f63c882ba61d09787666387adb35f	https://api.data.igvf.org/matrix-files/IGVFFI5057SVAT/@@download/IGVFFI5057SVAT.h5ad	s3://igvf-public/2026/02/17/0be15b5f-3f2d-4682-be30-00c70528e152/IGVFFI5057SVAT.h5ad
IGVFFI9988VFEE	processed	IGVFDS1997CBJO	C39	9	methylation counts	tsv	146376493	f8a2c8f64aebdfbd957ade4eeac09a4c	https://api.data.igvf.org/tabular-files/IGVFFI9988VFEE/@@download/IGVFFI9988VFEE.tsv.gz	s3://igvf-public/2026/01/28/6fb94801-1dc8-4313-9ff2-a4fbcc9b510c/IGVFFI9988VFEE.tsv.gz
IGVFFI3303IQOA	processed	IGVFDS1997CBJO	C39	9	per-cell quality report	tsv	728208	ddf6d6a5aaacae1ee42f2cda735ca7cd	https://api.data.igvf.org/tabular-files/IGVFFI3303IQOA/@@download/IGVFFI3303IQOA.tsv.gz	s3://igvf-public/2026/07/31/4dd97f89-3b39-4acc-9ba5-3beabddd4361/IGVFFI3303IQOA.tsv.gz
IGVFFI2302QCCP	raw	IGVFDS8144USAL	C29	0	reads	fastq	5739382682	e42dfeaf6560c1bca0a6aa5968f4247f	https://api.data.igvf.org/sequence-files/IGVFFI2302QCCP/@@download/IGVFFI2302QCCP.fastq.gz	s3://igvf-public/2024/11/18/60ced3aa-cfb8-4118-a919-62c93cd0cc2c/IGVFFI2302QCCP.fastq.gz
IGVFFI4038KKBQ	raw	IGVFDS8144USAL	C29	0	reads	fastq	5721873394	a124e453469d52f0552f5cb0c9f91f0c	https://api.data.igvf.org/sequence-files/IGVFFI4038KKBQ/@@download/IGVFFI4038KKBQ.fastq.gz	s3://igvf-public/2024/11/18/6521adb1-98a8-4dc8-a015-025b8319aa38/IGVFFI4038KKBQ.fastq.gz
IGVFFI6856QZOF	raw	IGVFDS8144USAL	C29	0	reads	fastq	5613626528	77f732e04435cebaf84c15464eb74ea1	https://api.data.igvf.org/sequence-files/IGVFFI6856QZOF/@@download/IGVFFI6856QZOF.fastq.gz	s3://igvf-public/2024/11/18/ee1ca7e6-9e72-4320-b1f5-9048ab59a672/IGVFFI6856QZOF.fastq.gz
IGVFFI7080DPFP	raw	IGVFDS8144USAL	C29	0	reads	fastq	5714239044	37d527deb154fd4a68e3126284e045d0	https://api.data.igvf.org/sequence-files/IGVFFI7080DPFP/@@download/IGVFFI7080DPFP.fastq.gz	s3://igvf-public/2024/11/18/46235a29-8429-4761-bd1f-3dddfcb4af7c/IGVFFI7080DPFP.fastq.gz
IGVFFI7794XLDU	raw	IGVFDS8144USAL	C29	0	reads	fastq	5786291805	7b2c9cfba1139e77fa44b08c512a565b	https://api.data.igvf.org/sequence-files/IGVFFI7794XLDU/@@download/IGVFFI7794XLDU.fastq.gz	s3://igvf-public/2024/11/18/6c1d83c3-8d59-4f8f-b901-17279e4ee668/IGVFFI7794XLDU.fastq.gz
IGVFFI8547SUKG	raw	IGVFDS8144USAL	C29	0	reads	fastq	5730920375	81909bcfa2ca391f3736a3e7701abf52	https://api.data.igvf.org/sequence-files/IGVFFI8547SUKG/@@download/IGVFFI8547SUKG.fastq.gz	s3://igvf-public/2024/11/18/4c0556ae-3c5a-473c-9e31-5da7f1097b6d/IGVFFI8547SUKG.fastq.gz
IGVFFI8970SLTE	raw	IGVFDS8144USAL	C29	0	reads	fastq	5699708573	af26cc2ae08c9cb9444a00a6b2ae6ec6	https://api.data.igvf.org/sequence-files/IGVFFI8970SLTE/@@download/IGVFFI8970SLTE.fastq.gz	s3://igvf-public/2024/11/18/a85f86ae-9f68-4341-b1a3-9ae20b4ca0ee/IGVFFI8970SLTE.fastq.gz
IGVFFI9208XGYF	raw	IGVFDS8144USAL	C29	0	reads	fastq	5700477416	ae032f0b6c372b187f0c36881e89d4dc	https://api.data.igvf.org/sequence-files/IGVFFI9208XGYF/@@download/IGVFFI9208XGYF.fastq.gz	s3://igvf-public/2024/11/18/ffa8fa5a-6b98-4afa-99fc-63fde5dfd724/IGVFFI9208XGYF.fastq.gz
IGVFFI0087VZWC	raw	IGVFDS5782BLYM	C29	12	reads	fastq	5285020709	31ba8316c8af0953f4feddef15ade5ae	https://api.data.igvf.org/sequence-files/IGVFFI0087VZWC/@@download/IGVFFI0087VZWC.fastq.gz	s3://igvf-public/2024/11/18/5820aad1-d203-4b18-8aa0-b99bfa7ece75/IGVFFI0087VZWC.fastq.gz
IGVFFI1775KKTK	raw	IGVFDS5782BLYM	C29	12	reads	fastq	5258384665	4ffe35559093adb83e77dd9adde3e68c	https://api.data.igvf.org/sequence-files/IGVFFI1775KKTK/@@download/IGVFFI1775KKTK.fastq.gz	s3://igvf-public/2024/11/18/63af0b06-e72d-4f12-9ecc-e6cb27721c9a/IGVFFI1775KKTK.fastq.gz
IGVFFI1916INPL	raw	IGVFDS5782BLYM	C29	12	reads	fastq	5319032331	35fba3d1280048cccc5822165cc2cbcc	https://api.data.igvf.org/sequence-files/IGVFFI1916INPL/@@download/IGVFFI1916INPL.fastq.gz	s3://igvf-public/2024/11/18/c9f374d2-473c-4fd7-9363-889775ce03d3/IGVFFI1916INPL.fastq.gz
IGVFFI2013TQMP	raw	IGVFDS5782BLYM	C29	12	reads	fastq	5271664547	83f98ef420552eac5c5f71a11def3268	https://api.data.igvf.org/sequence-files/IGVFFI2013TQMP/@@download/IGVFFI2013TQMP.fastq.gz	s3://igvf-public/2024/11/18/23e76d88-2fd2-46b6-a88c-8b318927e4b7/IGVFFI2013TQMP.fastq.gz
IGVFFI4077FXCR	raw	IGVFDS5782BLYM	C29	12	reads	fastq	5230028812	c3c9f425a6a0cbd67d7c69bcfe12d38b	https://api.data.igvf.org/sequence-files/IGVFFI4077FXCR/@@download/IGVFFI4077FXCR.fastq.gz	s3://igvf-public/2024/11/18/7f18480a-7a35-46d5-85a1-8474403edd86/IGVFFI4077FXCR.fastq.gz
IGVFFI6451RFDV	raw	IGVFDS5782BLYM	C29	12	reads	fastq	5354411699	7ae742b2c30c5d35f44d630299cb7394	https://api.data.igvf.org/sequence-files/IGVFFI6451RFDV/@@download/IGVFFI6451RFDV.fastq.gz	s3://igvf-public/2024/11/18/7feaeee7-facb-49fb-9b9d-431cd7ae91fe/IGVFFI6451RFDV.fastq.gz
IGVFFI8282HSXG	raw	IGVFDS5782BLYM	C29	12	reads	fastq	5304427616	67e79ed2a6d93d18253f14652023c0c5	https://api.data.igvf.org/sequence-files/IGVFFI8282HSXG/@@download/IGVFFI8282HSXG.fastq.gz	s3://igvf-public/2024/11/18/fc7b1b83-0c6b-498b-a658-04f5d5ddd8b2/IGVFFI8282HSXG.fastq.gz
IGVFFI8289WOAK	raw	IGVFDS5782BLYM	C29	12	reads	fastq	5250370681	92265a18ef78b0ec985808d9f4d53205	https://api.data.igvf.org/sequence-files/IGVFFI8289WOAK/@@download/IGVFFI8289WOAK.fastq.gz	s3://igvf-public/2024/11/18/c3e7808c-3bcb-49b4-bf3e-2edcdbeb7d19/IGVFFI8289WOAK.fastq.gz
IGVFFI0985PBIN	raw	IGVFDS2660YHFN	C29	14	reads	fastq	5308101951	d319247dee21c18062d09bbbea576cc7	https://api.data.igvf.org/sequence-files/IGVFFI0985PBIN/@@download/IGVFFI0985PBIN.fastq.gz	s3://igvf-public/2024/11/15/96b551c2-8e38-42b3-a660-6762f6970fbb/IGVFFI0985PBIN.fastq.gz
IGVFFI1777LQZQ	raw	IGVFDS2660YHFN	C29	14	reads	fastq	5479691147	c43323df5c401c2c8460b39b41aac0ff	https://api.data.igvf.org/sequence-files/IGVFFI1777LQZQ/@@download/IGVFFI1777LQZQ.fastq.gz	s3://igvf-public/2024/11/15/206cb4d0-b382-464e-9f07-fecb16c8708a/IGVFFI1777LQZQ.fastq.gz
IGVFFI2293WLKV	raw	IGVFDS2660YHFN	C29	14	reads	fastq	5341660822	f3a6a25c9ce537561711ad5538d930bd	https://api.data.igvf.org/sequence-files/IGVFFI2293WLKV/@@download/IGVFFI2293WLKV.fastq.gz	s3://igvf-public/2024/11/15/f1a259c1-532a-4ead-b47c-45fc4adb88cd/IGVFFI2293WLKV.fastq.gz
IGVFFI3459XBGW	raw	IGVFDS2660YHFN	C29	14	reads	fastq	5344748154	b82a0b860c913be2f5ca6c0d2c5aa803	https://api.data.igvf.org/sequence-files/IGVFFI3459XBGW/@@download/IGVFFI3459XBGW.fastq.gz	s3://igvf-public/2024/11/15/b7516a99-f66e-4a34-ad89-2002eeb5f7bb/IGVFFI3459XBGW.fastq.gz
IGVFFI4245TOCC	raw	IGVFDS2660YHFN	C29	14	reads	fastq	5396208798	26dac87cc8f87eed4a35b7077d4ec80e	https://api.data.igvf.org/sequence-files/IGVFFI4245TOCC/@@download/IGVFFI4245TOCC.fastq.gz	s3://igvf-public/2024/11/15/d374cc3a-bd69-43d7-8eae-68a1dd134dbc/IGVFFI4245TOCC.fastq.gz
IGVFFI5678KVOS	raw	IGVFDS2660YHFN	C29	14	reads	fastq	5287575502	4357ad6317873a3f85af129523971a36	https://api.data.igvf.org/sequence-files/IGVFFI5678KVOS/@@download/IGVFFI5678KVOS.fastq.gz	s3://igvf-public/2024/11/15/f3fd5043-4487-4efa-a1d2-5297d142df9e/IGVFFI5678KVOS.fastq.gz
IGVFFI6425ERNH	raw	IGVFDS2660YHFN	C29	14	reads	fastq	5441434050	fc4837e93055d7d84f38415195374ea5	https://api.data.igvf.org/sequence-files/IGVFFI6425ERNH/@@download/IGVFFI6425ERNH.fastq.gz	s3://igvf-public/2024/11/15/eefa0b80-90da-4326-9a8d-a939af09e094/IGVFFI6425ERNH.fastq.gz
IGVFFI6491FJSE	raw	IGVFDS2660YHFN	C29	14	reads	fastq	5401480448	d5e19cb18049a4bcdb8a3c7cb73519dc	https://api.data.igvf.org/sequence-files/IGVFFI6491FJSE/@@download/IGVFFI6491FJSE.fastq.gz	s3://igvf-public/2024/11/15/cdfda8e7-3eaa-4c6a-bff7-2db9a1abccfd/IGVFFI6491FJSE.fastq.gz
IGVFFI2383YLPP	raw	IGVFDS9519MTBB	C29	16	reads	fastq	6925245853	099edff7efb3a3e2f7462bd51ded7619	https://api.data.igvf.org/sequence-files/IGVFFI2383YLPP/@@download/IGVFFI2383YLPP.fastq.gz	s3://igvf-public/2024/11/15/95481cfc-269a-4c7c-bce2-80ca12fbcc73/IGVFFI2383YLPP.fastq.gz
IGVFFI3264TRXG	raw	IGVFDS9519MTBB	C29	16	reads	fastq	6968194478	a6928b84603a843ba30d6135525979ed	https://api.data.igvf.org/sequence-files/IGVFFI3264TRXG/@@download/IGVFFI3264TRXG.fastq.gz	s3://igvf-public/2024/11/15/6cbe2be9-001f-448f-8d2b-d1b35bfb2278/IGVFFI3264TRXG.fastq.gz
IGVFFI4918AJDV	raw	IGVFDS9519MTBB	C29	16	reads	fastq	6964572845	8182beb8aef422eecf7307b75eb4b96f	https://api.data.igvf.org/sequence-files/IGVFFI4918AJDV/@@download/IGVFFI4918AJDV.fastq.gz	s3://igvf-public/2024/11/15/5a5429d7-3ff4-43ad-bc6c-847e854d622f/IGVFFI4918AJDV.fastq.gz
IGVFFI6907XBRM	raw	IGVFDS9519MTBB	C29	16	reads	fastq	7087336581	46ead8e86b33733c6afa74468593fbe9	https://api.data.igvf.org/sequence-files/IGVFFI6907XBRM/@@download/IGVFFI6907XBRM.fastq.gz	s3://igvf-public/2024/11/15/d56b1b76-2994-49ca-bcd3-e8f50bc9b00d/IGVFFI6907XBRM.fastq.gz
IGVFFI7243IIKY	raw	IGVFDS9519MTBB	C29	16	reads	fastq	6826499762	e68c53550f758847256cd67e2b893dc0	https://api.data.igvf.org/sequence-files/IGVFFI7243IIKY/@@download/IGVFFI7243IIKY.fastq.gz	s3://igvf-public/2024/11/15/f014fb9c-9541-4fe4-880e-4cc49b989f05/IGVFFI7243IIKY.fastq.gz
IGVFFI8041XBKW	raw	IGVFDS9519MTBB	C29	16	reads	fastq	7058878235	6a208c6c3453089399a76bbbb272d6d5	https://api.data.igvf.org/sequence-files/IGVFFI8041XBKW/@@download/IGVFFI8041XBKW.fastq.gz	s3://igvf-public/2024/11/15/336f59f2-a907-40b2-9e9e-e1d000470f58/IGVFFI8041XBKW.fastq.gz
IGVFFI8332XPLY	raw	IGVFDS9519MTBB	C29	16	reads	fastq	7022672131	aa4795bf141b0ed214f57f4df69a830b	https://api.data.igvf.org/sequence-files/IGVFFI8332XPLY/@@download/IGVFFI8332XPLY.fastq.gz	s3://igvf-public/2024/11/15/b0d78f18-5460-494a-9f85-c5ba8fac4028/IGVFFI8332XPLY.fastq.gz
IGVFFI8592NWZP	raw	IGVFDS9519MTBB	C29	16	reads	fastq	6827173539	9e37e3a33d6da6180949d46689dcab92	https://api.data.igvf.org/sequence-files/IGVFFI8592NWZP/@@download/IGVFFI8592NWZP.fastq.gz	s3://igvf-public/2024/11/15/ccdcfb18-85eb-476e-ba17-28907d109586/IGVFFI8592NWZP.fastq.gz
IGVFFI0780JVLA	raw	IGVFDS2571VVCI	C29	18	reads	fastq	5985828531	654a33a8cc100ae7128e8257afa6bdc5	https://api.data.igvf.org/sequence-files/IGVFFI0780JVLA/@@download/IGVFFI0780JVLA.fastq.gz	s3://igvf-public/2024/11/15/bf80bb98-838d-4f00-aa35-74487143febf/IGVFFI0780JVLA.fastq.gz
IGVFFI1823FVMZ	raw	IGVFDS2571VVCI	C29	18	reads	fastq	6009109130	3682998e23e40d7d49966d34e7b3dc69	https://api.data.igvf.org/sequence-files/IGVFFI1823FVMZ/@@download/IGVFFI1823FVMZ.fastq.gz	s3://igvf-public/2024/11/15/b61dd1f5-a449-4515-8351-572d527b2d99/IGVFFI1823FVMZ.fastq.gz
IGVFFI3778NEQD	raw	IGVFDS2571VVCI	C29	18	reads	fastq	5901240623	89693d47aa034ae9a22981eb35719ffa	https://api.data.igvf.org/sequence-files/IGVFFI3778NEQD/@@download/IGVFFI3778NEQD.fastq.gz	s3://igvf-public/2024/11/15/bf4751ef-4cd3-437b-b780-0c0c39acc2ee/IGVFFI3778NEQD.fastq.gz
IGVFFI4483VZYO	raw	IGVFDS2571VVCI	C29	18	reads	fastq	5924518106	cb42b4108e30bc1c2c78c1a9f6853061	https://api.data.igvf.org/sequence-files/IGVFFI4483VZYO/@@download/IGVFFI4483VZYO.fastq.gz	s3://igvf-public/2024/11/15/a28f5934-d0ab-4ac5-a024-0e1b51d8fa10/IGVFFI4483VZYO.fastq.gz
IGVFFI5665RYSI	raw	IGVFDS2571VVCI	C29	18	reads	fastq	5941546300	6584cd1c1fd94ca01d5dacde83784708	https://api.data.igvf.org/sequence-files/IGVFFI5665RYSI/@@download/IGVFFI5665RYSI.fastq.gz	s3://igvf-public/2024/11/15/4123b9ad-7553-4e43-8e81-6c2a552ec72e/IGVFFI5665RYSI.fastq.gz
IGVFFI8108ONXV	raw	IGVFDS2571VVCI	C29	18	reads	fastq	5804783757	fdbb35cf6c15483da2f91930e144853c	https://api.data.igvf.org/sequence-files/IGVFFI8108ONXV/@@download/IGVFFI8108ONXV.fastq.gz	s3://igvf-public/2024/11/15/abb31291-bc96-4891-a35a-b489bff43393/IGVFFI8108ONXV.fastq.gz
IGVFFI8365QWVJ	raw	IGVFDS2571VVCI	C29	18	reads	fastq	6031661429	68da4026e177d394041c40cbd47daeee	https://api.data.igvf.org/sequence-files/IGVFFI8365QWVJ/@@download/IGVFFI8365QWVJ.fastq.gz	s3://igvf-public/2024/11/15/530d1d6c-9c4f-4724-832f-922af7a1a82a/IGVFFI8365QWVJ.fastq.gz
IGVFFI8802DVGH	raw	IGVFDS2571VVCI	C29	18	reads	fastq	5817357512	1fe64b912ad59d7bb4edc4d1e9f867ed	https://api.data.igvf.org/sequence-files/IGVFFI8802DVGH/@@download/IGVFFI8802DVGH.fastq.gz	s3://igvf-public/2024/11/15/5f7c2d99-c0e8-45b4-9607-ce0c48824ef3/IGVFFI8802DVGH.fastq.gz
IGVFFI2039WRMZ	raw	IGVFDS4826YNLK	C29	1	reads	fastq	6414336409	44530dd7ccf1d314fa777d5c7cb34715	https://api.data.igvf.org/sequence-files/IGVFFI2039WRMZ/@@download/IGVFFI2039WRMZ.fastq.gz	s3://igvf-public/2024/11/15/874c68c0-bdc9-41a9-bb28-179361ea5e1a/IGVFFI2039WRMZ.fastq.gz
IGVFFI3442ENEO	raw	IGVFDS4826YNLK	C29	1	reads	fastq	6387052034	d0a663c2853c29f3cdd07ea5a7aa9189	https://api.data.igvf.org/sequence-files/IGVFFI3442ENEO/@@download/IGVFFI3442ENEO.fastq.gz	s3://igvf-public/2024/11/15/ad9da971-4c4d-493a-a1ad-31d36f1c873b/IGVFFI3442ENEO.fastq.gz
IGVFFI3833CHFN	raw	IGVFDS4826YNLK	C29	1	reads	fastq	6230139211	55f8cc5666479bb2ddb11e1259dff327	https://api.data.igvf.org/sequence-files/IGVFFI3833CHFN/@@download/IGVFFI3833CHFN.fastq.gz	s3://igvf-public/2024/11/15/ff2c44b0-56af-4727-9bf8-8068c8dfc2ea/IGVFFI3833CHFN.fastq.gz
IGVFFI4166QRFJ	raw	IGVFDS4826YNLK	C29	1	reads	fastq	6330701127	9385bfdca91c399d5acac8be4460520f	https://api.data.igvf.org/sequence-files/IGVFFI4166QRFJ/@@download/IGVFFI4166QRFJ.fastq.gz	s3://igvf-public/2024/11/15/b1324c04-9336-4815-84fe-98a9c987fec2/IGVFFI4166QRFJ.fastq.gz
IGVFFI4691UDCQ	raw	IGVFDS4826YNLK	C29	1	reads	fastq	6314229733	994b05f113520ef635a54023a883b9b4	https://api.data.igvf.org/sequence-files/IGVFFI4691UDCQ/@@download/IGVFFI4691UDCQ.fastq.gz	s3://igvf-public/2024/11/15/158e01a5-6da0-4c99-b59c-97c6077965e0/IGVFFI4691UDCQ.fastq.gz
IGVFFI5134YECO	raw	IGVFDS4826YNLK	C29	1	reads	fastq	6118047752	534bdbfc7ff0bc5ead9adea82ff3bebf	https://api.data.igvf.org/sequence-files/IGVFFI5134YECO/@@download/IGVFFI5134YECO.fastq.gz	s3://igvf-public/2024/11/15/5ef5822c-c980-4851-ae3b-ce88114b7ec4/IGVFFI5134YECO.fastq.gz
IGVFFI7685YKWE	raw	IGVFDS4826YNLK	C29	1	reads	fastq	6315895705	eef59e034afd6454035d18afbd830e79	https://api.data.igvf.org/sequence-files/IGVFFI7685YKWE/@@download/IGVFFI7685YKWE.fastq.gz	s3://igvf-public/2024/11/15/892b0d5b-b627-4a42-97bd-e50f90275a46/IGVFFI7685YKWE.fastq.gz
IGVFFI8754TSRE	raw	IGVFDS4826YNLK	C29	1	reads	fastq	6460931423	82a29962f828d9268b6b557d6dd310f2	https://api.data.igvf.org/sequence-files/IGVFFI8754TSRE/@@download/IGVFFI8754TSRE.fastq.gz	s3://igvf-public/2024/11/15/f5b46a39-add8-4ef9-bd7f-8ac5a3343a6c/IGVFFI8754TSRE.fastq.gz
IGVFFI1247HNWB	raw	IGVFDS0174SXAX	C29	3	reads	fastq	6492953047	cb916337fff1bd230c5be6eee532144c	https://api.data.igvf.org/sequence-files/IGVFFI1247HNWB/@@download/IGVFFI1247HNWB.fastq.gz	s3://igvf-public/2024/11/15/3a7f500f-cd56-42bb-898b-098c21a6eac1/IGVFFI1247HNWB.fastq.gz
IGVFFI3578QUNS	raw	IGVFDS0174SXAX	C29	3	reads	fastq	6500060200	35741aa9852954dc9dab989fcb0b0914	https://api.data.igvf.org/sequence-files/IGVFFI3578QUNS/@@download/IGVFFI3578QUNS.fastq.gz	s3://igvf-public/2024/11/15/15afb97d-cc3c-479a-8710-03556ba0cd5e/IGVFFI3578QUNS.fastq.gz
IGVFFI4343TQWN	raw	IGVFDS0174SXAX	C29	3	reads	fastq	6568942701	95dc0904ec27182dd4af891156cf738c	https://api.data.igvf.org/sequence-files/IGVFFI4343TQWN/@@download/IGVFFI4343TQWN.fastq.gz	s3://igvf-public/2024/11/15/e64efaf6-24d6-49e8-9685-b1b8ef55a72e/IGVFFI4343TQWN.fastq.gz
IGVFFI4477HIGW	raw	IGVFDS0174SXAX	C29	3	reads	fastq	6603866682	4443569836d23eaa481631dc7c8e71a3	https://api.data.igvf.org/sequence-files/IGVFFI4477HIGW/@@download/IGVFFI4477HIGW.fastq.gz	s3://igvf-public/2024/11/15/d5de92f2-5d71-4657-9ddd-9b1df756232c/IGVFFI4477HIGW.fastq.gz
IGVFFI5919FKQB	raw	IGVFDS0174SXAX	C29	3	reads	fastq	6411457130	2db31a65877e78f303d323980b1aa87c	https://api.data.igvf.org/sequence-files/IGVFFI5919FKQB/@@download/IGVFFI5919FKQB.fastq.gz	s3://igvf-public/2024/11/15/08f46e9c-4aa1-4d1d-b31c-06d6b4446dc9/IGVFFI5919FKQB.fastq.gz
IGVFFI6258COAO	raw	IGVFDS0174SXAX	C29	3	reads	fastq	6538146815	2f81d7522bd7f9833212dc3f4789483c	https://api.data.igvf.org/sequence-files/IGVFFI6258COAO/@@download/IGVFFI6258COAO.fastq.gz	s3://igvf-public/2024/11/15/cb1c3813-6370-438e-8530-cd905150bc40/IGVFFI6258COAO.fastq.gz
IGVFFI6675PGHL	raw	IGVFDS0174SXAX	C29	3	reads	fastq	6378170998	1cfec77ca03fbe5e554dd82a541f6957	https://api.data.igvf.org/sequence-files/IGVFFI6675PGHL/@@download/IGVFFI6675PGHL.fastq.gz	s3://igvf-public/2024/11/15/3a987557-cdb3-4ee4-943b-d3b9dc4b901f/IGVFFI6675PGHL.fastq.gz
IGVFFI7863YTTX	raw	IGVFDS0174SXAX	C29	3	reads	fastq	6602315006	c667db0ea4177ff808c121d0a86b2594	https://api.data.igvf.org/sequence-files/IGVFFI7863YTTX/@@download/IGVFFI7863YTTX.fastq.gz	s3://igvf-public/2024/11/15/7a90283a-ad01-46c6-84dd-5866a4a51e23/IGVFFI7863YTTX.fastq.gz
IGVFFI4719ISQY	raw	IGVFDS4753QHJH	C29	5	reads	fastq	5735149914	c7661fece7107c3b0bdcb443eb13ce9b	https://api.data.igvf.org/sequence-files/IGVFFI4719ISQY/@@download/IGVFFI4719ISQY.fastq.gz	s3://igvf-public/2024/11/18/c8ea9b1d-8b34-4817-a498-fb8b1208881b/IGVFFI4719ISQY.fastq.gz
IGVFFI5959AHOO	raw	IGVFDS4753QHJH	C29	5	reads	fastq	5798831429	c7d3d2d00ea824d593db6618891511d2	https://api.data.igvf.org/sequence-files/IGVFFI5959AHOO/@@download/IGVFFI5959AHOO.fastq.gz	s3://igvf-public/2024/11/18/0829cc92-71d7-4332-9449-c43b61882f70/IGVFFI5959AHOO.fastq.gz
IGVFFI6902SHCD	raw	IGVFDS4753QHJH	C29	5	reads	fastq	5673657894	9d37dd92dedf0a28a3a8491cacfa6d3c	https://api.data.igvf.org/sequence-files/IGVFFI6902SHCD/@@download/IGVFFI6902SHCD.fastq.gz	s3://igvf-public/2024/11/18/42f889aa-537a-469a-8e3a-adb35c43824a/IGVFFI6902SHCD.fastq.gz
IGVFFI7291MCXG	raw	IGVFDS4753QHJH	C29	5	reads	fastq	5749719859	ceb2fdbac7f549d5f1ec24ad6d1c7176	https://api.data.igvf.org/sequence-files/IGVFFI7291MCXG/@@download/IGVFFI7291MCXG.fastq.gz	s3://igvf-public/2024/11/18/a0be3b24-2534-4ba9-9c15-d1c75d12b9af/IGVFFI7291MCXG.fastq.gz
IGVFFI7899VPVK	raw	IGVFDS4753QHJH	C29	5	reads	fastq	5727763387	28da0dcc5762d6136c313e188a1f98de	https://api.data.igvf.org/sequence-files/IGVFFI7899VPVK/@@download/IGVFFI7899VPVK.fastq.gz	s3://igvf-public/2024/11/18/560e1057-86b0-4199-a933-e0f3fb70b298/IGVFFI7899VPVK.fastq.gz
IGVFFI8379RPUL	raw	IGVFDS4753QHJH	C29	5	reads	fastq	5749713021	77c1f8b2a6c05cf554a11dfc7150c469	https://api.data.igvf.org/sequence-files/IGVFFI8379RPUL/@@download/IGVFFI8379RPUL.fastq.gz	s3://igvf-public/2024/11/18/46550d7c-62b0-4fa1-b135-6b052110ff20/IGVFFI8379RPUL.fastq.gz
IGVFFI9397ULNN	raw	IGVFDS4753QHJH	C29	5	reads	fastq	5761388970	0fbc5b22f42f13236866f0da6d7fb7a1	https://api.data.igvf.org/sequence-files/IGVFFI9397ULNN/@@download/IGVFFI9397ULNN.fastq.gz	s3://igvf-public/2024/11/18/a5a35a87-639e-416e-bfe2-e50390a13814/IGVFFI9397ULNN.fastq.gz
IGVFFI9782OUQK	raw	IGVFDS4753QHJH	C29	5	reads	fastq	5801833084	f26cdda9607acafde6e772fce1cf316e	https://api.data.igvf.org/sequence-files/IGVFFI9782OUQK/@@download/IGVFFI9782OUQK.fastq.gz	s3://igvf-public/2024/11/18/3717f1f1-cb27-4ce0-a8ad-136002eb1984/IGVFFI9782OUQK.fastq.gz
IGVFFI0903RLOJ	raw	IGVFDS6095UGQM	C29	7	reads	fastq	7176153726	d961dbc59709a074beeddaa4040aa48d	https://api.data.igvf.org/sequence-files/IGVFFI0903RLOJ/@@download/IGVFFI0903RLOJ.fastq.gz	s3://igvf-public/2024/11/15/96db3fc9-86d4-49cd-ad28-eb6b1d1537dc/IGVFFI0903RLOJ.fastq.gz
IGVFFI1764HLTG	raw	IGVFDS6095UGQM	C29	7	reads	fastq	7444210873	d8f533eeb13f8b3dca23d1a33ddf16a0	https://api.data.igvf.org/sequence-files/IGVFFI1764HLTG/@@download/IGVFFI1764HLTG.fastq.gz	s3://igvf-public/2024/11/15/30799acb-7cc2-44ca-88db-356a1cabf2f0/IGVFFI1764HLTG.fastq.gz
IGVFFI2261NDGU	raw	IGVFDS6095UGQM	C29	7	reads	fastq	7527277880	35dc920cbd4ad456d7798b3d9366eb69	https://api.data.igvf.org/sequence-files/IGVFFI2261NDGU/@@download/IGVFFI2261NDGU.fastq.gz	s3://igvf-public/2024/11/15/b408a92f-721d-4e66-a066-504b90be50b8/IGVFFI2261NDGU.fastq.gz
IGVFFI2375EELR	raw	IGVFDS6095UGQM	C29	7	reads	fastq	7496200252	f57886ed52bde8dd8ffae768914df537	https://api.data.igvf.org/sequence-files/IGVFFI2375EELR/@@download/IGVFFI2375EELR.fastq.gz	s3://igvf-public/2024/11/15/f53d7ea7-bc4f-4ab0-9759-02220e2f1288/IGVFFI2375EELR.fastq.gz
IGVFFI7812DGRY	raw	IGVFDS6095UGQM	C29	7	reads	fastq	7576573701	ef6258b2841d98f7fdd0799d0b73c480	https://api.data.igvf.org/sequence-files/IGVFFI7812DGRY/@@download/IGVFFI7812DGRY.fastq.gz	s3://igvf-public/2024/11/15/c34d4dfa-0ee3-4b83-a822-bcc4c80c80e0/IGVFFI7812DGRY.fastq.gz
IGVFFI7971AAOY	raw	IGVFDS6095UGQM	C29	7	reads	fastq	7483580333	ce5f530a875848a2e057665f0139a6c5	https://api.data.igvf.org/sequence-files/IGVFFI7971AAOY/@@download/IGVFFI7971AAOY.fastq.gz	s3://igvf-public/2024/11/15/4ef48494-c89b-4757-bddd-00722ce2421b/IGVFFI7971AAOY.fastq.gz
IGVFFI8554WRRN	raw	IGVFDS6095UGQM	C29	7	reads	fastq	7335374962	d1419574ef1676b01e0123fe0e13a80f	https://api.data.igvf.org/sequence-files/IGVFFI8554WRRN/@@download/IGVFFI8554WRRN.fastq.gz	s3://igvf-public/2024/11/15/19b57538-91a3-4496-9d14-55b55bfb8716/IGVFFI8554WRRN.fastq.gz
IGVFFI9627FUZW	raw	IGVFDS6095UGQM	C29	7	reads	fastq	7330165677	4230589bb37013b32459167dc5e8720e	https://api.data.igvf.org/sequence-files/IGVFFI9627FUZW/@@download/IGVFFI9627FUZW.fastq.gz	s3://igvf-public/2024/11/15/16dd6c59-994f-4c59-aa85-6c05a2f6c470/IGVFFI9627FUZW.fastq.gz
IGVFFI1094IALK	raw	IGVFDS3795XIJK	C29	9	reads	fastq	6177119152	4a3d458a99f382f663b2ea8ff3d54a20	https://api.data.igvf.org/sequence-files/IGVFFI1094IALK/@@download/IGVFFI1094IALK.fastq.gz	s3://igvf-public/2024/11/15/e65bc18e-7b99-42ff-861d-08fa20a98eb5/IGVFFI1094IALK.fastq.gz
IGVFFI2013BLUV	raw	IGVFDS3795XIJK	C29	9	reads	fastq	6308555529	babb692ede8def3252a8a07db1cc6d9c	https://api.data.igvf.org/sequence-files/IGVFFI2013BLUV/@@download/IGVFFI2013BLUV.fastq.gz	s3://igvf-public/2024/11/15/0c539718-25c5-4cb0-9f62-692efd80fc22/IGVFFI2013BLUV.fastq.gz
IGVFFI2460AFOO	raw	IGVFDS3795XIJK	C29	9	reads	fastq	6160986334	f83ea94844196aea19e8f07d1e266076	https://api.data.igvf.org/sequence-files/IGVFFI2460AFOO/@@download/IGVFFI2460AFOO.fastq.gz	s3://igvf-public/2024/11/15/1039459d-7d09-4eb2-a1c3-e399a85d8102/IGVFFI2460AFOO.fastq.gz
IGVFFI5742XWSO	raw	IGVFDS3795XIJK	C29	9	reads	fastq	6387157745	c906d5ff88271d09aa7d1500ed8a65a6	https://api.data.igvf.org/sequence-files/IGVFFI5742XWSO/@@download/IGVFFI5742XWSO.fastq.gz	s3://igvf-public/2024/11/15/8fad7fd2-5f6e-4e28-bca0-9ccc8a3fa9e0/IGVFFI5742XWSO.fastq.gz
IGVFFI6209KGNO	raw	IGVFDS3795XIJK	C29	9	reads	fastq	6196554705	ea87ee96cba25e57f4b824c8dcc15fc2	https://api.data.igvf.org/sequence-files/IGVFFI6209KGNO/@@download/IGVFFI6209KGNO.fastq.gz	s3://igvf-public/2024/11/15/6abc6150-1775-474e-9852-78c3951ffd3b/IGVFFI6209KGNO.fastq.gz
IGVFFI6383UYPC	raw	IGVFDS3795XIJK	C29	9	reads	fastq	6434795259	35728f98b83ba28efb026c713331d732	https://api.data.igvf.org/sequence-files/IGVFFI6383UYPC/@@download/IGVFFI6383UYPC.fastq.gz	s3://igvf-public/2024/11/15/9c06edbb-197a-419e-b84a-ad70f088929b/IGVFFI6383UYPC.fastq.gz
IGVFFI8810WGEX	raw	IGVFDS3795XIJK	C29	9	reads	fastq	6255179855	56c88b374b59ee4ecac2340cfcfc4e4d	https://api.data.igvf.org/sequence-files/IGVFFI8810WGEX/@@download/IGVFFI8810WGEX.fastq.gz	s3://igvf-public/2024/11/15/5e87b5c6-01eb-4313-b4c4-6ed2f7ea435a/IGVFFI8810WGEX.fastq.gz
IGVFFI9737JYJN	raw	IGVFDS3795XIJK	C29	9	reads	fastq	6070230003	2a0b37ccc6c82c0a65ee104519c9bca6	https://api.data.igvf.org/sequence-files/IGVFFI9737JYJN/@@download/IGVFFI9737JYJN.fastq.gz	s3://igvf-public/2024/11/15/f4487abb-a4da-4819-8d96-c13807c0c1cb/IGVFFI9737JYJN.fastq.gz
IGVFFI3878BXYH	raw	IGVFDS6281FISI	C37	0	reads	fastq	5675779321	de0e2fd959943a5e973c8039f86ac3f0	https://api.data.igvf.org/sequence-files/IGVFFI3878BXYH/@@download/IGVFFI3878BXYH.fastq.gz	s3://igvf-public/2024/11/15/2538353d-4518-4bec-bc25-c57be4498aed/IGVFFI3878BXYH.fastq.gz
IGVFFI4045DXXJ	raw	IGVFDS6281FISI	C37	0	reads	fastq	5916338130	5dfbbb44e4e74d376d2fb7036820b92c	https://api.data.igvf.org/sequence-files/IGVFFI4045DXXJ/@@download/IGVFFI4045DXXJ.fastq.gz	s3://igvf-public/2024/11/15/13ee96eb-78d3-4d7a-b9c7-4f48bc2a26bc/IGVFFI4045DXXJ.fastq.gz
IGVFFI8111UVWA	raw	IGVFDS6281FISI	C37	0	reads	fastq	5913623810	81f15519cc80f826c147923ee1badcc6	https://api.data.igvf.org/sequence-files/IGVFFI8111UVWA/@@download/IGVFFI8111UVWA.fastq.gz	s3://igvf-public/2024/11/15/0e912d51-6290-4eac-b78c-59488dda93eb/IGVFFI8111UVWA.fastq.gz
IGVFFI8178LKUL	raw	IGVFDS6281FISI	C37	0	reads	fastq	5952069662	20b0c4582a75aa60e7bbc585a95e9943	https://api.data.igvf.org/sequence-files/IGVFFI8178LKUL/@@download/IGVFFI8178LKUL.fastq.gz	s3://igvf-public/2024/11/15/08236dda-792c-4697-85db-ee58482894da/IGVFFI8178LKUL.fastq.gz
IGVFFI9059HREB	raw	IGVFDS6281FISI	C37	0	reads	fastq	5807946394	d3ea60678e5ebd3ea6a2b7a42fff4f06	https://api.data.igvf.org/sequence-files/IGVFFI9059HREB/@@download/IGVFFI9059HREB.fastq.gz	s3://igvf-public/2024/11/15/63125993-cad3-4ba9-a284-32a4138d9346/IGVFFI9059HREB.fastq.gz
IGVFFI9159NQSU	raw	IGVFDS6281FISI	C37	0	reads	fastq	5771812403	21d02466f26d2a7c12d376e355eb217f	https://api.data.igvf.org/sequence-files/IGVFFI9159NQSU/@@download/IGVFFI9159NQSU.fastq.gz	s3://igvf-public/2024/11/15/09cb321d-d5b5-49e3-901d-3a02f1f7e3c3/IGVFFI9159NQSU.fastq.gz
IGVFFI9219PAZY	raw	IGVFDS6281FISI	C37	0	reads	fastq	5868261771	f46141ceac0e5193701ec252416065dd	https://api.data.igvf.org/sequence-files/IGVFFI9219PAZY/@@download/IGVFFI9219PAZY.fastq.gz	s3://igvf-public/2024/11/15/4c3b8c1d-96ff-4a71-9e1d-ca0469bee0f2/IGVFFI9219PAZY.fastq.gz
IGVFFI9614TMLA	raw	IGVFDS6281FISI	C37	0	reads	fastq	5902072941	785a8eeef3189ac24c6a15eb453222a7	https://api.data.igvf.org/sequence-files/IGVFFI9614TMLA/@@download/IGVFFI9614TMLA.fastq.gz	s3://igvf-public/2024/11/15/2978c689-300c-415a-907b-e3be3ab5af28/IGVFFI9614TMLA.fastq.gz
IGVFFI1443AOYJ	raw	IGVFDS0527PPHQ	C37	12	reads	fastq	5776510911	df7fad2d558be56a6820e50317965e01	https://api.data.igvf.org/sequence-files/IGVFFI1443AOYJ/@@download/IGVFFI1443AOYJ.fastq.gz	s3://igvf-public/2024/11/18/ae2a2aa9-d4d8-4b49-98fe-d3ebdb22c31e/IGVFFI1443AOYJ.fastq.gz
IGVFFI2893HTQX	raw	IGVFDS0527PPHQ	C37	12	reads	fastq	5705516043	bcc6292246b3cbf86baaa547529b0f26	https://api.data.igvf.org/sequence-files/IGVFFI2893HTQX/@@download/IGVFFI2893HTQX.fastq.gz	s3://igvf-public/2024/11/18/9263dfab-e713-4b7b-81b3-ede1315ec26b/IGVFFI2893HTQX.fastq.gz
IGVFFI6504LMPX	raw	IGVFDS0527PPHQ	C37	12	reads	fastq	5695461366	a8edd709bd970da33e2da439f0af10b8	https://api.data.igvf.org/sequence-files/IGVFFI6504LMPX/@@download/IGVFFI6504LMPX.fastq.gz	s3://igvf-public/2024/11/18/457cddb2-ec6e-4e2b-ab52-d641ebbd94a7/IGVFFI6504LMPX.fastq.gz
IGVFFI6585ZSKN	raw	IGVFDS0527PPHQ	C37	12	reads	fastq	5776429926	debe5471a46d989c808a19db095c2f10	https://api.data.igvf.org/sequence-files/IGVFFI6585ZSKN/@@download/IGVFFI6585ZSKN.fastq.gz	s3://igvf-public/2024/11/18/1554ec55-c368-4bc7-afae-6d685d43b084/IGVFFI6585ZSKN.fastq.gz
IGVFFI6820ZAGS	raw	IGVFDS0527PPHQ	C37	12	reads	fastq	5697011483	38dab624cdb0f09810ddb5655cc0f048	https://api.data.igvf.org/sequence-files/IGVFFI6820ZAGS/@@download/IGVFFI6820ZAGS.fastq.gz	s3://igvf-public/2024/11/18/d95eb9bc-6076-4f63-861b-bc875f9c68e7/IGVFFI6820ZAGS.fastq.gz
IGVFFI6904XIEJ	raw	IGVFDS0527PPHQ	C37	12	reads	fastq	5755428817	7ec34a28f40ba6032c3ab5e689d5ca1d	https://api.data.igvf.org/sequence-files/IGVFFI6904XIEJ/@@download/IGVFFI6904XIEJ.fastq.gz	s3://igvf-public/2024/11/18/59321a0d-b4cd-4d93-a14b-1ac40370dee2/IGVFFI6904XIEJ.fastq.gz
IGVFFI7232VZCY	raw	IGVFDS0527PPHQ	C37	12	reads	fastq	5702966371	510480062c4c017d47dbb14fd40e4a02	https://api.data.igvf.org/sequence-files/IGVFFI7232VZCY/@@download/IGVFFI7232VZCY.fastq.gz	s3://igvf-public/2024/11/18/f151efcf-2062-4dfb-aac6-2e121dfc462c/IGVFFI7232VZCY.fastq.gz
IGVFFI8715HJDR	raw	IGVFDS0527PPHQ	C37	12	reads	fastq	5812475432	58d8242a1d19839374f29c6a9cc58245	https://api.data.igvf.org/sequence-files/IGVFFI8715HJDR/@@download/IGVFFI8715HJDR.fastq.gz	s3://igvf-public/2024/11/18/2e6c01e4-2a4d-407a-9012-e3271b3b0eec/IGVFFI8715HJDR.fastq.gz
IGVFFI0044TLXA	raw	IGVFDS9857AQIO	C37	1	reads	fastq	6004321243	40757b3bf044cec96df634817a6529a6	https://api.data.igvf.org/sequence-files/IGVFFI0044TLXA/@@download/IGVFFI0044TLXA.fastq.gz	s3://igvf-public/2024/11/16/0a118b29-6020-414b-b819-9627f2c68b77/IGVFFI0044TLXA.fastq.gz
IGVFFI0292ONQL	raw	IGVFDS9857AQIO	C37	1	reads	fastq	6084945171	b59178e8b84d7626c80714154b657c84	https://api.data.igvf.org/sequence-files/IGVFFI0292ONQL/@@download/IGVFFI0292ONQL.fastq.gz	s3://igvf-public/2024/11/16/f59b77bc-291b-4079-b29e-f3cb404b26cf/IGVFFI0292ONQL.fastq.gz
IGVFFI0439IOYR	raw	IGVFDS9857AQIO	C37	1	reads	fastq	6128471161	03e27f206acf70cfae34bfac1c65cea6	https://api.data.igvf.org/sequence-files/IGVFFI0439IOYR/@@download/IGVFFI0439IOYR.fastq.gz	s3://igvf-public/2024/11/16/5f76b396-e2e5-409e-8c97-5444ca8248ca/IGVFFI0439IOYR.fastq.gz
IGVFFI3409GXFF	raw	IGVFDS9857AQIO	C37	1	reads	fastq	6059664737	86fee4268111028df5ed6dd4880f6f08	https://api.data.igvf.org/sequence-files/IGVFFI3409GXFF/@@download/IGVFFI3409GXFF.fastq.gz	s3://igvf-public/2024/11/16/9e63e4fc-6799-48ed-b75e-32228067a721/IGVFFI3409GXFF.fastq.gz
IGVFFI3925TKWK	raw	IGVFDS9857AQIO	C37	1	reads	fastq	6127660587	b836887a7541a8f5747f7942aa1033e6	https://api.data.igvf.org/sequence-files/IGVFFI3925TKWK/@@download/IGVFFI3925TKWK.fastq.gz	s3://igvf-public/2024/11/16/3fc4832c-e0c5-421d-9f27-7df042b5b440/IGVFFI3925TKWK.fastq.gz
IGVFFI5509WGSU	raw	IGVFDS9857AQIO	C37	1	reads	fastq	5945460414	22d17665639ec3875971d596ec12c9ea	https://api.data.igvf.org/sequence-files/IGVFFI5509WGSU/@@download/IGVFFI5509WGSU.fastq.gz	s3://igvf-public/2024/11/15/e53a6446-be5b-4b27-ac2c-220b81064fd7/IGVFFI5509WGSU.fastq.gz
IGVFFI7038SYFX	raw	IGVFDS9857AQIO	C37	1	reads	fastq	6035376570	cf023905374069595fdcf75041d74e53	https://api.data.igvf.org/sequence-files/IGVFFI7038SYFX/@@download/IGVFFI7038SYFX.fastq.gz	s3://igvf-public/2024/11/15/9f62f0cc-23f6-4f5e-b0b5-a7021d93a22f/IGVFFI7038SYFX.fastq.gz
IGVFFI9687EFPX	raw	IGVFDS9857AQIO	C37	1	reads	fastq	6058172420	1ea5273fab3a48aa891f7dba7ff558dc	https://api.data.igvf.org/sequence-files/IGVFFI9687EFPX/@@download/IGVFFI9687EFPX.fastq.gz	s3://igvf-public/2024/11/15/c0285a4f-a710-4c65-a0a5-010cd2e85ad8/IGVFFI9687EFPX.fastq.gz
IGVFFI1112KALF	raw	IGVFDS3304YLTM	C37	3	reads	fastq	6756583796	886ad3f8fa83c57f06f8546574aeae59	https://api.data.igvf.org/sequence-files/IGVFFI1112KALF/@@download/IGVFFI1112KALF.fastq.gz	s3://igvf-public/2024/11/16/2112e5f2-e99d-4704-b4f0-64f81b3af4c3/IGVFFI1112KALF.fastq.gz
IGVFFI1133IILN	raw	IGVFDS3304YLTM	C37	3	reads	fastq	6979697566	262ccaa7fa88b7abcc93257d0dbe60a4	https://api.data.igvf.org/sequence-files/IGVFFI1133IILN/@@download/IGVFFI1133IILN.fastq.gz	s3://igvf-public/2024/11/16/4f79f483-8d23-482d-9f7c-d7d4fed50066/IGVFFI1133IILN.fastq.gz
IGVFFI1609CTOK	raw	IGVFDS3304YLTM	C37	3	reads	fastq	6856263605	faac186d17518038e3ec57bb6bfc6ac3	https://api.data.igvf.org/sequence-files/IGVFFI1609CTOK/@@download/IGVFFI1609CTOK.fastq.gz	s3://igvf-public/2024/11/16/5b024862-faa4-4631-8fd7-5875f0903e3f/IGVFFI1609CTOK.fastq.gz
IGVFFI1940NBZG	raw	IGVFDS3304YLTM	C37	3	reads	fastq	6721985678	3941125c049386f332de88ba4414f49c	https://api.data.igvf.org/sequence-files/IGVFFI1940NBZG/@@download/IGVFFI1940NBZG.fastq.gz	s3://igvf-public/2024/11/16/7d7b7b9a-3939-48af-9ca4-7201999452f5/IGVFFI1940NBZG.fastq.gz
IGVFFI2683KEBM	raw	IGVFDS3304YLTM	C37	3	reads	fastq	6954984751	8a25033e4e88ac02d083db27f89f35bb	https://api.data.igvf.org/sequence-files/IGVFFI2683KEBM/@@download/IGVFFI2683KEBM.fastq.gz	s3://igvf-public/2024/11/16/6461971d-feac-402b-9dd0-895d1dc718fd/IGVFFI2683KEBM.fastq.gz
IGVFFI4852XGGI	raw	IGVFDS3304YLTM	C37	3	reads	fastq	6892752732	0e08df9bd3fd95512ae55cb6ec8c2a67	https://api.data.igvf.org/sequence-files/IGVFFI4852XGGI/@@download/IGVFFI4852XGGI.fastq.gz	s3://igvf-public/2024/11/16/9f4b1dae-9243-42b1-8ee1-14061b435532/IGVFFI4852XGGI.fastq.gz
IGVFFI7885SQWQ	raw	IGVFDS3304YLTM	C37	3	reads	fastq	6864206996	ac111cd049618832f1af440885695f47	https://api.data.igvf.org/sequence-files/IGVFFI7885SQWQ/@@download/IGVFFI7885SQWQ.fastq.gz	s3://igvf-public/2024/11/16/21892882-22c7-4259-8129-7fd4568c2c2b/IGVFFI7885SQWQ.fastq.gz
IGVFFI8735COZY	raw	IGVFDS3304YLTM	C37	3	reads	fastq	6944243061	4f6952779ec903c7e4aabb07f436f81a	https://api.data.igvf.org/sequence-files/IGVFFI8735COZY/@@download/IGVFFI8735COZY.fastq.gz	s3://igvf-public/2024/11/16/7d4caae4-82d4-4bfa-92a3-87f405a30f42/IGVFFI8735COZY.fastq.gz
IGVFFI0333UNWS	raw	IGVFDS0268SPTG	C37	5	reads	fastq	5900107928	4094849ba208fda16481e9535118b5d2	https://api.data.igvf.org/sequence-files/IGVFFI0333UNWS/@@download/IGVFFI0333UNWS.fastq.gz	s3://igvf-public/2024/11/16/358b44e2-d77f-4bf3-9f77-6977926651e6/IGVFFI0333UNWS.fastq.gz
IGVFFI2009GRQU	raw	IGVFDS0268SPTG	C37	5	reads	fastq	5777657622	c974daf0a6e767eda0b7009791edd875	https://api.data.igvf.org/sequence-files/IGVFFI2009GRQU/@@download/IGVFFI2009GRQU.fastq.gz	s3://igvf-public/2024/11/16/25b12677-22be-4ac5-80a2-3c4f3796ad7a/IGVFFI2009GRQU.fastq.gz
IGVFFI2387YNWK	raw	IGVFDS0268SPTG	C37	5	reads	fastq	5801528909	aecbec74b713386b0f98e888614ce3bf	https://api.data.igvf.org/sequence-files/IGVFFI2387YNWK/@@download/IGVFFI2387YNWK.fastq.gz	s3://igvf-public/2024/11/16/99086893-8982-411b-bc53-8ba2b8104bf1/IGVFFI2387YNWK.fastq.gz
IGVFFI3356WRBL	raw	IGVFDS0268SPTG	C37	5	reads	fastq	5742226905	9a4ac172ad0fcba515620479ed5fbe81	https://api.data.igvf.org/sequence-files/IGVFFI3356WRBL/@@download/IGVFFI3356WRBL.fastq.gz	s3://igvf-public/2024/11/16/41d1a168-420a-4ad3-86db-9fda2e7da5fc/IGVFFI3356WRBL.fastq.gz
IGVFFI4797UKSE	raw	IGVFDS0268SPTG	C37	5	reads	fastq	5926426325	797b2f5dbe45c5f9cd7333261bf0fa09	https://api.data.igvf.org/sequence-files/IGVFFI4797UKSE/@@download/IGVFFI4797UKSE.fastq.gz	s3://igvf-public/2024/11/16/e99373d2-7989-4909-ba38-7c0c0fc722ef/IGVFFI4797UKSE.fastq.gz
IGVFFI6251IWEH	raw	IGVFDS0268SPTG	C37	5	reads	fastq	5845185767	2d84972abe9518a7cf86ad1b6b553bd1	https://api.data.igvf.org/sequence-files/IGVFFI6251IWEH/@@download/IGVFFI6251IWEH.fastq.gz	s3://igvf-public/2024/11/16/ef386e06-ac9a-457a-9cc1-9aa5e7dbcb93/IGVFFI6251IWEH.fastq.gz
IGVFFI6837GYOZ	raw	IGVFDS0268SPTG	C37	5	reads	fastq	5837813241	a3474ae6cd63a6e2084533abed166d01	https://api.data.igvf.org/sequence-files/IGVFFI6837GYOZ/@@download/IGVFFI6837GYOZ.fastq.gz	s3://igvf-public/2024/11/16/3e2cec4a-9700-45d8-8c9f-763bf6eb4fb1/IGVFFI6837GYOZ.fastq.gz
IGVFFI8544UAZI	raw	IGVFDS0268SPTG	C37	5	reads	fastq	5769844712	2c7b27076b1f26bbc9560a774cab4521	https://api.data.igvf.org/sequence-files/IGVFFI8544UAZI/@@download/IGVFFI8544UAZI.fastq.gz	s3://igvf-public/2024/11/16/6d6905d9-49d7-4670-8200-0bb1889a8d9e/IGVFFI8544UAZI.fastq.gz
IGVFFI4913ADEN	raw	IGVFDS5116RXOC	C37	7	reads	fastq	6484923068	9c9e6f504513f6f85bfe14ba20c295ca	https://api.data.igvf.org/sequence-files/IGVFFI4913ADEN/@@download/IGVFFI4913ADEN.fastq.gz	s3://igvf-public/2024/11/18/5fd28831-b694-40a8-8459-d3b0839d9e09/IGVFFI4913ADEN.fastq.gz
IGVFFI4957CBRP	raw	IGVFDS5116RXOC	C37	7	reads	fastq	6453589294	1d30d629ac0ec84e3903fd35191a7012	https://api.data.igvf.org/sequence-files/IGVFFI4957CBRP/@@download/IGVFFI4957CBRP.fastq.gz	s3://igvf-public/2024/11/18/38fa0860-54a3-4d36-9c19-ee4078aef693/IGVFFI4957CBRP.fastq.gz
IGVFFI5005IABT	raw	IGVFDS5116RXOC	C37	7	reads	fastq	6509070993	5af1f2bdddbbe3ef3f6dfcdb5a537fa6	https://api.data.igvf.org/sequence-files/IGVFFI5005IABT/@@download/IGVFFI5005IABT.fastq.gz	s3://igvf-public/2024/11/18/4fc543ee-dc76-4c34-b34c-f35e62e01ccd/IGVFFI5005IABT.fastq.gz
IGVFFI5062MAKQ	raw	IGVFDS5116RXOC	C37	7	reads	fastq	6288096487	a574105451a5fce60950f0db8f409e4d	https://api.data.igvf.org/sequence-files/IGVFFI5062MAKQ/@@download/IGVFFI5062MAKQ.fastq.gz	s3://igvf-public/2024/11/18/5ad4d047-b42b-49b6-903a-6b2eee76c8a8/IGVFFI5062MAKQ.fastq.gz
IGVFFI6318XSYY	raw	IGVFDS5116RXOC	C37	7	reads	fastq	6186063976	c81c2061bcd60b37ab9b7745dc4562bc	https://api.data.igvf.org/sequence-files/IGVFFI6318XSYY/@@download/IGVFFI6318XSYY.fastq.gz	s3://igvf-public/2024/11/18/5536ac54-cf75-43cd-9521-06c646d86989/IGVFFI6318XSYY.fastq.gz
IGVFFI6651IOMA	raw	IGVFDS5116RXOC	C37	7	reads	fastq	6288753015	ae5fc12726ad286a26b6e9e1eef10398	https://api.data.igvf.org/sequence-files/IGVFFI6651IOMA/@@download/IGVFFI6651IOMA.fastq.gz	s3://igvf-public/2024/11/18/0e856db7-1c4b-49c3-b5ab-3e10c448696c/IGVFFI6651IOMA.fastq.gz
IGVFFI6803JCJE	raw	IGVFDS5116RXOC	C37	7	reads	fastq	6436578606	3f1b89dab22c9c66cfb9625ae39c07c8	https://api.data.igvf.org/sequence-files/IGVFFI6803JCJE/@@download/IGVFFI6803JCJE.fastq.gz	s3://igvf-public/2024/11/18/8013f9da-70e5-4706-be8b-6c8eebe5ce21/IGVFFI6803JCJE.fastq.gz
IGVFFI8208HGVG	raw	IGVFDS5116RXOC	C37	7	reads	fastq	6253391955	cc765648e20e6021b6a48f23223d1708	https://api.data.igvf.org/sequence-files/IGVFFI8208HGVG/@@download/IGVFFI8208HGVG.fastq.gz	s3://igvf-public/2024/11/18/6d72488a-36b5-46b5-8f19-46d751f612f3/IGVFFI8208HGVG.fastq.gz
IGVFFI0496TLVL	raw	IGVFDS9193ENEI	C37	9	reads	fastq	6138599071	bd197cb24fe293b7d824f684b74debb8	https://api.data.igvf.org/sequence-files/IGVFFI0496TLVL/@@download/IGVFFI0496TLVL.fastq.gz	s3://igvf-public/2024/11/16/1be9732b-61d1-4999-88b2-c801ee4145ee/IGVFFI0496TLVL.fastq.gz
IGVFFI1540VLFT	raw	IGVFDS9193ENEI	C37	9	reads	fastq	6057231837	1d9a387889aaeb08906fb50605480dad	https://api.data.igvf.org/sequence-files/IGVFFI1540VLFT/@@download/IGVFFI1540VLFT.fastq.gz	s3://igvf-public/2024/11/16/b1808add-ceab-411b-b881-07e5961f9d84/IGVFFI1540VLFT.fastq.gz
IGVFFI1919BRFI	raw	IGVFDS9193ENEI	C37	9	reads	fastq	6121353943	c2153b4ce8c3fb84b164376041154d49	https://api.data.igvf.org/sequence-files/IGVFFI1919BRFI/@@download/IGVFFI1919BRFI.fastq.gz	s3://igvf-public/2024/11/16/49671283-349b-460f-b5f7-6cd19b2c239d/IGVFFI1919BRFI.fastq.gz
IGVFFI2948AHGN	raw	IGVFDS9193ENEI	C37	9	reads	fastq	6014298391	49651c1fd0059ae22cfbe8bf20d1843a	https://api.data.igvf.org/sequence-files/IGVFFI2948AHGN/@@download/IGVFFI2948AHGN.fastq.gz	s3://igvf-public/2024/11/16/aa5b0a6a-f40f-47a4-b2fe-04bc89248119/IGVFFI2948AHGN.fastq.gz
IGVFFI3374MNFG	raw	IGVFDS9193ENEI	C37	9	reads	fastq	6225525868	772484615cdba1a80dded51a01ab12e6	https://api.data.igvf.org/sequence-files/IGVFFI3374MNFG/@@download/IGVFFI3374MNFG.fastq.gz	s3://igvf-public/2024/11/16/6f53fa33-2bc1-4612-a9b8-dcfa5b2169e9/IGVFFI3374MNFG.fastq.gz
IGVFFI4710DUYB	raw	IGVFDS9193ENEI	C37	9	reads	fastq	6187867171	674d1abb7589d3e3c5a1d5830a922e24	https://api.data.igvf.org/sequence-files/IGVFFI4710DUYB/@@download/IGVFFI4710DUYB.fastq.gz	s3://igvf-public/2024/11/16/7a0edc7b-dd9b-4402-b183-2e86a48044f7/IGVFFI4710DUYB.fastq.gz
IGVFFI7936KYLG	raw	IGVFDS9193ENEI	C37	9	reads	fastq	5987106689	58612333f6c5fa86f7d519223a8211ab	https://api.data.igvf.org/sequence-files/IGVFFI7936KYLG/@@download/IGVFFI7936KYLG.fastq.gz	s3://igvf-public/2024/11/16/adaa153c-e441-4416-8486-7edef0c63e06/IGVFFI7936KYLG.fastq.gz
IGVFFI9454MKUE	raw	IGVFDS9193ENEI	C37	9	reads	fastq	6075844393	d673b260bb55c1fba71082e8c4e2cd4d	https://api.data.igvf.org/sequence-files/IGVFFI9454MKUE/@@download/IGVFFI9454MKUE.fastq.gz	s3://igvf-public/2024/11/16/b6cfa2d0-7c58-4b63-8b61-e5c8f4267be4/IGVFFI9454MKUE.fastq.gz
IGVFFI0094WQZV	raw	IGVFDS0606THGC	C38	0	reads	fastq	5970712513	74aa998bd9b4b8f4cdab397d3a89ed5e	https://api.data.igvf.org/sequence-files/IGVFFI0094WQZV/@@download/IGVFFI0094WQZV.fastq.gz	s3://igvf-public/2024/11/16/3141ddcb-34e4-4038-afd7-c48bb1ba039d/IGVFFI0094WQZV.fastq.gz
IGVFFI1123VBAK	raw	IGVFDS0606THGC	C38	0	reads	fastq	5772904278	a4f5c1473538b8ccd338ca9fd520d0f8	https://api.data.igvf.org/sequence-files/IGVFFI1123VBAK/@@download/IGVFFI1123VBAK.fastq.gz	s3://igvf-public/2024/11/16/53730aa1-4b2e-4aa0-b703-4e959f88bbcb/IGVFFI1123VBAK.fastq.gz
IGVFFI3901RCSM	raw	IGVFDS0606THGC	C38	0	reads	fastq	5876790640	bbb94a9552554f9f1f2347fb94b148b3	https://api.data.igvf.org/sequence-files/IGVFFI3901RCSM/@@download/IGVFFI3901RCSM.fastq.gz	s3://igvf-public/2024/11/16/db1aa0f5-c02e-4a33-930e-5a65181607a4/IGVFFI3901RCSM.fastq.gz
IGVFFI4616UCMC	raw	IGVFDS0606THGC	C38	0	reads	fastq	5905838257	1d3e81d9ab9cfb41daccb88d239aa562	https://api.data.igvf.org/sequence-files/IGVFFI4616UCMC/@@download/IGVFFI4616UCMC.fastq.gz	s3://igvf-public/2024/11/16/92babe85-a1d6-4731-a86d-8dbced6454ad/IGVFFI4616UCMC.fastq.gz
IGVFFI5061EEFK	raw	IGVFDS0606THGC	C38	0	reads	fastq	5779655089	b64908f8591838dde3a7394c31734cdc	https://api.data.igvf.org/sequence-files/IGVFFI5061EEFK/@@download/IGVFFI5061EEFK.fastq.gz	s3://igvf-public/2024/11/16/5c2967ba-e65a-4f4f-8613-9e2764e985d4/IGVFFI5061EEFK.fastq.gz
IGVFFI6125PAVO	raw	IGVFDS0606THGC	C38	0	reads	fastq	5955568500	ff1e18ef0252a00209cbd376e7169ffb	https://api.data.igvf.org/sequence-files/IGVFFI6125PAVO/@@download/IGVFFI6125PAVO.fastq.gz	s3://igvf-public/2024/11/16/43bf2ac3-ac8e-427a-96e0-0740dfb9a95c/IGVFFI6125PAVO.fastq.gz
IGVFFI7841JGDT	raw	IGVFDS0606THGC	C38	0	reads	fastq	5835412690	0bd76af08984dd52c47cf163f06774e7	https://api.data.igvf.org/sequence-files/IGVFFI7841JGDT/@@download/IGVFFI7841JGDT.fastq.gz	s3://igvf-public/2024/11/16/c97b36e2-f211-49bd-a23c-9375a9b1bba6/IGVFFI7841JGDT.fastq.gz
IGVFFI8870FVRE	raw	IGVFDS0606THGC	C38	0	reads	fastq	5866244540	7a03e71d07cee7a7334ff833393eff03	https://api.data.igvf.org/sequence-files/IGVFFI8870FVRE/@@download/IGVFFI8870FVRE.fastq.gz	s3://igvf-public/2024/11/16/48c7ce65-7ccc-4b0c-a80c-235c44459b46/IGVFFI8870FVRE.fastq.gz
IGVFFI0018FDEY	raw	IGVFDS5179UOKT	C38	12	reads	fastq	5981042299	08822b141649022688d0a3a39b9b196a	https://api.data.igvf.org/sequence-files/IGVFFI0018FDEY/@@download/IGVFFI0018FDEY.fastq.gz	s3://igvf-public/2024/11/16/d35d61d6-782d-40bc-8e90-e80dbde644a0/IGVFFI0018FDEY.fastq.gz
IGVFFI4447HRHQ	raw	IGVFDS5179UOKT	C38	12	reads	fastq	6129299747	696b0d6a3a9b55d35336deddf6f4c928	https://api.data.igvf.org/sequence-files/IGVFFI4447HRHQ/@@download/IGVFFI4447HRHQ.fastq.gz	s3://igvf-public/2024/11/16/2fd57c8e-ad82-4254-a1af-4707611c1871/IGVFFI4447HRHQ.fastq.gz
IGVFFI4894UFXO	raw	IGVFDS5179UOKT	C38	12	reads	fastq	6116323720	57dc70e0387cb8e77e6f13f305fc2d8f	https://api.data.igvf.org/sequence-files/IGVFFI4894UFXO/@@download/IGVFFI4894UFXO.fastq.gz	s3://igvf-public/2024/11/16/780399fc-8ffb-403f-bed7-59d346b38e9f/IGVFFI4894UFXO.fastq.gz
IGVFFI7888TFEI	raw	IGVFDS5179UOKT	C38	12	reads	fastq	6172597000	f5e469fbd658affb98084ec5e5f08596	https://api.data.igvf.org/sequence-files/IGVFFI7888TFEI/@@download/IGVFFI7888TFEI.fastq.gz	s3://igvf-public/2024/11/16/fbf68b53-fd0f-4b2e-8776-a50d08a2eb63/IGVFFI7888TFEI.fastq.gz
IGVFFI8131GVVA	raw	IGVFDS5179UOKT	C38	12	reads	fastq	6351614759	172eb4d65239683fe39947586d7e654b	https://api.data.igvf.org/sequence-files/IGVFFI8131GVVA/@@download/IGVFFI8131GVVA.fastq.gz	s3://igvf-public/2024/11/16/f270036d-ffc5-40f1-8f41-1042070f933e/IGVFFI8131GVVA.fastq.gz
IGVFFI8222TONB	raw	IGVFDS5179UOKT	C38	12	reads	fastq	6374970091	4479d715357186b638f4dcee4aed9801	https://api.data.igvf.org/sequence-files/IGVFFI8222TONB/@@download/IGVFFI8222TONB.fastq.gz	s3://igvf-public/2024/11/16/e8ce0f6a-a73e-49d8-b244-91e2d59aca53/IGVFFI8222TONB.fastq.gz
IGVFFI8863CCBT	raw	IGVFDS5179UOKT	C38	12	reads	fastq	6248313126	9ee94d3254c7df06135cf235755f7f0e	https://api.data.igvf.org/sequence-files/IGVFFI8863CCBT/@@download/IGVFFI8863CCBT.fastq.gz	s3://igvf-public/2024/11/16/f0d29323-eb57-4b53-9e3e-e6d57f5323b2/IGVFFI8863CCBT.fastq.gz
IGVFFI9423SLUQ	raw	IGVFDS5179UOKT	C38	12	reads	fastq	6074148759	43a05672f403f087cb56687cfa8aa9ab	https://api.data.igvf.org/sequence-files/IGVFFI9423SLUQ/@@download/IGVFFI9423SLUQ.fastq.gz	s3://igvf-public/2024/11/16/7ba71ee8-ddb2-4e55-b860-6a31438c5e93/IGVFFI9423SLUQ.fastq.gz
IGVFFI2590UYOO	raw	IGVFDS8365ZNKH	C38	1	reads	fastq	6044904231	c9e4ee39ef79ffeeb2fcad5709abd4c3	https://api.data.igvf.org/sequence-files/IGVFFI2590UYOO/@@download/IGVFFI2590UYOO.fastq.gz	s3://igvf-public/2024/11/16/aa060e33-c667-4c8e-a05e-6526e3578308/IGVFFI2590UYOO.fastq.gz
IGVFFI4062TDDG	raw	IGVFDS8365ZNKH	C38	1	reads	fastq	6101338034	13b4300527e8a364d9127ec7de1e5d46	https://api.data.igvf.org/sequence-files/IGVFFI4062TDDG/@@download/IGVFFI4062TDDG.fastq.gz	s3://igvf-public/2024/11/16/5935815d-c4de-4e4e-bdb9-b79104eab60f/IGVFFI4062TDDG.fastq.gz
IGVFFI5724KCWU	raw	IGVFDS8365ZNKH	C38	1	reads	fastq	5878196967	a54c53d4470c12b5f26e80e7358189d8	https://api.data.igvf.org/sequence-files/IGVFFI5724KCWU/@@download/IGVFFI5724KCWU.fastq.gz	s3://igvf-public/2024/11/16/ebbffae6-7118-4b1a-8068-934d26940d85/IGVFFI5724KCWU.fastq.gz
IGVFFI5813ACCE	raw	IGVFDS8365ZNKH	C38	1	reads	fastq	5996127459	f99d5dbf580aeebb4cb1cc91c4150feb	https://api.data.igvf.org/sequence-files/IGVFFI5813ACCE/@@download/IGVFFI5813ACCE.fastq.gz	s3://igvf-public/2024/11/16/f0939ad3-d04f-414e-9745-6ae56f5d8e57/IGVFFI5813ACCE.fastq.gz
IGVFFI6696NPUW	raw	IGVFDS8365ZNKH	C38	1	reads	fastq	5907003673	cb26c561159645dadfdddd06af211cb4	https://api.data.igvf.org/sequence-files/IGVFFI6696NPUW/@@download/IGVFFI6696NPUW.fastq.gz	s3://igvf-public/2024/11/16/0816df33-6777-4dab-b09f-e6180af76c48/IGVFFI6696NPUW.fastq.gz
IGVFFI7139RQSX	raw	IGVFDS8365ZNKH	C38	1	reads	fastq	5843401389	0bd9dcf04b388e5598679fe61f6cdc33	https://api.data.igvf.org/sequence-files/IGVFFI7139RQSX/@@download/IGVFFI7139RQSX.fastq.gz	s3://igvf-public/2024/11/16/acc5e58f-e901-4bd2-87c1-c793ec887429/IGVFFI7139RQSX.fastq.gz
IGVFFI7686AZOJ	raw	IGVFDS8365ZNKH	C38	1	reads	fastq	5644122563	ce74d5503632ca2d1d0cbb1c05b203be	https://api.data.igvf.org/sequence-files/IGVFFI7686AZOJ/@@download/IGVFFI7686AZOJ.fastq.gz	s3://igvf-public/2024/11/16/1dae2f4e-ac9a-401c-976f-23400fc1eb2d/IGVFFI7686AZOJ.fastq.gz
IGVFFI8421IRUD	raw	IGVFDS8365ZNKH	C38	1	reads	fastq	5762128582	e27c47376666520a7d26fa4b201d16b6	https://api.data.igvf.org/sequence-files/IGVFFI8421IRUD/@@download/IGVFFI8421IRUD.fastq.gz	s3://igvf-public/2024/11/16/e6d051f9-e422-4861-9ab1-b96ddfd5798f/IGVFFI8421IRUD.fastq.gz
IGVFFI0599SVBQ	raw	IGVFDS0017MVPN	C38	3	reads	fastq	5253519027	721bd0bc49cc7f2dd3ecda25298e70a1	https://api.data.igvf.org/sequence-files/IGVFFI0599SVBQ/@@download/IGVFFI0599SVBQ.fastq.gz	s3://igvf-public/2024/11/16/17ffb8af-c3ec-41d6-983b-8ea7cf417f60/IGVFFI0599SVBQ.fastq.gz
IGVFFI1148TRKT	raw	IGVFDS0017MVPN	C38	3	reads	fastq	5294482022	fb6ec413ef148c7599c21365cac2ff40	https://api.data.igvf.org/sequence-files/IGVFFI1148TRKT/@@download/IGVFFI1148TRKT.fastq.gz	s3://igvf-public/2024/11/16/7858b885-7428-41fe-a591-dc5c6ea5caa9/IGVFFI1148TRKT.fastq.gz
IGVFFI3380DJRD	raw	IGVFDS0017MVPN	C38	3	reads	fastq	5189739186	8dff4ada3fd920cb1c9e124287f2600f	https://api.data.igvf.org/sequence-files/IGVFFI3380DJRD/@@download/IGVFFI3380DJRD.fastq.gz	s3://igvf-public/2024/11/16/19c2c166-7908-4623-af03-6351772d839e/IGVFFI3380DJRD.fastq.gz
IGVFFI7865LMEM	raw	IGVFDS0017MVPN	C38	3	reads	fastq	5356817205	a6cdf260ea277dfd33ecf49bb0391fde	https://api.data.igvf.org/sequence-files/IGVFFI7865LMEM/@@download/IGVFFI7865LMEM.fastq.gz	s3://igvf-public/2024/11/16/e6bfee37-c0e3-47a4-b0e0-49b537bc5831/IGVFFI7865LMEM.fastq.gz
IGVFFI7934RMFL	raw	IGVFDS0017MVPN	C38	3	reads	fastq	5200069664	24dd5237a50be865398ed3caef1978a8	https://api.data.igvf.org/sequence-files/IGVFFI7934RMFL/@@download/IGVFFI7934RMFL.fastq.gz	s3://igvf-public/2024/11/16/1e67fe2e-8b9b-4f77-9585-c7e36191923c/IGVFFI7934RMFL.fastq.gz
IGVFFI7944OUXT	raw	IGVFDS0017MVPN	C38	3	reads	fastq	5239899543	d8053acebe7d9211f2e7a52561e8497b	https://api.data.igvf.org/sequence-files/IGVFFI7944OUXT/@@download/IGVFFI7944OUXT.fastq.gz	s3://igvf-public/2024/11/16/331a5789-0555-40a2-9976-29add7a88d1e/IGVFFI7944OUXT.fastq.gz
IGVFFI9022UUZJ	raw	IGVFDS0017MVPN	C38	3	reads	fastq	5282063297	e4cc03c7d3b09fc999c24185168d4265	https://api.data.igvf.org/sequence-files/IGVFFI9022UUZJ/@@download/IGVFFI9022UUZJ.fastq.gz	s3://igvf-public/2024/11/16/fb4ad22c-86af-4c43-af67-fce84466425f/IGVFFI9022UUZJ.fastq.gz
IGVFFI9693WKPS	raw	IGVFDS0017MVPN	C38	3	reads	fastq	5337900459	36836644b953b0715c6251382ff8bcbd	https://api.data.igvf.org/sequence-files/IGVFFI9693WKPS/@@download/IGVFFI9693WKPS.fastq.gz	s3://igvf-public/2024/11/16/95f775c4-bff7-4d5e-b96b-f0b23581b6cd/IGVFFI9693WKPS.fastq.gz
IGVFFI0754NCXT	raw	IGVFDS9238PCPJ	C38	5	reads	fastq	5383346660	b15d3679b19d1493399768c09ca96e46	https://api.data.igvf.org/sequence-files/IGVFFI0754NCXT/@@download/IGVFFI0754NCXT.fastq.gz	s3://igvf-public/2024/11/16/8e3cc2a2-b425-42bb-a530-6372c645090d/IGVFFI0754NCXT.fastq.gz
IGVFFI1096BKKU	raw	IGVFDS9238PCPJ	C38	5	reads	fastq	5233571931	bc53fe0fcde05cbcecf39279550753b7	https://api.data.igvf.org/sequence-files/IGVFFI1096BKKU/@@download/IGVFFI1096BKKU.fastq.gz	s3://igvf-public/2024/11/16/45051e05-138f-4fee-ac31-ed951ccf9736/IGVFFI1096BKKU.fastq.gz
IGVFFI2283PZAK	raw	IGVFDS9238PCPJ	C38	5	reads	fastq	5214923437	3bbd7e9c89302a678454b7bce1d84220	https://api.data.igvf.org/sequence-files/IGVFFI2283PZAK/@@download/IGVFFI2283PZAK.fastq.gz	s3://igvf-public/2024/11/16/292b0c5a-c1d0-4f57-ac55-52d11ab2ff72/IGVFFI2283PZAK.fastq.gz
IGVFFI5043EYRM	raw	IGVFDS9238PCPJ	C38	5	reads	fastq	5318108317	3924bbe05950ceb2aa293685260c2f31	https://api.data.igvf.org/sequence-files/IGVFFI5043EYRM/@@download/IGVFFI5043EYRM.fastq.gz	s3://igvf-public/2024/11/16/5d3f3f37-3080-47e3-9a6d-04b22257d109/IGVFFI5043EYRM.fastq.gz
IGVFFI6160UXFK	raw	IGVFDS9238PCPJ	C38	5	reads	fastq	5338016119	577ffa0988a41b2eab411427cc5487aa	https://api.data.igvf.org/sequence-files/IGVFFI6160UXFK/@@download/IGVFFI6160UXFK.fastq.gz	s3://igvf-public/2024/11/16/5844de76-0766-45de-89aa-b75d50c68350/IGVFFI6160UXFK.fastq.gz
IGVFFI7929HVUQ	raw	IGVFDS9238PCPJ	C38	5	reads	fastq	5295214616	2a3ea219d13b9f4a3720eb4b179a768c	https://api.data.igvf.org/sequence-files/IGVFFI7929HVUQ/@@download/IGVFFI7929HVUQ.fastq.gz	s3://igvf-public/2024/11/16/e7a3af75-c8e9-47b8-b577-f792e3826c17/IGVFFI7929HVUQ.fastq.gz
IGVFFI9682HXQV	raw	IGVFDS9238PCPJ	C38	5	reads	fastq	5407287461	5d5e98f3aefaecd8ab6b809de0e0d814	https://api.data.igvf.org/sequence-files/IGVFFI9682HXQV/@@download/IGVFFI9682HXQV.fastq.gz	s3://igvf-public/2024/11/16/bc622745-738c-40c1-8b6f-21014098b293/IGVFFI9682HXQV.fastq.gz
IGVFFI9860QJDJ	raw	IGVFDS9238PCPJ	C38	5	reads	fastq	5269603012	4f71de17d3ce0d611534202b55f63668	https://api.data.igvf.org/sequence-files/IGVFFI9860QJDJ/@@download/IGVFFI9860QJDJ.fastq.gz	s3://igvf-public/2024/11/16/772f8e3a-b4fd-493d-a0eb-c7a01088ec82/IGVFFI9860QJDJ.fastq.gz
IGVFFI0704MNGS	raw	IGVFDS4090VRQX	C38	7	reads	fastq	5734771964	fecf3c8978a227bf623d68f2897230d6	https://api.data.igvf.org/sequence-files/IGVFFI0704MNGS/@@download/IGVFFI0704MNGS.fastq.gz	s3://igvf-public/2024/11/16/bbe1800b-28aa-4211-a599-3b4b125dacac/IGVFFI0704MNGS.fastq.gz
IGVFFI1225VTTI	raw	IGVFDS4090VRQX	C38	7	reads	fastq	5702866315	e42e95ef0feeed4f3a8d851c1a7b8378	https://api.data.igvf.org/sequence-files/IGVFFI1225VTTI/@@download/IGVFFI1225VTTI.fastq.gz	s3://igvf-public/2024/11/16/3b5c16f4-753e-4171-a501-bcaed1ef5b05/IGVFFI1225VTTI.fastq.gz
IGVFFI1745KHBV	raw	IGVFDS4090VRQX	C38	7	reads	fastq	5754919378	c17c62e565106375957bbc3ab33a4775	https://api.data.igvf.org/sequence-files/IGVFFI1745KHBV/@@download/IGVFFI1745KHBV.fastq.gz	s3://igvf-public/2024/11/16/3f59d752-b761-4917-a719-e6ed65ca6209/IGVFFI1745KHBV.fastq.gz
IGVFFI2139OMSV	raw	IGVFDS4090VRQX	C38	7	reads	fastq	5700942157	eb94c38d491c826f7bd4a4e76d4b71b3	https://api.data.igvf.org/sequence-files/IGVFFI2139OMSV/@@download/IGVFFI2139OMSV.fastq.gz	s3://igvf-public/2024/11/16/fe3197f6-e329-4b73-af49-587bee468c51/IGVFFI2139OMSV.fastq.gz
IGVFFI5330ZYNN	raw	IGVFDS4090VRQX	C38	7	reads	fastq	5621282574	941bb1ee35fca566ab880646c129a16c	https://api.data.igvf.org/sequence-files/IGVFFI5330ZYNN/@@download/IGVFFI5330ZYNN.fastq.gz	s3://igvf-public/2024/11/16/29cf6070-a917-4a19-a389-32a255843356/IGVFFI5330ZYNN.fastq.gz
IGVFFI5393OJCO	raw	IGVFDS4090VRQX	C38	7	reads	fastq	5650440447	cfa40374e7fedd9b088b9f0e4037cca8	https://api.data.igvf.org/sequence-files/IGVFFI5393OJCO/@@download/IGVFFI5393OJCO.fastq.gz	s3://igvf-public/2024/11/16/69ab9167-d099-4716-a58f-c1941c600561/IGVFFI5393OJCO.fastq.gz
IGVFFI7317ATHC	raw	IGVFDS4090VRQX	C38	7	reads	fastq	5693159254	21401233f0648ce399f12953e28f7d08	https://api.data.igvf.org/sequence-files/IGVFFI7317ATHC/@@download/IGVFFI7317ATHC.fastq.gz	s3://igvf-public/2024/11/16/e4817e45-ebe0-45da-a61d-15b4da64f874/IGVFFI7317ATHC.fastq.gz
IGVFFI7965ITKZ	raw	IGVFDS4090VRQX	C38	7	reads	fastq	5546903649	2f8995bcf5d7b5f774ccf7176c721cb8	https://api.data.igvf.org/sequence-files/IGVFFI7965ITKZ/@@download/IGVFFI7965ITKZ.fastq.gz	s3://igvf-public/2024/11/16/8d4a9e0b-267f-46ca-b12f-a6a3ebede10a/IGVFFI7965ITKZ.fastq.gz
IGVFFI0843DQYQ	raw	IGVFDS1293SYJM	C38	9	reads	fastq	4600801223	9cb2a1bbd21841dde4b7d66dda14752a	https://api.data.igvf.org/sequence-files/IGVFFI0843DQYQ/@@download/IGVFFI0843DQYQ.fastq.gz	s3://igvf-public/2024/11/16/e3e6d76c-4116-41b7-b32e-e592881b34e7/IGVFFI0843DQYQ.fastq.gz
IGVFFI1537POAJ	raw	IGVFDS1293SYJM	C38	9	reads	fastq	4686631425	36fd6582f2fbb448ef66e70e7344badb	https://api.data.igvf.org/sequence-files/IGVFFI1537POAJ/@@download/IGVFFI1537POAJ.fastq.gz	s3://igvf-public/2024/11/16/a603b9eb-7b0a-438c-8a93-530ff1634581/IGVFFI1537POAJ.fastq.gz
IGVFFI2088RHAM	raw	IGVFDS1293SYJM	C38	9	reads	fastq	4668996891	1614e4a5443e0b744ec70fb4301ba74f	https://api.data.igvf.org/sequence-files/IGVFFI2088RHAM/@@download/IGVFFI2088RHAM.fastq.gz	s3://igvf-public/2024/11/16/5cf73b10-6fee-4e22-8874-3d1512514361/IGVFFI2088RHAM.fastq.gz
IGVFFI3336NMLT	raw	IGVFDS1293SYJM	C38	9	reads	fastq	4627790184	e81655afd3d0f1e0d402349f56e05a03	https://api.data.igvf.org/sequence-files/IGVFFI3336NMLT/@@download/IGVFFI3336NMLT.fastq.gz	s3://igvf-public/2024/11/16/c3276e81-849f-4813-bbfe-e870fae5d937/IGVFFI3336NMLT.fastq.gz
IGVFFI4126SPKO	raw	IGVFDS1293SYJM	C38	9	reads	fastq	4724783010	02023f2eedb33d9525b083632f8efb4b	https://api.data.igvf.org/sequence-files/IGVFFI4126SPKO/@@download/IGVFFI4126SPKO.fastq.gz	s3://igvf-public/2024/11/16/4a01ceae-dc4d-4514-91c1-15e117cf3b21/IGVFFI4126SPKO.fastq.gz
IGVFFI4493RIWD	raw	IGVFDS1293SYJM	C38	9	reads	fastq	4625863373	2a619ee820a7c35b7ebb9c426f4c832e	https://api.data.igvf.org/sequence-files/IGVFFI4493RIWD/@@download/IGVFFI4493RIWD.fastq.gz	s3://igvf-public/2024/11/16/10f9c1d6-f5c8-4610-9e99-18b5dce106e7/IGVFFI4493RIWD.fastq.gz
IGVFFI5899WHPR	raw	IGVFDS1293SYJM	C38	9	reads	fastq	4749594622	e6ede77f6f975bd0df885a01f4b9a030	https://api.data.igvf.org/sequence-files/IGVFFI5899WHPR/@@download/IGVFFI5899WHPR.fastq.gz	s3://igvf-public/2024/11/16/cf754276-b958-4767-8e38-842bf3070c89/IGVFFI5899WHPR.fastq.gz
IGVFFI8831BBPJ	raw	IGVFDS1293SYJM	C38	9	reads	fastq	4633555557	c9ce92172ba4e43e521fb6c994e2822b	https://api.data.igvf.org/sequence-files/IGVFFI8831BBPJ/@@download/IGVFFI8831BBPJ.fastq.gz	s3://igvf-public/2024/11/16/ad16d75e-c51a-4718-b222-9b2de13711ac/IGVFFI8831BBPJ.fastq.gz
IGVFFI0079LYEU	raw	IGVFDS2552IDIF	C39	0	reads	fastq	4498316261	b7a12edd38f7736c83aa81f6e3244f16	https://api.data.igvf.org/sequence-files/IGVFFI0079LYEU/@@download/IGVFFI0079LYEU.fastq.gz	s3://igvf-public/2024/11/16/b4cd1a64-d6d5-4251-8981-90f827e50c8d/IGVFFI0079LYEU.fastq.gz
IGVFFI0962XFRW	raw	IGVFDS2552IDIF	C39	0	reads	fastq	4611161686	301abe99850c1799a42688082b6d0b40	https://api.data.igvf.org/sequence-files/IGVFFI0962XFRW/@@download/IGVFFI0962XFRW.fastq.gz	s3://igvf-public/2024/11/17/1baae7c0-2825-4fb2-be4c-b8db24fe7af6/IGVFFI0962XFRW.fastq.gz
IGVFFI1687BNXU	raw	IGVFDS2552IDIF	C39	0	reads	fastq	4648926527	4cc397bd3b3c91feae63de1b769b77c6	https://api.data.igvf.org/sequence-files/IGVFFI1687BNXU/@@download/IGVFFI1687BNXU.fastq.gz	s3://igvf-public/2024/11/16/9e11bf96-6e5b-48c0-89bd-cf84873fded1/IGVFFI1687BNXU.fastq.gz
IGVFFI4333OREW	raw	IGVFDS2552IDIF	C39	0	reads	fastq	4724897608	e217e1c69d495d7609e0f3c6dbecc602	https://api.data.igvf.org/sequence-files/IGVFFI4333OREW/@@download/IGVFFI4333OREW.fastq.gz	s3://igvf-public/2024/11/16/b868449e-b9e7-46eb-83a8-eb6326d7776d/IGVFFI4333OREW.fastq.gz
IGVFFI4727BUFP	raw	IGVFDS2552IDIF	C39	0	reads	fastq	4633637658	6f9387403272d89e6ad298102616fa48	https://api.data.igvf.org/sequence-files/IGVFFI4727BUFP/@@download/IGVFFI4727BUFP.fastq.gz	s3://igvf-public/2024/11/16/58c201a9-9df9-41f8-b091-637240092258/IGVFFI4727BUFP.fastq.gz
IGVFFI5679QDIP	raw	IGVFDS2552IDIF	C39	0	reads	fastq	4525964570	d12673ae52e217f4d3d2ea0f7b79f360	https://api.data.igvf.org/sequence-files/IGVFFI5679QDIP/@@download/IGVFFI5679QDIP.fastq.gz	s3://igvf-public/2024/11/16/237c24ab-83b7-4951-819b-0957fa3b90ba/IGVFFI5679QDIP.fastq.gz
IGVFFI6200ISZZ	raw	IGVFDS2552IDIF	C39	0	reads	fastq	4577238524	e333b4f872e1153ee83008d3d2011ed4	https://api.data.igvf.org/sequence-files/IGVFFI6200ISZZ/@@download/IGVFFI6200ISZZ.fastq.gz	s3://igvf-public/2024/11/16/62867871-6b01-467c-a0cc-df4303bcf3bc/IGVFFI6200ISZZ.fastq.gz
IGVFFI8459GMRA	raw	IGVFDS2552IDIF	C39	0	reads	fastq	4705947096	1da1e51944845604b8a70fa715376822	https://api.data.igvf.org/sequence-files/IGVFFI8459GMRA/@@download/IGVFFI8459GMRA.fastq.gz	s3://igvf-public/2024/11/17/f6c2291a-c299-4c8f-9f75-5be69f6284e5/IGVFFI8459GMRA.fastq.gz
IGVFFI1402IIOH	raw	IGVFDS2186PCOF	C39	12	reads	fastq	7813652300	a9814d645c9263d6f195bb55d8832435	https://api.data.igvf.org/sequence-files/IGVFFI1402IIOH/@@download/IGVFFI1402IIOH.fastq.gz	s3://igvf-public/2024/11/17/de0c0b67-6c43-4beb-b84e-747a1f1c6364/IGVFFI1402IIOH.fastq.gz
IGVFFI3429LZHM	raw	IGVFDS2186PCOF	C39	12	reads	fastq	7840328223	2f33e7e2f4e5b4fa3979f2c14d0eeb1b	https://api.data.igvf.org/sequence-files/IGVFFI3429LZHM/@@download/IGVFFI3429LZHM.fastq.gz	s3://igvf-public/2024/11/17/06f94053-a92b-4f37-8f9f-977ab17ca2a4/IGVFFI3429LZHM.fastq.gz
IGVFFI3791WOAH	raw	IGVFDS2186PCOF	C39	12	reads	fastq	7626325979	1cd9012d5a2a4604238430a40adc8965	https://api.data.igvf.org/sequence-files/IGVFFI3791WOAH/@@download/IGVFFI3791WOAH.fastq.gz	s3://igvf-public/2024/11/17/ab414ac0-3d87-429d-8100-4ec2a9757602/IGVFFI3791WOAH.fastq.gz
IGVFFI4212BRFQ	raw	IGVFDS2186PCOF	C39	12	reads	fastq	7744352338	27ed67da05f9d4674d2517ede99ce08d	https://api.data.igvf.org/sequence-files/IGVFFI4212BRFQ/@@download/IGVFFI4212BRFQ.fastq.gz	s3://igvf-public/2024/11/17/55a03603-aeab-49bf-ab0d-a600a1bc73b1/IGVFFI4212BRFQ.fastq.gz
IGVFFI6398HWNU	raw	IGVFDS2186PCOF	C39	12	reads	fastq	7864047138	9f7ef80d69fb20086e97afb515c385cc	https://api.data.igvf.org/sequence-files/IGVFFI6398HWNU/@@download/IGVFFI6398HWNU.fastq.gz	s3://igvf-public/2024/11/17/619673cd-75aa-4ddf-88e7-4bbee6daf22f/IGVFFI6398HWNU.fastq.gz
IGVFFI7948EUIX	raw	IGVFDS2186PCOF	C39	12	reads	fastq	7775664812	2efa36f23cef56b108ae503769a21d6d	https://api.data.igvf.org/sequence-files/IGVFFI7948EUIX/@@download/IGVFFI7948EUIX.fastq.gz	s3://igvf-public/2024/11/17/5d0e33d6-22a4-46f0-8112-a9e78ac81d35/IGVFFI7948EUIX.fastq.gz
IGVFFI8118YTVT	raw	IGVFDS2186PCOF	C39	12	reads	fastq	7866858648	3e9e197284e89786c6add3b43ec5618d	https://api.data.igvf.org/sequence-files/IGVFFI8118YTVT/@@download/IGVFFI8118YTVT.fastq.gz	s3://igvf-public/2024/11/17/31f7f4a0-4862-4325-b9c0-7c0a59446768/IGVFFI8118YTVT.fastq.gz
IGVFFI8711OWAV	raw	IGVFDS2186PCOF	C39	12	reads	fastq	7700550564	d206339943e7913a3acc0f79486c1f88	https://api.data.igvf.org/sequence-files/IGVFFI8711OWAV/@@download/IGVFFI8711OWAV.fastq.gz	s3://igvf-public/2024/11/17/914dda48-2cc4-41d2-893f-ea4bb8d91cd2/IGVFFI8711OWAV.fastq.gz
IGVFFI2533UFES	raw	IGVFDS8308NSRV	C39	14	reads	fastq	5822254613	467bffd52bb8186283673b5b1742e5b8	https://api.data.igvf.org/sequence-files/IGVFFI2533UFES/@@download/IGVFFI2533UFES.fastq.gz	s3://igvf-public/2024/11/17/51e4b31b-ac9f-4cfe-aec0-e64517451acb/IGVFFI2533UFES.fastq.gz
IGVFFI4030WVWW	raw	IGVFDS8308NSRV	C39	14	reads	fastq	5821935701	d8f40bdccc383bf39d215e3f80be0497	https://api.data.igvf.org/sequence-files/IGVFFI4030WVWW/@@download/IGVFFI4030WVWW.fastq.gz	s3://igvf-public/2024/11/17/d1cec0e9-3b3b-4835-9c59-3e8a61bd02b3/IGVFFI4030WVWW.fastq.gz
IGVFFI4781XFCT	raw	IGVFDS8308NSRV	C39	14	reads	fastq	5736305988	d3657771cc972e74564462c26e8425dc	https://api.data.igvf.org/sequence-files/IGVFFI4781XFCT/@@download/IGVFFI4781XFCT.fastq.gz	s3://igvf-public/2024/11/17/d0ee03b3-ed62-48af-9631-cdb492e83f68/IGVFFI4781XFCT.fastq.gz
IGVFFI5034WBWM	raw	IGVFDS8308NSRV	C39	14	reads	fastq	5638609150	b338eac70728f1a9ccec4ecab6a4a21d	https://api.data.igvf.org/sequence-files/IGVFFI5034WBWM/@@download/IGVFFI5034WBWM.fastq.gz	s3://igvf-public/2024/11/17/e648fd27-c132-4d8c-bd16-7807e5352d60/IGVFFI5034WBWM.fastq.gz
IGVFFI7864AJGM	raw	IGVFDS8308NSRV	C39	14	reads	fastq	5778358264	4c76f2a9d5251c1cb21351c2338bb762	https://api.data.igvf.org/sequence-files/IGVFFI7864AJGM/@@download/IGVFFI7864AJGM.fastq.gz	s3://igvf-public/2024/11/17/b5530682-c880-48aa-aa71-dcf35d441f04/IGVFFI7864AJGM.fastq.gz
IGVFFI8697VDOS	raw	IGVFDS8308NSRV	C39	14	reads	fastq	5697376293	44b73d83a13f243a20b773833b688c65	https://api.data.igvf.org/sequence-files/IGVFFI8697VDOS/@@download/IGVFFI8697VDOS.fastq.gz	s3://igvf-public/2024/11/17/f56d529f-8151-4911-a7cb-4c9d7dc34d64/IGVFFI8697VDOS.fastq.gz
IGVFFI9564UGNQ	raw	IGVFDS8308NSRV	C39	14	reads	fastq	5759882971	754612ab341168ae9662e9b3463057a3	https://api.data.igvf.org/sequence-files/IGVFFI9564UGNQ/@@download/IGVFFI9564UGNQ.fastq.gz	s3://igvf-public/2024/11/17/49a48ca8-1eb7-4a85-a68e-1e2eee9c7759/IGVFFI9564UGNQ.fastq.gz
IGVFFI9602SVTH	raw	IGVFDS8308NSRV	C39	14	reads	fastq	5802018992	a1a8e7c224ea0e64c0599fb01e78bca8	https://api.data.igvf.org/sequence-files/IGVFFI9602SVTH/@@download/IGVFFI9602SVTH.fastq.gz	s3://igvf-public/2024/11/17/51e4f9dd-6a77-42c6-aa36-73c7b658757c/IGVFFI9602SVTH.fastq.gz
IGVFFI2719MMCJ	raw	IGVFDS6555BIHA	C39	16	reads	fastq	6072339568	6e073677f9c3240e040978a251fc5f27	https://api.data.igvf.org/sequence-files/IGVFFI2719MMCJ/@@download/IGVFFI2719MMCJ.fastq.gz	s3://igvf-public/2024/11/17/9ac93cab-f0c1-4210-9c8c-8bcf60b9f7ef/IGVFFI2719MMCJ.fastq.gz
IGVFFI2852YYTI	raw	IGVFDS6555BIHA	C39	16	reads	fastq	6024199371	174703dba9817aa1cccdac599cd9bc0a	https://api.data.igvf.org/sequence-files/IGVFFI2852YYTI/@@download/IGVFFI2852YYTI.fastq.gz	s3://igvf-public/2024/11/17/58dfb9bb-061e-4c6e-b815-d9399b9a2750/IGVFFI2852YYTI.fastq.gz
IGVFFI3136LSSS	raw	IGVFDS6555BIHA	C39	16	reads	fastq	6076711543	04e16eff6c2066b09f29b091f007ad96	https://api.data.igvf.org/sequence-files/IGVFFI3136LSSS/@@download/IGVFFI3136LSSS.fastq.gz	s3://igvf-public/2024/11/17/fa5f0d0c-40db-401f-a332-faeb77d0e49c/IGVFFI3136LSSS.fastq.gz
IGVFFI3141XGYR	raw	IGVFDS6555BIHA	C39	16	reads	fastq	6010968232	3c81914762e17b506508e1db359b38ce	https://api.data.igvf.org/sequence-files/IGVFFI3141XGYR/@@download/IGVFFI3141XGYR.fastq.gz	s3://igvf-public/2024/11/17/17ab8cdc-8ac0-48e2-a7fd-aede2f5e0480/IGVFFI3141XGYR.fastq.gz
IGVFFI3781HCPA	raw	IGVFDS6555BIHA	C39	16	reads	fastq	6053062415	dd8be724d1a4d1f236178cc1213c060c	https://api.data.igvf.org/sequence-files/IGVFFI3781HCPA/@@download/IGVFFI3781HCPA.fastq.gz	s3://igvf-public/2024/11/17/34f6df95-00b2-4ec9-98c1-af06a6adacb9/IGVFFI3781HCPA.fastq.gz
IGVFFI4868DENS	raw	IGVFDS6555BIHA	C39	16	reads	fastq	5992017429	ae0d614a1550059c4de7f81b783b52f7	https://api.data.igvf.org/sequence-files/IGVFFI4868DENS/@@download/IGVFFI4868DENS.fastq.gz	s3://igvf-public/2024/11/17/3c135a34-27b3-4fda-ba4b-aec4043ba5e1/IGVFFI4868DENS.fastq.gz
IGVFFI6528XQYS	raw	IGVFDS6555BIHA	C39	16	reads	fastq	5912603904	936f4ac956c79cac9d7188c2b439e358	https://api.data.igvf.org/sequence-files/IGVFFI6528XQYS/@@download/IGVFFI6528XQYS.fastq.gz	s3://igvf-public/2024/11/17/8edc1d8a-93d1-468d-9aae-9e5020fc8204/IGVFFI6528XQYS.fastq.gz
IGVFFI7453JKSM	raw	IGVFDS6555BIHA	C39	16	reads	fastq	5967439733	a3affe50ca9bbda5cff795c8d4a9aece	https://api.data.igvf.org/sequence-files/IGVFFI7453JKSM/@@download/IGVFFI7453JKSM.fastq.gz	s3://igvf-public/2024/11/17/893eeaa7-cdd1-430e-abbc-056c57e0062c/IGVFFI7453JKSM.fastq.gz
IGVFFI0214EZCW	raw	IGVFDS7181HIBH	C39	18	reads	fastq	5478601115	e8956b369d5b21165031a8d07d8f3639	https://api.data.igvf.org/sequence-files/IGVFFI0214EZCW/@@download/IGVFFI0214EZCW.fastq.gz	s3://igvf-public/2024/11/17/3656b9d0-b69f-4a61-bedb-07298a8eea55/IGVFFI0214EZCW.fastq.gz
IGVFFI2050PQKL	raw	IGVFDS7181HIBH	C39	18	reads	fastq	5555537328	c24d2c466a974a23cf2cbe5c8d9bb8c1	https://api.data.igvf.org/sequence-files/IGVFFI2050PQKL/@@download/IGVFFI2050PQKL.fastq.gz	s3://igvf-public/2024/11/17/1bf240a4-fbdc-4f2a-ab8b-e308d52a4dba/IGVFFI2050PQKL.fastq.gz
IGVFFI2552NVJE	raw	IGVFDS7181HIBH	C39	18	reads	fastq	5467441691	ddd1f561580fbe235df4592d396e5a79	https://api.data.igvf.org/sequence-files/IGVFFI2552NVJE/@@download/IGVFFI2552NVJE.fastq.gz	s3://igvf-public/2024/11/17/edea33ce-f4a2-4da3-80e3-7e8414f1a1d7/IGVFFI2552NVJE.fastq.gz
IGVFFI5718PPRU	raw	IGVFDS7181HIBH	C39	18	reads	fastq	5349294000	626e5aa2999361b9a7dee37998396ceb	https://api.data.igvf.org/sequence-files/IGVFFI5718PPRU/@@download/IGVFFI5718PPRU.fastq.gz	s3://igvf-public/2024/11/17/c9780b0f-04be-43e1-88bf-67d42c0aaa3e/IGVFFI5718PPRU.fastq.gz
IGVFFI6571IHMT	raw	IGVFDS7181HIBH	C39	18	reads	fastq	5357095830	0577b7682af2c2a12cb43f5c44bf86ce	https://api.data.igvf.org/sequence-files/IGVFFI6571IHMT/@@download/IGVFFI6571IHMT.fastq.gz	s3://igvf-public/2024/11/17/3fba71fc-f767-4f99-b1cb-809487226d52/IGVFFI6571IHMT.fastq.gz
IGVFFI7284DWHV	raw	IGVFDS7181HIBH	C39	18	reads	fastq	5509941340	4c430c2269b9de733423450e967d5c53	https://api.data.igvf.org/sequence-files/IGVFFI7284DWHV/@@download/IGVFFI7284DWHV.fastq.gz	s3://igvf-public/2024/11/17/465aa655-5cf0-4934-a9b3-ea3490c54269/IGVFFI7284DWHV.fastq.gz
IGVFFI8574JERN	raw	IGVFDS7181HIBH	C39	18	reads	fastq	5434882901	fa1c19e9e0ceb9dfb3f36221d6d5f93c	https://api.data.igvf.org/sequence-files/IGVFFI8574JERN/@@download/IGVFFI8574JERN.fastq.gz	s3://igvf-public/2024/11/17/8fe5658c-4c3b-4c52-a46f-139d2e1fc1fd/IGVFFI8574JERN.fastq.gz
IGVFFI9293LYTT	raw	IGVFDS7181HIBH	C39	18	reads	fastq	5577973341	a64181b0b22230acc0a8cb53570da4ea	https://api.data.igvf.org/sequence-files/IGVFFI9293LYTT/@@download/IGVFFI9293LYTT.fastq.gz	s3://igvf-public/2024/11/17/15df0d42-348c-4a32-895d-6d6a8eb4a43d/IGVFFI9293LYTT.fastq.gz
IGVFFI1125SZHP	raw	IGVFDS4550ZOKS	C39	1	reads	fastq	5924348565	96418af68911c7c50eec7d9d4869f66e	https://api.data.igvf.org/sequence-files/IGVFFI1125SZHP/@@download/IGVFFI1125SZHP.fastq.gz	s3://igvf-public/2024/11/17/2d580a76-2753-49cb-95f4-4c92bf61e152/IGVFFI1125SZHP.fastq.gz
IGVFFI1503NRQW	raw	IGVFDS4550ZOKS	C39	1	reads	fastq	5881080708	6544a3e9c76637c2a5c6b2aac43bc3c4	https://api.data.igvf.org/sequence-files/IGVFFI1503NRQW/@@download/IGVFFI1503NRQW.fastq.gz	s3://igvf-public/2024/11/17/bf63694d-1036-42b0-9b85-03de4047d6fe/IGVFFI1503NRQW.fastq.gz
IGVFFI2368GVGH	raw	IGVFDS4550ZOKS	C39	1	reads	fastq	5856523669	3416b5db04d088236ef450ac942be4b6	https://api.data.igvf.org/sequence-files/IGVFFI2368GVGH/@@download/IGVFFI2368GVGH.fastq.gz	s3://igvf-public/2024/11/17/f808d712-81cc-4629-8222-6aea0e6bde54/IGVFFI2368GVGH.fastq.gz
IGVFFI6397XJCH	raw	IGVFDS4550ZOKS	C39	1	reads	fastq	5773315616	62cd6c9baaba5756f213d75e45c8b539	https://api.data.igvf.org/sequence-files/IGVFFI6397XJCH/@@download/IGVFFI6397XJCH.fastq.gz	s3://igvf-public/2024/11/17/88de0a93-551c-4838-8847-2476085f8d0a/IGVFFI6397XJCH.fastq.gz
IGVFFI6813OSCW	raw	IGVFDS4550ZOKS	C39	1	reads	fastq	5928263235	e669f96542ff0fa7f106d0d8e32f2742	https://api.data.igvf.org/sequence-files/IGVFFI6813OSCW/@@download/IGVFFI6813OSCW.fastq.gz	s3://igvf-public/2024/11/17/d9fe72da-14d6-44b9-a370-a41894580510/IGVFFI6813OSCW.fastq.gz
IGVFFI7669OWGT	raw	IGVFDS4550ZOKS	C39	1	reads	fastq	5998520861	82a12b81791b7098f748eb139b294705	https://api.data.igvf.org/sequence-files/IGVFFI7669OWGT/@@download/IGVFFI7669OWGT.fastq.gz	s3://igvf-public/2024/11/17/f970008c-e909-4fd0-b70a-07348b754d1f/IGVFFI7669OWGT.fastq.gz
IGVFFI8017DLSI	raw	IGVFDS4550ZOKS	C39	1	reads	fastq	5973708339	6a57a808dba89d3411bc020a7c3dc762	https://api.data.igvf.org/sequence-files/IGVFFI8017DLSI/@@download/IGVFFI8017DLSI.fastq.gz	s3://igvf-public/2024/11/17/4a154102-2eed-4482-8ee2-27db28fdfb38/IGVFFI8017DLSI.fastq.gz
IGVFFI9148XLTP	raw	IGVFDS4550ZOKS	C39	1	reads	fastq	5929371825	c6a1b4eade953415844ced90e311b396	https://api.data.igvf.org/sequence-files/IGVFFI9148XLTP/@@download/IGVFFI9148XLTP.fastq.gz	s3://igvf-public/2024/11/17/7807cbee-da79-4303-a41b-2f49162f96b6/IGVFFI9148XLTP.fastq.gz
IGVFFI0915BQHY	raw	IGVFDS7889GEQS	C39	3	reads	fastq	6705535550	c37d8712bd2b479249d89666afcaa894	https://api.data.igvf.org/sequence-files/IGVFFI0915BQHY/@@download/IGVFFI0915BQHY.fastq.gz	s3://igvf-public/2024/11/17/69775a45-c24c-424a-9641-e18859541ea1/IGVFFI0915BQHY.fastq.gz
IGVFFI1055BFIR	raw	IGVFDS7889GEQS	C39	3	reads	fastq	6743955049	a501e80d84759f2f00f4ebdfcd312eec	https://api.data.igvf.org/sequence-files/IGVFFI1055BFIR/@@download/IGVFFI1055BFIR.fastq.gz	s3://igvf-public/2024/11/17/47d21cb7-a473-42f6-8b97-e530023a95c1/IGVFFI1055BFIR.fastq.gz
IGVFFI3020NEOA	raw	IGVFDS7889GEQS	C39	3	reads	fastq	6540297919	09f0f5938035925c4e53d79c242fc621	https://api.data.igvf.org/sequence-files/IGVFFI3020NEOA/@@download/IGVFFI3020NEOA.fastq.gz	s3://igvf-public/2024/11/17/cc3b97e7-e4f1-486b-bd71-fd628cf2687f/IGVFFI3020NEOA.fastq.gz
IGVFFI3403WBPL	raw	IGVFDS7889GEQS	C39	3	reads	fastq	6661315902	1f752eb3919529df7d32ac226c9c2dbe	https://api.data.igvf.org/sequence-files/IGVFFI3403WBPL/@@download/IGVFFI3403WBPL.fastq.gz	s3://igvf-public/2024/11/17/b51f4c2f-a589-40bd-bb7f-2c2ee2daa159/IGVFFI3403WBPL.fastq.gz
IGVFFI5029HGQI	raw	IGVFDS7889GEQS	C39	3	reads	fastq	6572101978	0f428a5ad4e72f4cdea51bb9e4531e90	https://api.data.igvf.org/sequence-files/IGVFFI5029HGQI/@@download/IGVFFI5029HGQI.fastq.gz	s3://igvf-public/2024/11/17/1d84165d-f189-4961-9779-f2c87b84edd6/IGVFFI5029HGQI.fastq.gz
IGVFFI5628TGDN	raw	IGVFDS7889GEQS	C39	3	reads	fastq	6504745688	64cc578234bce229651f8393cd96795c	https://api.data.igvf.org/sequence-files/IGVFFI5628TGDN/@@download/IGVFFI5628TGDN.fastq.gz	s3://igvf-public/2024/11/17/2233fff7-da81-430b-b361-c9c02e40fa65/IGVFFI5628TGDN.fastq.gz
IGVFFI7093FHGJ	raw	IGVFDS7889GEQS	C39	3	reads	fastq	6639467801	a73492b892e34c1a128ebc0f44ace5cf	https://api.data.igvf.org/sequence-files/IGVFFI7093FHGJ/@@download/IGVFFI7093FHGJ.fastq.gz	s3://igvf-public/2024/11/17/08bd01f3-17a9-4d00-b44d-7f532631f26c/IGVFFI7093FHGJ.fastq.gz
IGVFFI9776GAAH	raw	IGVFDS7889GEQS	C39	3	reads	fastq	6584735118	50040ac3e71d2396299a6593a933c528	https://api.data.igvf.org/sequence-files/IGVFFI9776GAAH/@@download/IGVFFI9776GAAH.fastq.gz	s3://igvf-public/2024/11/17/033b3aec-5c2c-4d44-8b6f-a0cb16ff40f4/IGVFFI9776GAAH.fastq.gz
IGVFFI1366ZVFZ	raw	IGVFDS8414QFVF	C39	5	reads	fastq	5999047480	7af697bc3b0ec1c4e81ef9438b9a5ef5	https://api.data.igvf.org/sequence-files/IGVFFI1366ZVFZ/@@download/IGVFFI1366ZVFZ.fastq.gz	s3://igvf-public/2024/11/17/360075d7-8e32-4bf0-b8d3-3d6161eda469/IGVFFI1366ZVFZ.fastq.gz
IGVFFI1753NANQ	raw	IGVFDS8414QFVF	C39	5	reads	fastq	6194989219	64e274ae5d082bdfc668f2b6417615c8	https://api.data.igvf.org/sequence-files/IGVFFI1753NANQ/@@download/IGVFFI1753NANQ.fastq.gz	s3://igvf-public/2024/11/17/2f8ba528-83de-4047-905b-101b8382712e/IGVFFI1753NANQ.fastq.gz
IGVFFI2879EPPD	raw	IGVFDS8414QFVF	C39	5	reads	fastq	6090675682	c97c0c1108c11fa41820c41d896ff0a8	https://api.data.igvf.org/sequence-files/IGVFFI2879EPPD/@@download/IGVFFI2879EPPD.fastq.gz	s3://igvf-public/2024/11/17/8e494e69-6955-46cd-9448-1dc8d2dbff29/IGVFFI2879EPPD.fastq.gz
IGVFFI5083FIPK	raw	IGVFDS8414QFVF	C39	5	reads	fastq	6210177182	0c81167dbddacd98c3f2b77eec24a156	https://api.data.igvf.org/sequence-files/IGVFFI5083FIPK/@@download/IGVFFI5083FIPK.fastq.gz	s3://igvf-public/2024/11/17/a7ca209e-a2b5-4bae-93c5-1354ab15a2e8/IGVFFI5083FIPK.fastq.gz
IGVFFI6520MHQM	raw	IGVFDS8414QFVF	C39	5	reads	fastq	6157199482	e582e13083064ad2261e7749e6b2764b	https://api.data.igvf.org/sequence-files/IGVFFI6520MHQM/@@download/IGVFFI6520MHQM.fastq.gz	s3://igvf-public/2024/11/17/ef236e47-d650-4a61-b1e3-2b1d7a43e964/IGVFFI6520MHQM.fastq.gz
IGVFFI7395GREV	raw	IGVFDS8414QFVF	C39	5	reads	fastq	6193979364	90bd44e17363fe112435488d9352d02c	https://api.data.igvf.org/sequence-files/IGVFFI7395GREV/@@download/IGVFFI7395GREV.fastq.gz	s3://igvf-public/2024/11/17/48fa3397-ffa5-4a93-b38c-7c635716bd86/IGVFFI7395GREV.fastq.gz
IGVFFI9129DPVD	raw	IGVFDS8414QFVF	C39	5	reads	fastq	5957518408	fea39815b1bcf19b5ad58a636a514a2f	https://api.data.igvf.org/sequence-files/IGVFFI9129DPVD/@@download/IGVFFI9129DPVD.fastq.gz	s3://igvf-public/2024/11/17/90b8ae69-7902-4f27-a1ea-6f354785b03b/IGVFFI9129DPVD.fastq.gz
IGVFFI9474RLDP	raw	IGVFDS8414QFVF	C39	5	reads	fastq	6083914291	0f39128af42d51e18912f1f32d5538e0	https://api.data.igvf.org/sequence-files/IGVFFI9474RLDP/@@download/IGVFFI9474RLDP.fastq.gz	s3://igvf-public/2024/11/17/5b4bed08-1241-44ea-8a08-dde10d027ac0/IGVFFI9474RLDP.fastq.gz
IGVFFI0612OGPF	raw	IGVFDS5388FFIX	C39	7	reads	fastq	5521816910	c15c62e8938d32ac4002705c53965532	https://api.data.igvf.org/sequence-files/IGVFFI0612OGPF/@@download/IGVFFI0612OGPF.fastq.gz	s3://igvf-public/2024/11/18/a376b1c9-3ca5-47b5-b723-b013999f7e8f/IGVFFI0612OGPF.fastq.gz
IGVFFI2292CUHN	raw	IGVFDS5388FFIX	C39	7	reads	fastq	5464468205	a72544374cfa27fe31f377bb973a2750	https://api.data.igvf.org/sequence-files/IGVFFI2292CUHN/@@download/IGVFFI2292CUHN.fastq.gz	s3://igvf-public/2024/11/17/8bd0cda1-3f51-43e5-9d66-3244342367e6/IGVFFI2292CUHN.fastq.gz
IGVFFI2476XUGS	raw	IGVFDS5388FFIX	C39	7	reads	fastq	5599248963	a2bd5f7bc0c50bb885c00b8930fb967d	https://api.data.igvf.org/sequence-files/IGVFFI2476XUGS/@@download/IGVFFI2476XUGS.fastq.gz	s3://igvf-public/2024/11/18/b0648459-b127-4e45-8e01-8999d2a92b76/IGVFFI2476XUGS.fastq.gz
IGVFFI3201GSIY	raw	IGVFDS5388FFIX	C39	7	reads	fastq	5575880321	0a4d2c1457fea97a8e4fd27b6347e0ed	https://api.data.igvf.org/sequence-files/IGVFFI3201GSIY/@@download/IGVFFI3201GSIY.fastq.gz	s3://igvf-public/2024/11/18/ec86c4a5-5e37-47be-b7d8-711e6c155c7c/IGVFFI3201GSIY.fastq.gz
IGVFFI5853UJNI	raw	IGVFDS5388FFIX	C39	7	reads	fastq	5462236196	d9e24a30975cb4c226ba2a37d6520993	https://api.data.igvf.org/sequence-files/IGVFFI5853UJNI/@@download/IGVFFI5853UJNI.fastq.gz	s3://igvf-public/2024/11/17/6ae1670f-64a2-42a5-b9e6-5c7da25a3a04/IGVFFI5853UJNI.fastq.gz
IGVFFI9058HIKH	raw	IGVFDS5388FFIX	C39	7	reads	fastq	5544101056	5875a8c87185a86a2c8379ccd8653017	https://api.data.igvf.org/sequence-files/IGVFFI9058HIKH/@@download/IGVFFI9058HIKH.fastq.gz	s3://igvf-public/2024/11/17/03fb2850-f45b-461e-b32e-8d07af825780/IGVFFI9058HIKH.fastq.gz
IGVFFI9541DFXN	raw	IGVFDS5388FFIX	C39	7	reads	fastq	5511822883	d263e525cfc04643334bea86aa746651	https://api.data.igvf.org/sequence-files/IGVFFI9541DFXN/@@download/IGVFFI9541DFXN.fastq.gz	s3://igvf-public/2024/11/17/354833f0-561f-45ea-baad-a68d1298dcce/IGVFFI9541DFXN.fastq.gz
IGVFFI9664STUN	raw	IGVFDS5388FFIX	C39	7	reads	fastq	5630672506	74a9da15459a5edeb84a98fb89473cc1	https://api.data.igvf.org/sequence-files/IGVFFI9664STUN/@@download/IGVFFI9664STUN.fastq.gz	s3://igvf-public/2024/11/18/5efa3961-03f9-42b1-8e42-81fdfebcda5a/IGVFFI9664STUN.fastq.gz
IGVFFI0518JCIU	raw	IGVFDS2095EPAX	C39	9	reads	fastq	6103326638	6f8e706fce0048035367cabd9b766775	https://api.data.igvf.org/sequence-files/IGVFFI0518JCIU/@@download/IGVFFI0518JCIU.fastq.gz	s3://igvf-public/2024/11/18/e48e1a64-1acf-4bb0-865a-d2e4f2833f3a/IGVFFI0518JCIU.fastq.gz
IGVFFI0620CFPU	raw	IGVFDS2095EPAX	C39	9	reads	fastq	6025734045	ef642ae4597c524d0d18dbcb8d5fea48	https://api.data.igvf.org/sequence-files/IGVFFI0620CFPU/@@download/IGVFFI0620CFPU.fastq.gz	s3://igvf-public/2024/11/18/19492d65-a2fe-459e-b658-446b06ca6471/IGVFFI0620CFPU.fastq.gz
IGVFFI1870BAVL	raw	IGVFDS2095EPAX	C39	9	reads	fastq	6131345841	4db0002e3a4d740c13576d6ecc8fd045	https://api.data.igvf.org/sequence-files/IGVFFI1870BAVL/@@download/IGVFFI1870BAVL.fastq.gz	s3://igvf-public/2024/11/18/d1b06a31-935c-4e05-ad1c-c739e155cb50/IGVFFI1870BAVL.fastq.gz
IGVFFI4516HAAV	raw	IGVFDS2095EPAX	C39	9	reads	fastq	6043933171	bb9ef48685c16defb6dc8c53f61ec605	https://api.data.igvf.org/sequence-files/IGVFFI4516HAAV/@@download/IGVFFI4516HAAV.fastq.gz	s3://igvf-public/2024/11/18/46bf1385-f48a-458b-a04f-a81ea862277a/IGVFFI4516HAAV.fastq.gz
IGVFFI5032TYYT	raw	IGVFDS2095EPAX	C39	9	reads	fastq	6188012312	fd52a99e101195370f54ed5d5c8244f9	https://api.data.igvf.org/sequence-files/IGVFFI5032TYYT/@@download/IGVFFI5032TYYT.fastq.gz	s3://igvf-public/2024/11/18/2420f17d-ca2d-4168-bb99-3eea81367c89/IGVFFI5032TYYT.fastq.gz
IGVFFI5466INWX	raw	IGVFDS2095EPAX	C39	9	reads	fastq	5965371045	b399f0b6426963bd139bd20746dcf5ef	https://api.data.igvf.org/sequence-files/IGVFFI5466INWX/@@download/IGVFFI5466INWX.fastq.gz	s3://igvf-public/2024/11/18/337aa3b1-c884-4e46-a00a-0479e24ed8e3/IGVFFI5466INWX.fastq.gz
IGVFFI8640VURN	raw	IGVFDS2095EPAX	C39	9	reads	fastq	6117440492	e8364c274873bb99b60a8748909c3cbd	https://api.data.igvf.org/sequence-files/IGVFFI8640VURN/@@download/IGVFFI8640VURN.fastq.gz	s3://igvf-public/2024/11/18/eade5244-61f7-49ac-a491-6972f2b99379/IGVFFI8640VURN.fastq.gz
IGVFFI9458YTXK	raw	IGVFDS2095EPAX	C39	9	reads	fastq	6102810971	a9bae14e3203955a025daeda1679b04d	https://api.data.igvf.org/sequence-files/IGVFFI9458YTXK/@@download/IGVFFI9458YTXK.fastq.gz	s3://igvf-public/2024/11/18/e6cc704d-1699-474b-8125-faabd0249f67/IGVFFI9458YTXK.fastq.gz
IGVFFI9980PISA	analysis-ready	IGVFDS8004ZFOL	C29;C37;C38;C39	0;1;3;5;7;9;12;14;16;18	cell annotations	tsv	643882	84eef11b4e1b3b9b04d38f56a7c774cf	https://api.data.igvf.org/tabular-files/IGVFFI9980PISA/@@download/IGVFFI9980PISA.tsv.gz	s3://igvf-public/2026/07/17/b84412fd-5799-4952-8af7-944e6b4b73f7/IGVFFI9980PISA.tsv.gz
IGVFFI4105CJEZ	analysis-ready	IGVFDS8004ZFOL	C29;C37;C38;C39	0;1;3;5;7;9;12;14;16;18	cell by bin methylation count matrix	h5ad	3200017153	3e32b6aa68e432fb0a8356232c96a7bb	https://api.data.igvf.org/matrix-files/IGVFFI4105CJEZ/@@download/IGVFFI4105CJEZ.h5ad	s3://igvf-public/2026/07/17/af87f71c-c39b-420a-bc06-31a70e869b5b/IGVFFI4105CJEZ.h5ad
IGVFFI1143UADW	analysis-ready	IGVFDS8004ZFOL	C29;C37;C38;C39	0;1;3;5;7;9;12;14;16;18	cell by position methylation count matrix	h5ad	448764725832	cf1a4b63d56dba55299024c174cfeb59	https://api.data.igvf.org/matrix-files/IGVFFI1143UADW/@@download/IGVFFI1143UADW.h5ad	s3://igvf-public/2026/07/27/ed834b62-eb83-4497-b164-3bea39427cf9/IGVFFI1143UADW.h5ad
IGVFFI0080SQKN	analysis-ready	IGVFDS8004ZFOL	C29;C37;C38;C39	0;1;3;5;7;9;12;14;16;18	chromatin contact quantifications	bedpe	173637477277	047b89b92f01ca4b7b92bb2d6147f245	https://api.data.igvf.org/tabular-files/IGVFFI0080SQKN/@@download/IGVFFI0080SQKN.bedpe.gz	s3://igvf-public/2026/07/27/50f5fb49-c9ba-40c9-bb84-99863f886048/IGVFFI0080SQKN.bedpe.gz
IGVFFI2923UJHQ	processed	IGVFDS3780JQPT	C29	0	alignments	bam	57231437510	5c1860a85dc9c2a86caae49d17dfcb00	https://api.data.igvf.org/alignment-files/IGVFFI2923UJHQ/@@download/IGVFFI2923UJHQ.bam	s3://igvf-public/2026/01/28/66ac931b-7daf-4431-9eba-481b87afd296/IGVFFI2923UJHQ.bam
IGVFFI9784CACO	processed	IGVFDS3780JQPT	C29	0	cell by bin contact matrix	mcool	162891622	f488164d31c8cf202169842f5fa6072f	https://api.data.igvf.org/matrix-files/IGVFFI9784CACO/@@download/IGVFFI9784CACO.mcool	s3://igvf-public/2026/01/28/3f7f4c32-4787-4283-9f33-d8db04e5b6ef/IGVFFI9784CACO.mcool
IGVFFI0002BRTT	processed	IGVFDS3780JQPT	C29	0	cell by bin methylation count matrix	h5ad	97958722	b47243594672f7c58d0ab7a536f59b5b	https://api.data.igvf.org/matrix-files/IGVFFI0002BRTT/@@download/IGVFFI0002BRTT.h5ad	s3://igvf-public/2026/01/28/2cd17986-e035-46bf-846a-2aaee66f2c18/IGVFFI0002BRTT.h5ad
IGVFFI8710RVFA	processed	IGVFDS3780JQPT	C29	0	cell by position methylation count matrix	h5ad	10802943560	7ed5fccc149609097d54a07c4b74dede	https://api.data.igvf.org/matrix-files/IGVFFI8710RVFA/@@download/IGVFFI8710RVFA.h5ad	s3://igvf-public/2026/02/17/ee29afd5-67aa-4cf2-ac89-8db9ab396199/IGVFFI8710RVFA.h5ad
IGVFFI9380MIPH	processed	IGVFDS3780JQPT	C29	0	chromatin contact quantifications	bedpe	4729346101	fb77eaaf2fbb8f7c419f80c5df1abcdb	https://api.data.igvf.org/tabular-files/IGVFFI9380MIPH/@@download/IGVFFI9380MIPH.bedpe.gz	s3://igvf-public/2026/01/28/b3fc36fa-bd1e-4742-b199-b49a093e6216/IGVFFI9380MIPH.tsv.gz
IGVFFI1093IPSG	processed	IGVFDS3780JQPT	C29	0	index	tbi	2251590	daa1bcebed4f1e9cd4393223fae103c4	https://api.data.igvf.org/index-files/IGVFFI1093IPSG/@@download/IGVFFI1093IPSG.tbi	s3://igvf-public/2026/03/26/80124792-85ee-49f8-a4d1-7cc64a454cdf/IGVFFI1093IPSG.tbi
IGVFFI9157UFKQ	processed	IGVFDS3780JQPT	C29	0	methylation counts	tsv	155867428	ef0e1b12841a68cb3fc08166e2b7215c	https://api.data.igvf.org/tabular-files/IGVFFI9157UFKQ/@@download/IGVFFI9157UFKQ.tsv.gz	s3://igvf-public/2026/01/28/74e6d5f1-8596-42d3-a6c7-4acdbdfbc2f4/IGVFFI9157UFKQ.tsv.gz
IGVFFI3977QLTD	processed	IGVFDS3780JQPT	C29	0	per-cell quality report	tsv	330348	34bec6ea309a460a758e7c1ff616e619	https://api.data.igvf.org/tabular-files/IGVFFI3977QLTD/@@download/IGVFFI3977QLTD.tsv.gz	s3://igvf-public/2026/07/31/28f0380d-3bbe-4bc6-bfe0-f6c25832f020/IGVFFI3977QLTD.tsv.gz
IGVFFI9624LJSN	processed	IGVFDS4948YCMD	C29	12	alignments	bam	50824294082	be7ae5dddd1862b672670e0743ad89c0	https://api.data.igvf.org/alignment-files/IGVFFI9624LJSN/@@download/IGVFFI9624LJSN.bam	s3://igvf-public/2026/01/28/a1fd7669-7f39-427a-bfcb-9191bb8bcb40/IGVFFI9624LJSN.bam
IGVFFI4227GCTS	processed	IGVFDS4948YCMD	C29	12	cell by bin contact matrix	mcool	122937693	fa46002eda5a49b1d7774b496b5699e3	https://api.data.igvf.org/matrix-files/IGVFFI4227GCTS/@@download/IGVFFI4227GCTS.mcool	s3://igvf-public/2026/01/28/b2331f31-64fd-4289-97ff-44b6d341a570/IGVFFI4227GCTS.mcool
IGVFFI6328JTAC	processed	IGVFDS4948YCMD	C29	12	cell by bin methylation count matrix	h5ad	97962818	321da03d1acbacb66cc45501783f5b8b	https://api.data.igvf.org/matrix-files/IGVFFI6328JTAC/@@download/IGVFFI6328JTAC.h5ad	s3://igvf-public/2026/01/28/b8556225-a0ca-47a2-9544-55c31be1c155/IGVFFI6328JTAC.h5ad
IGVFFI5122LFVB	processed	IGVFDS4948YCMD	C29	12	cell by position methylation count matrix	h5ad	9655986920	738e2ab57f5e66f6e0e61ca6be5951e8	https://api.data.igvf.org/matrix-files/IGVFFI5122LFVB/@@download/IGVFFI5122LFVB.h5ad	s3://igvf-public/2026/02/17/677ab799-378c-4bc3-abe5-b57ef505d9ac/IGVFFI5122LFVB.h5ad
IGVFFI2778MZRE	processed	IGVFDS4948YCMD	C29	12	chromatin contact quantifications	bedpe	3747112290	ca8efebbfb253351c5d53cd470877311	https://api.data.igvf.org/tabular-files/IGVFFI2778MZRE/@@download/IGVFFI2778MZRE.bedpe.gz	s3://igvf-public/2026/01/28/8dd72642-d462-4c20-9a92-123cac720ec5/IGVFFI2778MZRE.tsv.gz
IGVFFI8062SRXM	processed	IGVFDS4948YCMD	C29	12	index	tbi	2151368	d1f0ccc94287f8a08bb9fd5f7d1c1525	https://api.data.igvf.org/index-files/IGVFFI8062SRXM/@@download/IGVFFI8062SRXM.tbi	s3://igvf-public/2026/03/26/0eda729e-37d1-420e-afea-10969e9be7d4/IGVFFI8062SRXM.tbi
IGVFFI3659ODHR	processed	IGVFDS4948YCMD	C29	12	methylation counts	tsv	154069569	fbae6048408594e3f3b0f009c28ef04a	https://api.data.igvf.org/tabular-files/IGVFFI3659ODHR/@@download/IGVFFI3659ODHR.tsv.gz	s3://igvf-public/2026/01/28/fd9afe6d-9989-499a-8891-43acde04d824/IGVFFI3659ODHR.tsv.gz
IGVFFI7408DSQM	processed	IGVFDS4948YCMD	C29	12	per-cell quality report	tsv	321951	0eee8c66d9b1c3fb5da4693e906663d5	https://api.data.igvf.org/tabular-files/IGVFFI7408DSQM/@@download/IGVFFI7408DSQM.tsv.gz	s3://igvf-public/2026/07/31/ecd1df10-fd71-4516-8735-472214542194/IGVFFI7408DSQM.tsv.gz
IGVFFI9749BZWE	processed	IGVFDS3747OWHA	C29	14	alignments	bam	65104848856	60d7a3d87440998df0ae62827c5fb818	https://api.data.igvf.org/alignment-files/IGVFFI9749BZWE/@@download/IGVFFI9749BZWE.bam	s3://igvf-public/2026/01/28/26db0154-f987-4063-b6df-167890b1b797/IGVFFI9749BZWE.bam
IGVFFI5529VKHR	processed	IGVFDS3747OWHA	C29	14	cell by bin contact matrix	mcool	160926101	5281088802dd50e47b4e0a14dee0aefe	https://api.data.igvf.org/matrix-files/IGVFFI5529VKHR/@@download/IGVFFI5529VKHR.mcool	s3://igvf-public/2026/01/28/9b037487-3a1e-430c-ba7a-ac50e7293d36/IGVFFI5529VKHR.mcool
IGVFFI0107IPCR	processed	IGVFDS3747OWHA	C29	14	cell by bin methylation count matrix	h5ad	97962818	35e18c09665ef785b3960bb3990e4a26	https://api.data.igvf.org/matrix-files/IGVFFI0107IPCR/@@download/IGVFFI0107IPCR.h5ad	s3://igvf-public/2026/01/28/bcd90519-d90a-4af2-91cc-743ad6de4017/IGVFFI0107IPCR.h5ad
IGVFFI2272QIHU	processed	IGVFDS3747OWHA	C29	14	cell by position methylation count matrix	h5ad	12444194376	6f4b108e8f639b03d7f823c09e7e4bc2	https://api.data.igvf.org/matrix-files/IGVFFI2272QIHU/@@download/IGVFFI2272QIHU.h5ad	s3://igvf-public/2026/02/17/7fb2eaec-e74a-471d-be8c-515770d49e44/IGVFFI2272QIHU.h5ad
IGVFFI6155NNYF	processed	IGVFDS3747OWHA	C29	14	chromatin contact quantifications	bedpe	4969115503	e05cd2dcd156d0ff0df76269d28b6fc6	https://api.data.igvf.org/tabular-files/IGVFFI6155NNYF/@@download/IGVFFI6155NNYF.bedpe.gz	s3://igvf-public/2026/01/28/0cde3ba6-582b-40da-a22a-b73982024819/IGVFFI6155NNYF.tsv.gz
IGVFFI2289XRZK	processed	IGVFDS3747OWHA	C29	14	index	tbi	2264730	02f00cacc3603795a36f4b4830eb99ac	https://api.data.igvf.org/index-files/IGVFFI2289XRZK/@@download/IGVFFI2289XRZK.tbi	s3://igvf-public/2026/03/26/812ebf76-2d15-44bf-8f53-3ea7d3f04bc2/IGVFFI2289XRZK.tbi
IGVFFI3676NUYM	processed	IGVFDS3747OWHA	C29	14	methylation counts	tsv	159852268	129388ea8fa754f41b635d6458aba003	https://api.data.igvf.org/tabular-files/IGVFFI3676NUYM/@@download/IGVFFI3676NUYM.tsv.gz	s3://igvf-public/2026/01/28/06d47f65-a85a-401d-8a67-56e9217c4fe0/IGVFFI3676NUYM.tsv.gz
IGVFFI0563XIXV	processed	IGVFDS3747OWHA	C29	14	per-cell quality report	tsv	332036	df241a31904cda394e36751765ed27dc	https://api.data.igvf.org/tabular-files/IGVFFI0563XIXV/@@download/IGVFFI0563XIXV.tsv.gz	s3://igvf-public/2026/07/31/2a1f878c-caf3-48b5-b901-dfd94fddb3d8/IGVFFI0563XIXV.tsv.gz
IGVFFI3541QMBB	processed	IGVFDS4577MAYO	C29	16	alignments	bam	57104717245	8d548874618b32ec1052318399bf76bd	https://api.data.igvf.org/alignment-files/IGVFFI3541QMBB/@@download/IGVFFI3541QMBB.bam	s3://igvf-public/2026/01/28/0be06a5f-5dd3-4aec-b228-1893ae8479e0/IGVFFI3541QMBB.bam
IGVFFI4269MBZY	processed	IGVFDS4577MAYO	C29	16	cell by bin contact matrix	mcool	135764420	2fa3e783fd2669ffc1aea3c57d9addd3	https://api.data.igvf.org/matrix-files/IGVFFI4269MBZY/@@download/IGVFFI4269MBZY.mcool	s3://igvf-public/2026/01/28/2d867dd7-29ba-4330-ba72-13e1107a16ca/IGVFFI4269MBZY.mcool
IGVFFI2384XTZQ	processed	IGVFDS4577MAYO	C29	16	cell by bin methylation count matrix	h5ad	97962818	ca8c0c7536851e72237b107f53267bb9	https://api.data.igvf.org/matrix-files/IGVFFI2384XTZQ/@@download/IGVFFI2384XTZQ.h5ad	s3://igvf-public/2026/01/28/e2086243-6de6-48fb-84a1-3478e3f00022/IGVFFI2384XTZQ.h5ad
IGVFFI1558UXVV	processed	IGVFDS4577MAYO	C29	16	cell by position methylation count matrix	h5ad	10960590408	c381492ca49c4e1e628b6a7cdff23cb1	https://api.data.igvf.org/matrix-files/IGVFFI1558UXVV/@@download/IGVFFI1558UXVV.h5ad	s3://igvf-public/2026/02/17/f6824fda-ff3f-4c14-8970-f63faf78a33d/IGVFFI1558UXVV.h5ad
IGVFFI7184PYBJ	processed	IGVFDS4577MAYO	C29	16	chromatin contact quantifications	bedpe	4215927714	bcf63ccfe5dd3d697d24a21da85e2250	https://api.data.igvf.org/tabular-files/IGVFFI7184PYBJ/@@download/IGVFFI7184PYBJ.bedpe.gz	s3://igvf-public/2026/01/28/1c3bdd5b-5dca-4957-9925-05a7b9029fe7/IGVFFI7184PYBJ.tsv.gz
IGVFFI1643TXMT	processed	IGVFDS4577MAYO	C29	16	index	tbi	2214770	5a54b5ef58f89bb4d563f404457bfbde	https://api.data.igvf.org/index-files/IGVFFI1643TXMT/@@download/IGVFFI1643TXMT.tbi	s3://igvf-public/2026/03/26/98ac4f14-f3bf-43fc-be22-1160229a371b/IGVFFI1643TXMT.tbi
IGVFFI0776LQAA	processed	IGVFDS4577MAYO	C29	16	methylation counts	tsv	156113424	e81c1ee504a64f8457402f31e36253d6	https://api.data.igvf.org/tabular-files/IGVFFI0776LQAA/@@download/IGVFFI0776LQAA.tsv.gz	s3://igvf-public/2026/01/28/b43c093f-9526-4877-93dd-7a365b4e6a48/IGVFFI0776LQAA.tsv.gz
IGVFFI0436XZWZ	processed	IGVFDS4577MAYO	C29	16	per-cell quality report	tsv	314328	7235d490bf00bc5a7b691899d922e2b8	https://api.data.igvf.org/tabular-files/IGVFFI0436XZWZ/@@download/IGVFFI0436XZWZ.tsv.gz	s3://igvf-public/2026/07/31/9ae87698-5e24-4856-8d1b-7861d3c23df9/IGVFFI0436XZWZ.tsv.gz
IGVFFI4271ZQMK	processed	IGVFDS3650LFPH	C29	18	alignments	bam	54347639777	5e57b81fd7ee62f776137676412ddffb	https://api.data.igvf.org/alignment-files/IGVFFI4271ZQMK/@@download/IGVFFI4271ZQMK.bam	s3://igvf-public/2026/01/28/27f8042d-c74f-4a1e-b842-7cb8ae6d0465/IGVFFI4271ZQMK.bam
IGVFFI7199WHAM	processed	IGVFDS3650LFPH	C29	18	cell by bin contact matrix	mcool	155481806	feaca724adecf25c07455124c36dd6c8	https://api.data.igvf.org/matrix-files/IGVFFI7199WHAM/@@download/IGVFFI7199WHAM.mcool	s3://igvf-public/2026/01/28/401c9843-1555-420f-a8c8-6a4bafc9f9a9/IGVFFI7199WHAM.mcool
IGVFFI8342KGOT	processed	IGVFDS3650LFPH	C29	18	cell by bin methylation count matrix	h5ad	97958722	cb37e22e731f5f71235e7f0b69e91e89	https://api.data.igvf.org/matrix-files/IGVFFI8342KGOT/@@download/IGVFFI8342KGOT.h5ad	s3://igvf-public/2026/01/28/b7eb924a-5250-46ca-bf60-27b82a726ae5/IGVFFI8342KGOT.h5ad
IGVFFI0075PDXE	processed	IGVFDS3650LFPH	C29	18	cell by position methylation count matrix	h5ad	11315304008	4fc3a73c061b740a3c9a9e8bc3497c6f	https://api.data.igvf.org/matrix-files/IGVFFI0075PDXE/@@download/IGVFFI0075PDXE.h5ad	s3://igvf-public/2026/02/17/e3c6356f-7add-465a-bc5d-f831b2039e4b/IGVFFI0075PDXE.h5ad
IGVFFI3817QHON	processed	IGVFDS3650LFPH	C29	18	chromatin contact quantifications	bedpe	4008877694	45a9599afa611551f721d3c50eadc708	https://api.data.igvf.org/tabular-files/IGVFFI3817QHON/@@download/IGVFFI3817QHON.bedpe.gz	s3://igvf-public/2026/01/28/82d920c8-c06f-40fd-8193-8e9d6aae7f27/IGVFFI3817QHON.tsv.gz
IGVFFI8866MLBR	processed	IGVFDS3650LFPH	C29	18	index	tbi	2186410	eb4e0e6a1154bd5ce8c49c49e1dd141d	https://api.data.igvf.org/index-files/IGVFFI8866MLBR/@@download/IGVFFI8866MLBR.tbi	s3://igvf-public/2026/03/26/5e5298c7-6e4e-413f-9382-6b328815690b/IGVFFI8866MLBR.tbi
IGVFFI0759DDXT	processed	IGVFDS3650LFPH	C29	18	methylation counts	tsv	156903111	16faad9ad0f8a320ccec7aa1c6848386	https://api.data.igvf.org/tabular-files/IGVFFI0759DDXT/@@download/IGVFFI0759DDXT.tsv.gz	s3://igvf-public/2026/01/28/dff7c83d-da29-4a95-a58d-3bc4ceb93f4f/IGVFFI0759DDXT.tsv.gz
IGVFFI8116MYOA	processed	IGVFDS3650LFPH	C29	18	per-cell quality report	tsv	330457	40c5b6b877d61b74cecf6d499c342dbf	https://api.data.igvf.org/tabular-files/IGVFFI8116MYOA/@@download/IGVFFI8116MYOA.tsv.gz	s3://igvf-public/2026/07/31/f12473c8-5d95-444f-9ee9-7424ed79d536/IGVFFI8116MYOA.tsv.gz
IGVFFI4420LSTY	processed	IGVFDS6958TXDE	C29	1	alignments	bam	57168318418	85863872a29e8dc311bec2fc790607ad	https://api.data.igvf.org/alignment-files/IGVFFI4420LSTY/@@download/IGVFFI4420LSTY.bam	s3://igvf-public/2026/01/28/7097e3a1-43d5-43d9-9be8-a6056aefdf2b/IGVFFI4420LSTY.bam
IGVFFI9070EBQF	processed	IGVFDS6958TXDE	C29	1	cell by bin contact matrix	mcool	141302426	a18e9b44d13dea385b750a63dd51ca41	https://api.data.igvf.org/matrix-files/IGVFFI9070EBQF/@@download/IGVFFI9070EBQF.mcool	s3://igvf-public/2026/01/28/642fe1a4-1fb3-4daa-8b51-c36fd090b397/IGVFFI9070EBQF.mcool
IGVFFI8247XXFP	processed	IGVFDS6958TXDE	C29	1	cell by bin methylation count matrix	h5ad	97958722	8cc049988062fe31ae2b2d781bf96644	https://api.data.igvf.org/matrix-files/IGVFFI8247XXFP/@@download/IGVFFI8247XXFP.h5ad	s3://igvf-public/2026/01/28/2beee816-a2be-4e7e-80b4-9cdd5e5902e2/IGVFFI8247XXFP.h5ad
IGVFFI0976MNIG	processed	IGVFDS6958TXDE	C29	1	cell by position methylation count matrix	h5ad	11114731080	6339d163c6a176465a2b7569811b8465	https://api.data.igvf.org/matrix-files/IGVFFI0976MNIG/@@download/IGVFFI0976MNIG.h5ad	s3://igvf-public/2026/02/17/6b14131f-869c-41d0-8b05-669bf1fb1ebb/IGVFFI0976MNIG.h5ad
IGVFFI5281FPGY	processed	IGVFDS6958TXDE	C29	1	chromatin contact quantifications	bedpe	4707846688	4b464c622d918a0f0b75a68636602f1b	https://api.data.igvf.org/tabular-files/IGVFFI5281FPGY/@@download/IGVFFI5281FPGY.bedpe.gz	s3://igvf-public/2026/01/28/9507347e-8bf5-4a91-a4eb-2c4ed3941b71/IGVFFI5281FPGY.tsv.gz
IGVFFI7517MMCH	processed	IGVFDS6958TXDE	C29	1	index	tbi	2249712	fb3ffa0c216441d0ee0f95a1ca1117d9	https://api.data.igvf.org/index-files/IGVFFI7517MMCH/@@download/IGVFFI7517MMCH.tbi	s3://igvf-public/2026/03/26/8a4bb532-8308-427e-a3dc-a9c3c79be561/IGVFFI7517MMCH.tbi
IGVFFI0362TKCU	processed	IGVFDS6958TXDE	C29	1	methylation counts	tsv	155974014	d9ffd3d8322f151867fd64184b5db5f8	https://api.data.igvf.org/tabular-files/IGVFFI0362TKCU/@@download/IGVFFI0362TKCU.tsv.gz	s3://igvf-public/2026/01/28/5929840f-19d8-4897-8919-e8190af54278/IGVFFI0362TKCU.tsv.gz
IGVFFI8937KKRS	processed	IGVFDS6958TXDE	C29	1	per-cell quality report	tsv	320487	55f04f0fd2401e326a1d942d8d3a404d	https://api.data.igvf.org/tabular-files/IGVFFI8937KKRS/@@download/IGVFFI8937KKRS.tsv.gz	s3://igvf-public/2026/07/31/0627829d-ad30-46d3-a1e8-6beff07494d5/IGVFFI8937KKRS.tsv.gz
IGVFFI8902QBQV	processed	IGVFDS6744LXZM	C29	3	alignments	bam	53324170763	03cfbff9df15dbf33175eba0d48633f1	https://api.data.igvf.org/alignment-files/IGVFFI8902QBQV/@@download/IGVFFI8902QBQV.bam	s3://igvf-public/2026/01/28/0c9ccb67-1464-4815-891a-01c27f0add9a/IGVFFI8902QBQV.bam
IGVFFI8599NQFM	processed	IGVFDS6744LXZM	C29	3	cell by bin contact matrix	mcool	142208277	b4a3d145d36ed569011a3a1dda8df72b	https://api.data.igvf.org/matrix-files/IGVFFI8599NQFM/@@download/IGVFFI8599NQFM.mcool	s3://igvf-public/2026/01/28/43f71863-afa6-416a-92d7-a308aa2592da/IGVFFI8599NQFM.mcool
IGVFFI4839XKOP	processed	IGVFDS6744LXZM	C29	3	cell by bin methylation count matrix	h5ad	97958722	21b594764e0d42a1e3b5f8f3634e1e54	https://api.data.igvf.org/matrix-files/IGVFFI4839XKOP/@@download/IGVFFI4839XKOP.h5ad	s3://igvf-public/2026/01/28/f589aa6e-69c8-427f-9b26-7e5a30678fa5/IGVFFI4839XKOP.h5ad
IGVFFI2233ABJB	processed	IGVFDS6744LXZM	C29	3	cell by position methylation count matrix	h5ad	10554791496	91c8741607bcca1197044b376c17e7eb	https://api.data.igvf.org/matrix-files/IGVFFI2233ABJB/@@download/IGVFFI2233ABJB.h5ad	s3://igvf-public/2026/02/17/21b1ba68-954d-4eb5-a837-f29409c41046/IGVFFI2233ABJB.h5ad
IGVFFI8497ZRRI	processed	IGVFDS6744LXZM	C29	3	chromatin contact quantifications	bedpe	4030247822	62e92f191af6441576a0c320dad592c1	https://api.data.igvf.org/tabular-files/IGVFFI8497ZRRI/@@download/IGVFFI8497ZRRI.bedpe.gz	s3://igvf-public/2026/01/28/2c9b6442-2052-4c4c-9965-865a0ba070bf/IGVFFI8497ZRRI.tsv.gz
IGVFFI6088QBNC	processed	IGVFDS6744LXZM	C29	3	index	tbi	2190526	cdd689c2dbfd3910756e5680f78fc3b7	https://api.data.igvf.org/index-files/IGVFFI6088QBNC/@@download/IGVFFI6088QBNC.tbi	s3://igvf-public/2026/03/26/12f9746c-d0b4-48f0-9240-73561cfd3bee/IGVFFI6088QBNC.tbi
IGVFFI3362KDBQ	processed	IGVFDS6744LXZM	C29	3	methylation counts	tsv	155095409	197dd964a91c7e3ff356500c0f358eaf	https://api.data.igvf.org/tabular-files/IGVFFI3362KDBQ/@@download/IGVFFI3362KDBQ.tsv.gz	s3://igvf-public/2026/01/28/eebe8147-ea56-4a22-b0be-0d4ac85f8f9b/IGVFFI3362KDBQ.tsv.gz
IGVFFI0217BGRO	processed	IGVFDS6744LXZM	C29	3	per-cell quality report	tsv	329618	9e7c481f5a3d255486714144d51694c9	https://api.data.igvf.org/tabular-files/IGVFFI0217BGRO/@@download/IGVFFI0217BGRO.tsv.gz	s3://igvf-public/2026/07/31/c5861a42-5003-45c3-bb92-9eafc7559ded/IGVFFI0217BGRO.tsv.gz
IGVFFI6388ABEK	processed	IGVFDS5710IVCX	C29	5	alignments	bam	54134530646	d4ca8f76db369153a9b54fc3dc152736	https://api.data.igvf.org/alignment-files/IGVFFI6388ABEK/@@download/IGVFFI6388ABEK.bam	s3://igvf-public/2026/01/28/5ba28699-39a0-459d-aaf5-a4fe778c1c0e/IGVFFI6388ABEK.bam
IGVFFI3986RXPY	processed	IGVFDS5710IVCX	C29	5	cell by bin contact matrix	mcool	149637993	5c8e59738339a2e8de2d99ad3bbe65ba	https://api.data.igvf.org/matrix-files/IGVFFI3986RXPY/@@download/IGVFFI3986RXPY.mcool	s3://igvf-public/2026/01/28/8a4f67f8-bd74-4b7c-a79d-fc788078b3c9/IGVFFI3986RXPY.mcool
IGVFFI4085DFTM	processed	IGVFDS5710IVCX	C29	5	cell by bin methylation count matrix	h5ad	97958722	ec7471de50fd18ded1d14d3877aeac6f	https://api.data.igvf.org/matrix-files/IGVFFI4085DFTM/@@download/IGVFFI4085DFTM.h5ad	s3://igvf-public/2026/01/28/e504ab84-93d5-4fee-bb20-efc8d991ef72/IGVFFI4085DFTM.h5ad
IGVFFI8523LDHC	processed	IGVFDS5710IVCX	C29	5	cell by position methylation count matrix	h5ad	10379449928	64a830f810797726ae3538f9d017f9cb	https://api.data.igvf.org/matrix-files/IGVFFI8523LDHC/@@download/IGVFFI8523LDHC.h5ad	s3://igvf-public/2026/02/17/8437c3c9-b434-4461-86e2-c1fe421abf06/IGVFFI8523LDHC.h5ad
IGVFFI3329CGOO	processed	IGVFDS5710IVCX	C29	5	chromatin contact quantifications	bedpe	3948710432	18562470c2a89aa92e48a17783e7df9c	https://api.data.igvf.org/tabular-files/IGVFFI3329CGOO/@@download/IGVFFI3329CGOO.bedpe.gz	s3://igvf-public/2026/01/28/f200bed3-7733-416c-9a62-21494fd8c8ae/IGVFFI3329CGOO.tsv.gz
IGVFFI0822VGXE	processed	IGVFDS5710IVCX	C29	5	index	tbi	2180003	5e4c031af8ad921a82afb45c90205298	https://api.data.igvf.org/index-files/IGVFFI0822VGXE/@@download/IGVFFI0822VGXE.tbi	s3://igvf-public/2026/03/26/4f9ab0ad-c95b-4ab8-8a5a-452855ab9c47/IGVFFI0822VGXE.tbi
IGVFFI7822AVAV	processed	IGVFDS5710IVCX	C29	5	methylation counts	tsv	155235427	0ca1c9666ce055d10fc3b6380bb3b1f2	https://api.data.igvf.org/tabular-files/IGVFFI7822AVAV/@@download/IGVFFI7822AVAV.tsv.gz	s3://igvf-public/2026/01/28/da1e0890-8b1c-4b3d-8816-6488af6fc04e/IGVFFI7822AVAV.tsv.gz
IGVFFI0735YNDF	processed	IGVFDS5710IVCX	C29	5	per-cell quality report	tsv	329931	401a2ef7d6387aab3121a6e7631fb976	https://api.data.igvf.org/tabular-files/IGVFFI0735YNDF/@@download/IGVFFI0735YNDF.tsv.gz	s3://igvf-public/2026/07/31/1de8848a-628b-4209-910a-7aa499c923d3/IGVFFI0735YNDF.tsv.gz
IGVFFI4796NDHO	processed	IGVFDS4586KNJA	C29	7	alignments	bam	67816577935	d09e80d120e8035338ab851022cc1906	https://api.data.igvf.org/alignment-files/IGVFFI4796NDHO/@@download/IGVFFI4796NDHO.bam	s3://igvf-public/2026/01/28/3dc5c507-9585-4ab3-bf00-033b8497347a/IGVFFI4796NDHO.bam
IGVFFI5727GRIL	processed	IGVFDS4586KNJA	C29	7	cell by bin contact matrix	mcool	153884895	f09aa956073f96fa1e23d1af0f80cadb	https://api.data.igvf.org/matrix-files/IGVFFI5727GRIL/@@download/IGVFFI5727GRIL.mcool	s3://igvf-public/2026/01/28/0884081d-917d-44e1-8ff9-05d3015582bc/IGVFFI5727GRIL.mcool
IGVFFI9833NSKK	processed	IGVFDS4586KNJA	C29	7	cell by bin methylation count matrix	h5ad	97958722	b10e7843344b0a9dd88ea3ad80a58c4c	https://api.data.igvf.org/matrix-files/IGVFFI9833NSKK/@@download/IGVFFI9833NSKK.h5ad	s3://igvf-public/2026/01/28/a7c4a88d-6b7f-41e0-88c0-8b5cc4038298/IGVFFI9833NSKK.h5ad
IGVFFI0706DZVM	processed	IGVFDS4586KNJA	C29	7	cell by position methylation count matrix	h5ad	10839709256	9b8d912770edd60d77a29ff9aa1a8418	https://api.data.igvf.org/matrix-files/IGVFFI0706DZVM/@@download/IGVFFI0706DZVM.h5ad	s3://igvf-public/2026/02/17/97769afd-3e5a-461a-8ef6-c0963b4171f3/IGVFFI0706DZVM.h5ad
IGVFFI4802NZLZ	processed	IGVFDS4586KNJA	C29	7	chromatin contact quantifications	bedpe	4146730809	8da69a13b858d6ed5a531eef7fe02f5b	https://api.data.igvf.org/tabular-files/IGVFFI4802NZLZ/@@download/IGVFFI4802NZLZ.bedpe.gz	s3://igvf-public/2026/01/28/de0f369b-eedc-46dc-a1cb-939d7f5805b6/IGVFFI4802NZLZ.tsv.gz
IGVFFI4166JBSC	processed	IGVFDS4586KNJA	C29	7	index	tbi	2204112	caf88219d3159a0a42c04de056968ffc	https://api.data.igvf.org/index-files/IGVFFI4166JBSC/@@download/IGVFFI4166JBSC.tbi	s3://igvf-public/2026/03/26/e10f5f6c-a826-4a51-b9ec-8e46de6f94bd/IGVFFI4166JBSC.tbi
IGVFFI2689ACKZ	processed	IGVFDS4586KNJA	C29	7	methylation counts	tsv	155138019	eef67ab4abb8f26d0a416a0dc157e1a3	https://api.data.igvf.org/tabular-files/IGVFFI2689ACKZ/@@download/IGVFFI2689ACKZ.tsv.gz	s3://igvf-public/2026/01/28/4a3afaf1-c130-4bd3-9b46-22a72f9ee24b/IGVFFI2689ACKZ.tsv.gz
IGVFFI2230DCZP	processed	IGVFDS4586KNJA	C29	7	per-cell quality report	tsv	329783	cf3f108f974f3dc3c0b93d6b8b87db96	https://api.data.igvf.org/tabular-files/IGVFFI2230DCZP/@@download/IGVFFI2230DCZP.tsv.gz	s3://igvf-public/2026/07/31/fc64579f-7677-4240-b03b-98de3e49706a/IGVFFI2230DCZP.tsv.gz
IGVFFI1091BCAU	processed	IGVFDS2283KAIN	C29	9	alignments	bam	50049969491	b4ce1db0cf1c5dcfecf9b0090ee397e7	https://api.data.igvf.org/alignment-files/IGVFFI1091BCAU/@@download/IGVFFI1091BCAU.bam	s3://igvf-public/2026/01/28/76c07419-dabf-43e5-8988-32218bac8b6c/IGVFFI1091BCAU.bam
IGVFFI8456HSPE	processed	IGVFDS2283KAIN	C29	9	cell by bin contact matrix	mcool	129154508	8a87ba41a356b2a9e24c2de72a0f4025	https://api.data.igvf.org/matrix-files/IGVFFI8456HSPE/@@download/IGVFFI8456HSPE.mcool	s3://igvf-public/2026/01/28/2db05765-c289-42e3-84c5-88f00dbed322/IGVFFI8456HSPE.mcool
IGVFFI1141OYWK	processed	IGVFDS2283KAIN	C29	9	cell by bin methylation count matrix	h5ad	97958722	a10714218676767266b633fe364b8aa0	https://api.data.igvf.org/matrix-files/IGVFFI1141OYWK/@@download/IGVFFI1141OYWK.h5ad	s3://igvf-public/2026/01/28/4b7f42bd-eaed-4fe5-bc8a-0114da18f6f7/IGVFFI1141OYWK.h5ad
IGVFFI0255WYZI	processed	IGVFDS2283KAIN	C29	9	cell by position methylation count matrix	h5ad	9922554600	8250758e884ec4b53feace4117d11436	https://api.data.igvf.org/matrix-files/IGVFFI0255WYZI/@@download/IGVFFI0255WYZI.h5ad	s3://igvf-public/2026/02/17/9850ae57-eae2-404e-a20b-35a00ec21574/IGVFFI0255WYZI.h5ad
IGVFFI4576TAYQ	processed	IGVFDS2283KAIN	C29	9	chromatin contact quantifications	bedpe	3193672408	9bf7b46a13d85cd248600b4572982a0c	https://api.data.igvf.org/tabular-files/IGVFFI4576TAYQ/@@download/IGVFFI4576TAYQ.bedpe.gz	s3://igvf-public/2026/01/28/dd944b6c-558d-4be6-ac07-660cfa69368a/IGVFFI4576TAYQ.tsv.gz
IGVFFI1983AWQE	processed	IGVFDS2283KAIN	C29	9	index	tbi	2062808	1eef5e8fe700a42ae49d4d0be0f5d0fe	https://api.data.igvf.org/index-files/IGVFFI1983AWQE/@@download/IGVFFI1983AWQE.tbi	s3://igvf-public/2026/03/26/152c5fff-39f6-445d-a9b5-bcd221ebac4c/IGVFFI1983AWQE.tbi
IGVFFI8598MXRX	processed	IGVFDS2283KAIN	C29	9	methylation counts	tsv	154540075	6cdf5fafb650edf452cf69c3f5b88858	https://api.data.igvf.org/tabular-files/IGVFFI8598MXRX/@@download/IGVFFI8598MXRX.tsv.gz	s3://igvf-public/2026/01/28/d545f2ce-1b5a-4eb9-9da7-224fdd936826/IGVFFI8598MXRX.tsv.gz
IGVFFI4526PMNU	processed	IGVFDS2283KAIN	C29	9	per-cell quality report	tsv	330171	1f81b0ea2a38d138a3eb18c85f9ebca7	https://api.data.igvf.org/tabular-files/IGVFFI4526PMNU/@@download/IGVFFI4526PMNU.tsv.gz	s3://igvf-public/2026/07/31/26f8e41a-e510-4dde-b308-dff2f2b75e64/IGVFFI4526PMNU.tsv.gz
IGVFFI4086LAWU	processed	IGVFDS1059GKTV	C37	0	alignments	bam	60964024074	ae79d9674cb91cd0dcdb3f37753720d9	https://api.data.igvf.org/alignment-files/IGVFFI4086LAWU/@@download/IGVFFI4086LAWU.bam	s3://igvf-public/2026/01/28/aa3ceca1-09b0-4e5a-8598-d6567a906ae8/IGVFFI4086LAWU.bam
IGVFFI6812BBIW	processed	IGVFDS1059GKTV	C37	0	cell by bin contact matrix	mcool	161965991	3ab1b906d973dbde5bc1bb6f71275d61	https://api.data.igvf.org/matrix-files/IGVFFI6812BBIW/@@download/IGVFFI6812BBIW.mcool	s3://igvf-public/2026/01/28/19601277-b16b-4c37-b8cd-5084f0f37105/IGVFFI6812BBIW.mcool
IGVFFI3622UCNM	processed	IGVFDS1059GKTV	C37	0	cell by bin methylation count matrix	h5ad	97958722	ae77806cde93dbba6a59d5fb371ffea6	https://api.data.igvf.org/matrix-files/IGVFFI3622UCNM/@@download/IGVFFI3622UCNM.h5ad	s3://igvf-public/2026/01/28/5c5ce342-015a-42e0-b950-f0154989dde8/IGVFFI3622UCNM.h5ad
IGVFFI3525KGMK	processed	IGVFDS1059GKTV	C37	0	cell by position methylation count matrix	h5ad	12260202056	f8e90c66f8cf2353a76521783b3c6c92	https://api.data.igvf.org/matrix-files/IGVFFI3525KGMK/@@download/IGVFFI3525KGMK.h5ad	s3://igvf-public/2026/02/17/712dbbae-a37f-4145-ae7e-b9385b5b8cc5/IGVFFI3525KGMK.h5ad
IGVFFI1670JQQO	processed	IGVFDS1059GKTV	C37	0	chromatin contact quantifications	bedpe	5169451810	0e2375e0657b815fc7f017ec80f4aac8	https://api.data.igvf.org/tabular-files/IGVFFI1670JQQO/@@download/IGVFFI1670JQQO.bedpe.gz	s3://igvf-public/2026/01/28/4c338ff9-aa25-491f-b1bd-8f1611b0cd6a/IGVFFI1670JQQO.tsv.gz
IGVFFI5139FDPZ	processed	IGVFDS1059GKTV	C37	0	index	tbi	2269516	27c4fd0884f6516e703e6e52ed6bbc0b	https://api.data.igvf.org/index-files/IGVFFI5139FDPZ/@@download/IGVFFI5139FDPZ.tbi	s3://igvf-public/2026/03/26/a89abd8d-c377-4692-b022-ba81479e9c39/IGVFFI5139FDPZ.tbi
IGVFFI7044GDZN	processed	IGVFDS1059GKTV	C37	0	methylation counts	tsv	157618078	522c9f2b2e395e6f29721792c7b0d92d	https://api.data.igvf.org/tabular-files/IGVFFI7044GDZN/@@download/IGVFFI7044GDZN.tsv.gz	s3://igvf-public/2026/01/28/2b05a1ca-50d7-4481-aa70-1f5ca5eea9d4/IGVFFI7044GDZN.tsv.gz
IGVFFI0965PIXU	processed	IGVFDS1059GKTV	C37	0	per-cell quality report	tsv	331211	cfcb4c03176fdcb2ba30168c19e927cb	https://api.data.igvf.org/tabular-files/IGVFFI0965PIXU/@@download/IGVFFI0965PIXU.tsv.gz	s3://igvf-public/2026/07/31/ad513209-5da8-4d25-b4db-93763673602e/IGVFFI0965PIXU.tsv.gz
IGVFFI5672AZMU	processed	IGVFDS4809FUEM	C37	12	alignments	bam	51963906057	0f71ad528014136bb16adb1e836112cd	https://api.data.igvf.org/alignment-files/IGVFFI5672AZMU/@@download/IGVFFI5672AZMU.bam	s3://igvf-public/2026/01/28/78df4ff2-7462-474c-a9b9-46301c698e9b/IGVFFI5672AZMU.bam
IGVFFI2052YTDT	processed	IGVFDS4809FUEM	C37	12	cell by bin contact matrix	mcool	140194799	ad80c27f7f5b6b89a5b0be4867b56918	https://api.data.igvf.org/matrix-files/IGVFFI2052YTDT/@@download/IGVFFI2052YTDT.mcool	s3://igvf-public/2026/01/28/acc1ac60-ba9a-4d72-994d-c2d2019953b5/IGVFFI2052YTDT.mcool
IGVFFI7219BVCB	processed	IGVFDS4809FUEM	C37	12	cell by bin methylation count matrix	h5ad	97962818	ba2b51a7c4219a6658ba85532086530b	https://api.data.igvf.org/matrix-files/IGVFFI7219BVCB/@@download/IGVFFI7219BVCB.h5ad	s3://igvf-public/2026/01/28/899574b5-0ac1-4dae-b9e1-21dc602b5507/IGVFFI7219BVCB.h5ad
IGVFFI0811GPIX	processed	IGVFDS4809FUEM	C37	12	cell by position methylation count matrix	h5ad	10615739976	fe6ea6ccf1259b69f3f4f416ec6d3ea9	https://api.data.igvf.org/matrix-files/IGVFFI0811GPIX/@@download/IGVFFI0811GPIX.h5ad	s3://igvf-public/2026/02/17/0a43993d-6ddc-4935-9651-71248eecc26c/IGVFFI0811GPIX.h5ad
IGVFFI6200LSMN	processed	IGVFDS4809FUEM	C37	12	chromatin contact quantifications	bedpe	3719987636	9293c23e701e6c40d01b1a1e29df4c7d	https://api.data.igvf.org/tabular-files/IGVFFI6200LSMN/@@download/IGVFFI6200LSMN.bedpe.gz	s3://igvf-public/2026/01/28/e41af629-c837-44f2-8db2-8bc9f6181b06/IGVFFI6200LSMN.tsv.gz
IGVFFI3620AODR	processed	IGVFDS4809FUEM	C37	12	index	tbi	2148452	8bd2975c2443f4dd1b887d034e0956e5	https://api.data.igvf.org/index-files/IGVFFI3620AODR/@@download/IGVFFI3620AODR.tbi	s3://igvf-public/2026/03/26/90e58f2c-b7ce-404a-bf47-62f6275564b6/IGVFFI3620AODR.tbi
IGVFFI8941FALD	processed	IGVFDS4809FUEM	C37	12	methylation counts	tsv	155477661	138ee681e9c7ce92c30d660ffae1e383	https://api.data.igvf.org/tabular-files/IGVFFI8941FALD/@@download/IGVFFI8941FALD.tsv.gz	s3://igvf-public/2026/01/28/81a1200e-458c-409b-932d-2d0d8f956e4a/IGVFFI8941FALD.tsv.gz
IGVFFI3379WKBF	processed	IGVFDS4809FUEM	C37	12	per-cell quality report	tsv	329567	5fca49de236fb059056a1e0768bedbae	https://api.data.igvf.org/tabular-files/IGVFFI3379WKBF/@@download/IGVFFI3379WKBF.tsv.gz	s3://igvf-public/2026/07/31/ba44eceb-c96d-4fde-804d-533bc7209d87/IGVFFI3379WKBF.tsv.gz
IGVFFI3061PCAE	processed	IGVFDS8307IHSZ	C37	14	alignments	bam	68103645609	033715839108cd9ccead9db15862c3b4	https://api.data.igvf.org/alignment-files/IGVFFI3061PCAE/@@download/IGVFFI3061PCAE.bam	s3://igvf-public/2026/01/28/8cdce4a1-d776-477f-a593-824b03f2c86e/IGVFFI3061PCAE.bam
IGVFFI4155TSLW	processed	IGVFDS8307IHSZ	C37	14	cell by bin contact matrix	mcool	157629094	b77ead1b522c255b4afae8c9dfcf483d	https://api.data.igvf.org/matrix-files/IGVFFI4155TSLW/@@download/IGVFFI4155TSLW.mcool	s3://igvf-public/2026/01/28/35239f74-2b6d-4671-8fae-256bef485834/IGVFFI4155TSLW.mcool
IGVFFI1908HAPV	processed	IGVFDS8307IHSZ	C37	14	cell by bin methylation count matrix	h5ad	97962818	9baa3c456b30047a70a50f49a5f02569	https://api.data.igvf.org/matrix-files/IGVFFI1908HAPV/@@download/IGVFFI1908HAPV.h5ad	s3://igvf-public/2026/01/28/104ac35d-0669-45af-850c-1955ec82dd86/IGVFFI1908HAPV.h5ad
IGVFFI6687TODC	processed	IGVFDS8307IHSZ	C37	14	cell by position methylation count matrix	h5ad	13404034632	5e507f4339e9dc363cc972289fbfb924	https://api.data.igvf.org/matrix-files/IGVFFI6687TODC/@@download/IGVFFI6687TODC.h5ad	s3://igvf-public/2026/02/17/37f0d6be-fe9c-443f-8be1-06f0ec424876/IGVFFI6687TODC.h5ad
IGVFFI3498XSIE	processed	IGVFDS8307IHSZ	C37	14	chromatin contact quantifications	bedpe	5139632616	eaec645ae06243f8406394c998d6e2e3	https://api.data.igvf.org/tabular-files/IGVFFI3498XSIE/@@download/IGVFFI3498XSIE.bedpe.gz	s3://igvf-public/2026/01/28/c61e60a7-70d2-4f1d-8e68-c9d731a4257f/IGVFFI3498XSIE.tsv.gz
IGVFFI0430MMHW	processed	IGVFDS8307IHSZ	C37	14	index	tbi	2269703	a969fb014a0ffdd5dd7f016325470330	https://api.data.igvf.org/index-files/IGVFFI0430MMHW/@@download/IGVFFI0430MMHW.tbi	s3://igvf-public/2026/03/26/18dbdafd-67c2-457d-b412-b0847624a757/IGVFFI0430MMHW.tbi
IGVFFI4335POGL	processed	IGVFDS8307IHSZ	C37	14	methylation counts	tsv	158910715	edc22b837053f189b4c5f6b2ad38cee9	https://api.data.igvf.org/tabular-files/IGVFFI4335POGL/@@download/IGVFFI4335POGL.tsv.gz	s3://igvf-public/2026/01/28/1d2d730c-55c6-4f80-8c1f-9f57a010ffbf/IGVFFI4335POGL.tsv.gz
IGVFFI3412ZDQC	processed	IGVFDS8307IHSZ	C37	14	per-cell quality report	tsv	332547	99f309578b29b3a32d6da07877fd9940	https://api.data.igvf.org/tabular-files/IGVFFI3412ZDQC/@@download/IGVFFI3412ZDQC.tsv.gz	s3://igvf-public/2026/08/03/f85e5710-3fa9-481f-ab4f-6bd9ce5db406/IGVFFI3412ZDQC.tsv.gz
IGVFFI9097IFOS	processed	IGVFDS5878ILAJ	C37	1	alignments	bam	63790674864	ac790618e47a88512107e201879edec3	https://api.data.igvf.org/alignment-files/IGVFFI9097IFOS/@@download/IGVFFI9097IFOS.bam	s3://igvf-public/2026/01/28/b88ec828-b6d2-40ea-abeb-e347e82a9ccd/IGVFFI9097IFOS.bam
IGVFFI0181DLIZ	processed	IGVFDS5878ILAJ	C37	1	cell by bin contact matrix	mcool	167923895	8c8cbddbf0bc11c5a560f8d7b11fb29e	https://api.data.igvf.org/matrix-files/IGVFFI0181DLIZ/@@download/IGVFFI0181DLIZ.mcool	s3://igvf-public/2026/01/28/fc33849c-c507-4e3f-a7bb-dccc9b95cd26/IGVFFI0181DLIZ.mcool
IGVFFI9524HPXC	processed	IGVFDS5878ILAJ	C37	1	cell by bin methylation count matrix	h5ad	97958722	08430b3da848a9154802b071808a84cc	https://api.data.igvf.org/matrix-files/IGVFFI9524HPXC/@@download/IGVFFI9524HPXC.h5ad	s3://igvf-public/2026/01/28/092ffb7c-de55-40c8-a684-704cf4d2c529/IGVFFI9524HPXC.h5ad
IGVFFI9024JUMK	processed	IGVFDS5878ILAJ	C37	1	cell by position methylation count matrix	h5ad	12893050440	79a5b37b4b5af020ab78c44d09e24996	https://api.data.igvf.org/matrix-files/IGVFFI9024JUMK/@@download/IGVFFI9024JUMK.h5ad	s3://igvf-public/2026/02/17/70087ce3-e557-4ac8-a230-4d4a2d98b647/IGVFFI9024JUMK.h5ad
IGVFFI3719BWVE	processed	IGVFDS5878ILAJ	C37	1	chromatin contact quantifications	bedpe	5245672089	215b66817e700278c715d5d3408c2ec1	https://api.data.igvf.org/tabular-files/IGVFFI3719BWVE/@@download/IGVFFI3719BWVE.bedpe.gz	s3://igvf-public/2026/01/28/a9cac466-e59c-4136-b868-24a2196a7ea0/IGVFFI3719BWVE.tsv.gz
IGVFFI0091BWRU	processed	IGVFDS5878ILAJ	C37	1	index	tbi	2272102	058ab4d21444d8ef304e26a2e86d4179	https://api.data.igvf.org/index-files/IGVFFI0091BWRU/@@download/IGVFFI0091BWRU.tbi	s3://igvf-public/2026/03/26/f7558128-4f66-4649-ae4e-26eda8fea271/IGVFFI0091BWRU.tbi
IGVFFI6235GAOZ	processed	IGVFDS5878ILAJ	C37	1	methylation counts	tsv	157246096	01239dac3d3fba5a08b1c8060f8bfacd	https://api.data.igvf.org/tabular-files/IGVFFI6235GAOZ/@@download/IGVFFI6235GAOZ.tsv.gz	s3://igvf-public/2026/01/28/b5b1ed7b-ddee-4585-ae8a-aa4bb9772535/IGVFFI6235GAOZ.tsv.gz
IGVFFI4626FTAK	processed	IGVFDS5878ILAJ	C37	1	per-cell quality report	tsv	331298	2fb3d32320928c587856921c968c78e5	https://api.data.igvf.org/tabular-files/IGVFFI4626FTAK/@@download/IGVFFI4626FTAK.tsv.gz	s3://igvf-public/2026/07/31/b969ee0e-c2fa-4a2a-9926-9eb4a1b417db/IGVFFI4626FTAK.tsv.gz
IGVFFI2807OHVZ	processed	IGVFDS9551UYBE	C37	3	alignments	bam	53694700556	5559550e9296cb183e21614a35a764af	https://api.data.igvf.org/alignment-files/IGVFFI2807OHVZ/@@download/IGVFFI2807OHVZ.bam	s3://igvf-public/2026/01/28/2a6d4cec-24e2-4694-96b0-4a8346e4862b/IGVFFI2807OHVZ.bam
IGVFFI6857GGKC	processed	IGVFDS9551UYBE	C37	3	cell by bin contact matrix	mcool	138737472	ebbc16caf934a410256d7f6ca5fde7f3	https://api.data.igvf.org/matrix-files/IGVFFI6857GGKC/@@download/IGVFFI6857GGKC.mcool	s3://igvf-public/2026/01/28/15830240-7a6c-47c5-81cd-dc366bc48b76/IGVFFI6857GGKC.mcool
IGVFFI1454UAJK	processed	IGVFDS9551UYBE	C37	3	cell by bin methylation count matrix	h5ad	97958722	0be600d0b8c3f559445ea1192d3886fb	https://api.data.igvf.org/matrix-files/IGVFFI1454UAJK/@@download/IGVFFI1454UAJK.h5ad	s3://igvf-public/2026/01/28/c9602162-0b72-4355-b1b9-311bbcda725f/IGVFFI1454UAJK.h5ad
IGVFFI5294VRER	processed	IGVFDS9551UYBE	C37	3	cell by position methylation count matrix	h5ad	10964522568	4b0f4144d8b347152083c28dcd1cb63c	https://api.data.igvf.org/matrix-files/IGVFFI5294VRER/@@download/IGVFFI5294VRER.h5ad	s3://igvf-public/2026/02/17/54ad956a-ca7d-4f9e-826c-d08256db5de5/IGVFFI5294VRER.h5ad
IGVFFI5146EECH	processed	IGVFDS9551UYBE	C37	3	chromatin contact quantifications	bedpe	4088151620	d5a14f29dd3132c27cde0b84b391a14f	https://api.data.igvf.org/tabular-files/IGVFFI5146EECH/@@download/IGVFFI5146EECH.bedpe.gz	s3://igvf-public/2026/01/28/37fc507b-452d-485c-afc9-6a3f39a1ce5d/IGVFFI5146EECH.tsv.gz
IGVFFI9571QDNL	processed	IGVFDS9551UYBE	C37	3	index	tbi	2200060	6f5bd563ee1150b2519b0c48acc55893	https://api.data.igvf.org/index-files/IGVFFI9571QDNL/@@download/IGVFFI9571QDNL.tbi	s3://igvf-public/2026/03/26/a0f818d0-23b5-4b95-81a2-7ad8ee77fd57/IGVFFI9571QDNL.tbi
IGVFFI4976PBDY	processed	IGVFDS9551UYBE	C37	3	methylation counts	tsv	155590546	48f56bd3655a05fc2b1177d6c3458b1e	https://api.data.igvf.org/tabular-files/IGVFFI4976PBDY/@@download/IGVFFI4976PBDY.tsv.gz	s3://igvf-public/2026/01/28/0acb9b44-8786-4725-ab86-f3f08d3db5b3/IGVFFI4976PBDY.tsv.gz
IGVFFI7455JPIA	processed	IGVFDS9551UYBE	C37	3	per-cell quality report	tsv	329964	1090338c3c9d9628e3628790a16e9184	https://api.data.igvf.org/tabular-files/IGVFFI7455JPIA/@@download/IGVFFI7455JPIA.tsv.gz	s3://igvf-public/2026/07/31/a01131b4-63dc-4407-b84b-432e73665841/IGVFFI7455JPIA.tsv.gz
IGVFFI7766YMWV	processed	IGVFDS8031QCDA	C37	5	alignments	bam	60615432865	09c3af12b717333d892ce9faef9a4f5a	https://api.data.igvf.org/alignment-files/IGVFFI7766YMWV/@@download/IGVFFI7766YMWV.bam	s3://igvf-public/2026/01/28/3ff68ea0-c6f0-4e35-9c65-672335398c73/IGVFFI7766YMWV.bam
IGVFFI9432IPXG	processed	IGVFDS8031QCDA	C37	5	cell by bin contact matrix	mcool	176528981	f5cca86f4dc35c13c2c071240810d09c	https://api.data.igvf.org/matrix-files/IGVFFI9432IPXG/@@download/IGVFFI9432IPXG.mcool	s3://igvf-public/2026/01/28/ddbc9d3c-da60-451c-b123-245a8cc65dbc/IGVFFI9432IPXG.mcool
IGVFFI6311CXRO	processed	IGVFDS8031QCDA	C37	5	cell by bin methylation count matrix	h5ad	97958722	196a1f4b7c3e70038d831206660aea2d	https://api.data.igvf.org/matrix-files/IGVFFI6311CXRO/@@download/IGVFFI6311CXRO.h5ad	s3://igvf-public/2026/01/28/3c386a6c-9fc6-4c95-8f30-9cec493c4bae/IGVFFI6311CXRO.h5ad
IGVFFI7202POYR	processed	IGVFDS8031QCDA	C37	5	cell by position methylation count matrix	h5ad	11674703432	c5e9470ec8b5f9d57fb65b6b680b26e1	https://api.data.igvf.org/matrix-files/IGVFFI7202POYR/@@download/IGVFFI7202POYR.h5ad	s3://igvf-public/2026/02/17/9decb8ae-7ef7-4ec6-9e4c-e8f042df33c9/IGVFFI7202POYR.h5ad
IGVFFI8623REVS	processed	IGVFDS8031QCDA	C37	5	chromatin contact quantifications	bedpe	4546432990	da8f147406d27344547ca0c0c217301a	https://api.data.igvf.org/tabular-files/IGVFFI8623REVS/@@download/IGVFFI8623REVS.bedpe.gz	s3://igvf-public/2026/01/28/5d46b679-2c31-4b99-b9fe-3e5580c997ba/IGVFFI8623REVS.tsv.gz
IGVFFI1659TVOX	processed	IGVFDS8031QCDA	C37	5	index	tbi	2239672	69d43b41014efe5da3d316bdf9e215ee	https://api.data.igvf.org/index-files/IGVFFI1659TVOX/@@download/IGVFFI1659TVOX.tbi	s3://igvf-public/2026/03/26/3c0058b8-a423-4a46-9a42-e8e27f7e4e3b/IGVFFI1659TVOX.tbi
IGVFFI6635UQTJ	processed	IGVFDS8031QCDA	C37	5	methylation counts	tsv	156335955	79c2f3976558e593b22a2c6ad3839228	https://api.data.igvf.org/tabular-files/IGVFFI6635UQTJ/@@download/IGVFFI6635UQTJ.tsv.gz	s3://igvf-public/2026/01/28/520aeb22-d719-4a8d-958f-b384d76ccac2/IGVFFI6635UQTJ.tsv.gz
IGVFFI4705VWND	processed	IGVFDS8031QCDA	C37	5	per-cell quality report	tsv	314796	897671a11ae40f393c564f59bd95abf2	https://api.data.igvf.org/tabular-files/IGVFFI4705VWND/@@download/IGVFFI4705VWND.tsv.gz	s3://igvf-public/2026/07/31/f4dad991-bb74-4e42-a58b-6df5cdab9cfa/IGVFFI4705VWND.tsv.gz
IGVFFI5036WCYU	processed	IGVFDS1815HRAY	C37	7	alignments	bam	57488206924	72d7fa0474ee55c342759fbbe1b8efdb	https://api.data.igvf.org/alignment-files/IGVFFI5036WCYU/@@download/IGVFFI5036WCYU.bam	s3://igvf-public/2026/01/28/128a26b1-f0f6-493c-ac8d-669153215908/IGVFFI5036WCYU.bam
IGVFFI4900NTOV	processed	IGVFDS1815HRAY	C37	7	cell by bin contact matrix	mcool	158241983	8499d13008fe7a4e6b0174287a6ff697	https://api.data.igvf.org/matrix-files/IGVFFI4900NTOV/@@download/IGVFFI4900NTOV.mcool	s3://igvf-public/2026/01/28/01dac862-e733-4ae9-a91c-b7bcc8d2a1a3/IGVFFI4900NTOV.mcool
IGVFFI1779OOZS	processed	IGVFDS1815HRAY	C37	7	cell by bin methylation count matrix	h5ad	97958722	344c1a5508ed11a444100d48c20e4b06	https://api.data.igvf.org/matrix-files/IGVFFI1779OOZS/@@download/IGVFFI1779OOZS.h5ad	s3://igvf-public/2026/01/28/b35b7cbb-ddeb-4a48-b8d4-98f66ee55c44/IGVFFI1779OOZS.h5ad
IGVFFI7343MSRV	processed	IGVFDS1815HRAY	C37	7	cell by position methylation count matrix	h5ad	11189278280	d08155d54d3b502be76445084d4450d6	https://api.data.igvf.org/matrix-files/IGVFFI7343MSRV/@@download/IGVFFI7343MSRV.h5ad	s3://igvf-public/2026/02/17/e33cefe9-aa61-440e-8bcb-269cf4f4006b/IGVFFI7343MSRV.h5ad
IGVFFI3273XTSW	processed	IGVFDS1815HRAY	C37	7	chromatin contact quantifications	bedpe	4249823136	8b78abde678f29a925dec353978dbbf2	https://api.data.igvf.org/tabular-files/IGVFFI3273XTSW/@@download/IGVFFI3273XTSW.bedpe.gz	s3://igvf-public/2026/01/28/76d84969-ecbc-477a-8f80-dc92801ce6af/IGVFFI3273XTSW.tsv.gz
IGVFFI8403LRZL	processed	IGVFDS1815HRAY	C37	7	index	tbi	2216253	91f7de6a42a017ac79cd01a87d397bc6	https://api.data.igvf.org/index-files/IGVFFI8403LRZL/@@download/IGVFFI8403LRZL.tbi	s3://igvf-public/2026/03/26/e9235b4d-e93a-4882-8290-6b74f73b6564/IGVFFI8403LRZL.tbi
IGVFFI0251SASS	processed	IGVFDS1815HRAY	C37	7	methylation counts	tsv	156588263	94248d937edeb41e73ef1dfba649d890	https://api.data.igvf.org/tabular-files/IGVFFI0251SASS/@@download/IGVFFI0251SASS.tsv.gz	s3://igvf-public/2026/01/28/941025c9-d21b-4749-b9a5-59c836df602c/IGVFFI0251SASS.tsv.gz
IGVFFI2009SMNP	processed	IGVFDS1815HRAY	C37	7	per-cell quality report	tsv	315693	7105d02ef1bc33467443785643d550da	https://api.data.igvf.org/tabular-files/IGVFFI2009SMNP/@@download/IGVFFI2009SMNP.tsv.gz	s3://igvf-public/2026/07/31/0f74389f-cb8b-4091-8e15-99f4be862d8d/IGVFFI2009SMNP.tsv.gz
IGVFFI2222XJNB	processed	IGVFDS0537ZNOZ	C37	9	alignments	bam	47710374501	120d8b6f3093557c04282164928d75d1	https://api.data.igvf.org/alignment-files/IGVFFI2222XJNB/@@download/IGVFFI2222XJNB.bam	s3://igvf-public/2026/01/28/327d0655-a7a3-40a2-8339-4cb2b22d06df/IGVFFI2222XJNB.bam
IGVFFI8661FNBT	processed	IGVFDS0537ZNOZ	C37	9	cell by bin contact matrix	mcool	112155664	e03910bad3fe59368571172920c1f7d1	https://api.data.igvf.org/matrix-files/IGVFFI8661FNBT/@@download/IGVFFI8661FNBT.mcool	s3://igvf-public/2026/01/28/8860c73d-5b4c-4da4-a058-7e2282f6796b/IGVFFI8661FNBT.mcool
IGVFFI9806JDTR	processed	IGVFDS0537ZNOZ	C37	9	cell by bin methylation count matrix	h5ad	97958722	8d60b4ae7f218924dd0d74ecea43dd56	https://api.data.igvf.org/matrix-files/IGVFFI9806JDTR/@@download/IGVFFI9806JDTR.h5ad	s3://igvf-public/2026/01/28/4382f80e-228b-4d76-848e-9ee767b04cad/IGVFFI9806JDTR.h5ad
IGVFFI6258TMKH	processed	IGVFDS0537ZNOZ	C37	9	cell by position methylation count matrix	h5ad	9421630184	24545f75749d7fb266b5af0bf6d983b5	https://api.data.igvf.org/matrix-files/IGVFFI6258TMKH/@@download/IGVFFI6258TMKH.h5ad	s3://igvf-public/2026/02/17/edc93adb-b378-440b-bf3d-eeea3b3e47ed/IGVFFI6258TMKH.h5ad
IGVFFI8952DRVW	processed	IGVFDS0537ZNOZ	C37	9	chromatin contact quantifications	bedpe	3648477821	7ae14fa91ab6d913c5875af495097879	https://api.data.igvf.org/tabular-files/IGVFFI8952DRVW/@@download/IGVFFI8952DRVW.bedpe.gz	s3://igvf-public/2026/01/28/970f2fb7-ba4a-4f27-966c-5124d886c1c2/IGVFFI8952DRVW.tsv.gz
IGVFFI2448XODL	processed	IGVFDS0537ZNOZ	C37	9	index	tbi	2135795	d409f35d5e5110eae60d1bfedc5049e0	https://api.data.igvf.org/index-files/IGVFFI2448XODL/@@download/IGVFFI2448XODL.tbi	s3://igvf-public/2026/03/26/af02fee7-fe6e-407b-abe2-45dbcd99470e/IGVFFI2448XODL.tbi
IGVFFI1392JYCH	processed	IGVFDS0537ZNOZ	C37	9	methylation counts	tsv	152978444	b483f76bde5ec8105fc9150d47671d9a	https://api.data.igvf.org/tabular-files/IGVFFI1392JYCH/@@download/IGVFFI1392JYCH.tsv.gz	s3://igvf-public/2026/01/28/ced3c6f8-b700-4c38-a544-e2f57260543d/IGVFFI1392JYCH.tsv.gz
IGVFFI4904ATKB	processed	IGVFDS0537ZNOZ	C37	9	per-cell quality report	tsv	312619	a7908b432dbbae79eada95b3ed30c080	https://api.data.igvf.org/tabular-files/IGVFFI4904ATKB/@@download/IGVFFI4904ATKB.tsv.gz	s3://igvf-public/2026/07/31/af7fb4a2-591d-49d5-a15f-8b7f93603ad0/IGVFFI4904ATKB.tsv.gz
IGVFFI0033ARKT	processed	IGVFDS7180OQIN	C38	0	alignments	bam	48961307814	1dcfe718fcd53e29143081c40eb8fe3a	https://api.data.igvf.org/alignment-files/IGVFFI0033ARKT/@@download/IGVFFI0033ARKT.bam	s3://igvf-public/2026/01/28/a7cbaa55-66cf-4e68-8195-204b62a3a54b/IGVFFI0033ARKT.bam
IGVFFI4263XRLZ	processed	IGVFDS7180OQIN	C38	0	cell by bin contact matrix	mcool	111234645	efd50034de0477aec02cbf85d943bbfc	https://api.data.igvf.org/matrix-files/IGVFFI4263XRLZ/@@download/IGVFFI4263XRLZ.mcool	s3://igvf-public/2026/01/28/24c74f42-db26-4ee3-b8ef-344ee8bad3f2/IGVFFI4263XRLZ.mcool
IGVFFI6011GVEH	processed	IGVFDS7180OQIN	C38	0	cell by bin methylation count matrix	h5ad	97958722	c77cca54f62f89aa485f9b941bc8e548	https://api.data.igvf.org/matrix-files/IGVFFI6011GVEH/@@download/IGVFFI6011GVEH.h5ad	s3://igvf-public/2026/01/28/f76e48ec-db8d-43df-8169-84b950fea4d8/IGVFFI6011GVEH.h5ad
IGVFFI2109EQDM	processed	IGVFDS7180OQIN	C38	0	cell by position methylation count matrix	h5ad	9494178536	859546fcb218a94d2555ccc786c4685a	https://api.data.igvf.org/matrix-files/IGVFFI2109EQDM/@@download/IGVFFI2109EQDM.h5ad	s3://igvf-public/2026/02/17/cc9b4ae8-1e8a-46ac-865f-91fd0a540d82/IGVFFI2109EQDM.h5ad
IGVFFI7396ZMLF	processed	IGVFDS7180OQIN	C38	0	chromatin contact quantifications	bedpe	3745601450	459cc94ca84810fcf1526f4de8666e0c	https://api.data.igvf.org/tabular-files/IGVFFI7396ZMLF/@@download/IGVFFI7396ZMLF.bedpe.gz	s3://igvf-public/2026/01/28/82bd94eb-718a-460e-a459-94897cd43091/IGVFFI7396ZMLF.tsv.gz
IGVFFI4642AAMM	processed	IGVFDS7180OQIN	C38	0	index	tbi	2150625	f5caf781724a42c7c1174eec5db2c271	https://api.data.igvf.org/index-files/IGVFFI4642AAMM/@@download/IGVFFI4642AAMM.tbi	s3://igvf-public/2026/03/26/209f1446-04c3-4125-88a3-4636cfdce7b6/IGVFFI4642AAMM.tbi
IGVFFI1404ITGC	processed	IGVFDS7180OQIN	C38	0	methylation counts	tsv	152582330	2d4f591f80f545c137d3e00f8da2961a	https://api.data.igvf.org/tabular-files/IGVFFI1404ITGC/@@download/IGVFFI1404ITGC.tsv.gz	s3://igvf-public/2026/01/28/78b14d35-dab9-4815-99ac-6e0bab15c816/IGVFFI1404ITGC.tsv.gz
IGVFFI2500BNBA	processed	IGVFDS7180OQIN	C38	0	per-cell quality report	tsv	313787	b8fbcef11dae0af8fcebfc9576bd5417	https://api.data.igvf.org/tabular-files/IGVFFI2500BNBA/@@download/IGVFFI2500BNBA.tsv.gz	s3://igvf-public/2026/07/31/87359b3d-f7d3-4b2d-89dc-f78f85d86fa9/IGVFFI2500BNBA.tsv.gz
IGVFFI6184XWHW	processed	IGVFDS3033QDGY	C38	12	alignments	bam	59424594087	7df438f36238e77ae7af8fb5f02b6fce	https://api.data.igvf.org/alignment-files/IGVFFI6184XWHW/@@download/IGVFFI6184XWHW.bam	s3://igvf-public/2026/01/28/2e3df474-4fff-41af-a655-17d8e1046128/IGVFFI6184XWHW.bam
IGVFFI0684FKAF	processed	IGVFDS3033QDGY	C38	12	cell by bin contact matrix	mcool	177498959	5f35de7344518d0f9b5a1c7a1857b8da	https://api.data.igvf.org/matrix-files/IGVFFI0684FKAF/@@download/IGVFFI0684FKAF.mcool	s3://igvf-public/2026/01/28/a7be56e0-455d-4a47-9d64-5d0f91de0843/IGVFFI0684FKAF.mcool
IGVFFI3141BEIO	processed	IGVFDS3033QDGY	C38	12	cell by bin methylation count matrix	h5ad	97958722	1bf4b4789764ab9ae6d3b5195e734268	https://api.data.igvf.org/matrix-files/IGVFFI3141BEIO/@@download/IGVFFI3141BEIO.h5ad	s3://igvf-public/2026/01/28/5b73ae4a-b9a5-4b47-a211-e428e03bb3c1/IGVFFI3141BEIO.h5ad
IGVFFI0620CKMY	processed	IGVFDS3033QDGY	C38	12	cell by position methylation count matrix	h5ad	11398075976	d7cd043586b77be691ab6cfb685e95e9	https://api.data.igvf.org/matrix-files/IGVFFI0620CKMY/@@download/IGVFFI0620CKMY.h5ad	s3://igvf-public/2026/02/17/e6d172d3-dbea-48be-84d9-aca286940e53/IGVFFI0620CKMY.h5ad
IGVFFI2226QPWY	processed	IGVFDS3033QDGY	C38	12	chromatin contact quantifications	bedpe	4584776977	e25e677faa9a679fab84d627d3d95359	https://api.data.igvf.org/tabular-files/IGVFFI2226QPWY/@@download/IGVFFI2226QPWY.bedpe.gz	s3://igvf-public/2026/01/28/fb336666-af51-4707-8006-27d878970ba0/IGVFFI2226QPWY.tsv.gz
IGVFFI1978LCYE	processed	IGVFDS3033QDGY	C38	12	index	tbi	2243910	0f3c8acf9a5a2cf152ea761537566b54	https://api.data.igvf.org/index-files/IGVFFI1978LCYE/@@download/IGVFFI1978LCYE.tbi	s3://igvf-public/2026/03/26/6ce28122-1747-44c3-94d8-c8f1d51c9fd2/IGVFFI1978LCYE.tbi
IGVFFI1830ZUEA	processed	IGVFDS3033QDGY	C38	12	methylation counts	tsv	156862301	9b498ebf3a461483d63ae6b8f3e7fb96	https://api.data.igvf.org/tabular-files/IGVFFI1830ZUEA/@@download/IGVFFI1830ZUEA.tsv.gz	s3://igvf-public/2026/01/28/e853aaa3-4053-4fa4-9f7a-2cabc9cb35f9/IGVFFI1830ZUEA.tsv.gz
IGVFFI3650VAEV	processed	IGVFDS3033QDGY	C38	12	per-cell quality report	tsv	314665	b6e66dd8d1fa7eace4cc1d353c18bee7	https://api.data.igvf.org/tabular-files/IGVFFI3650VAEV/@@download/IGVFFI3650VAEV.tsv.gz	s3://igvf-public/2026/07/31/576abda9-d1d4-4f0c-b14f-b42387a65705/IGVFFI3650VAEV.tsv.gz
IGVFFI2499GUNF	processed	IGVFDS6644XMIF	C38	14	alignments	bam	51866736592	e214ffd9d7e147f74cde6bfd82d01287	https://api.data.igvf.org/alignment-files/IGVFFI2499GUNF/@@download/IGVFFI2499GUNF.bam	s3://igvf-public/2026/01/28/db0008fa-a081-411e-b960-314aae717f7c/IGVFFI2499GUNF.bam
IGVFFI4529LOLF	processed	IGVFDS6644XMIF	C38	14	cell by bin contact matrix	mcool	116386852	5a86f7f7c3a3f809dae65d2b400abfb3	https://api.data.igvf.org/matrix-files/IGVFFI4529LOLF/@@download/IGVFFI4529LOLF.mcool	s3://igvf-public/2026/01/28/87c6e816-8dae-4988-972d-881159bf47fa/IGVFFI4529LOLF.mcool
IGVFFI1653CSWL	processed	IGVFDS6644XMIF	C38	14	cell by bin methylation count matrix	h5ad	97958722	18f21601006b2fe57348e923ddb8199d	https://api.data.igvf.org/matrix-files/IGVFFI1653CSWL/@@download/IGVFFI1653CSWL.h5ad	s3://igvf-public/2026/01/28/63820f3f-04bd-4db8-9e8a-1d82b008ea05/IGVFFI1653CSWL.h5ad
IGVFFI2571QMOZ	processed	IGVFDS6644XMIF	C38	14	cell by position methylation count matrix	h5ad	10175064808	85c2075c2df3625467ba12173b9601b6	https://api.data.igvf.org/matrix-files/IGVFFI2571QMOZ/@@download/IGVFFI2571QMOZ.h5ad	s3://igvf-public/2026/02/17/e85e6e3d-355c-4f2e-b4c2-57264e973a9b/IGVFFI2571QMOZ.h5ad
IGVFFI1024BYCQ	processed	IGVFDS6644XMIF	C38	14	chromatin contact quantifications	bedpe	3717282774	b46acb00219f78e60a8c90cae52c19b6	https://api.data.igvf.org/tabular-files/IGVFFI1024BYCQ/@@download/IGVFFI1024BYCQ.bedpe.gz	s3://igvf-public/2026/01/28/3a537658-3506-4ed6-a9be-5a413d607b2e/IGVFFI1024BYCQ.tsv.gz
IGVFFI8883BSZZ	processed	IGVFDS6644XMIF	C38	14	index	tbi	2147900	7467770b7552836f478d35d8a6e0bf4b	https://api.data.igvf.org/index-files/IGVFFI8883BSZZ/@@download/IGVFFI8883BSZZ.tbi	s3://igvf-public/2026/03/26/d3095035-76bc-445d-8fbb-b4511c907cb7/IGVFFI8883BSZZ.tbi
IGVFFI0792WBWA	processed	IGVFDS6644XMIF	C38	14	methylation counts	tsv	154642000	b38e597b2fdfd478958237f772311805	https://api.data.igvf.org/tabular-files/IGVFFI0792WBWA/@@download/IGVFFI0792WBWA.tsv.gz	s3://igvf-public/2026/01/28/7d0d5a1c-7c27-4f1b-b19b-f70f16c4860f/IGVFFI0792WBWA.tsv.gz
IGVFFI1394SKCL	processed	IGVFDS6644XMIF	C38	14	per-cell quality report	tsv	314355	e910d375aac4f1da947a5e2f3d356ca0	https://api.data.igvf.org/tabular-files/IGVFFI1394SKCL/@@download/IGVFFI1394SKCL.tsv.gz	s3://igvf-public/2026/08/03/1ebf8ed1-8604-41eb-97ee-42cd3a87d4a0/IGVFFI1394SKCL.tsv.gz
IGVFFI4146XDHB	processed	IGVFDS3263QXPN	C38	1	alignments	bam	55445194189	6757854f87ff92175d705b50555a5c77	https://api.data.igvf.org/alignment-files/IGVFFI4146XDHB/@@download/IGVFFI4146XDHB.bam	s3://igvf-public/2026/01/28/8d0bacd4-fced-46c1-857e-fce8b4bf585c/IGVFFI4146XDHB.bam
IGVFFI5959WGPA	processed	IGVFDS3263QXPN	C38	1	cell by bin contact matrix	mcool	167687710	9acf4bbdea90d7499cd7e14b16f0dd76	https://api.data.igvf.org/matrix-files/IGVFFI5959WGPA/@@download/IGVFFI5959WGPA.mcool	s3://igvf-public/2026/01/28/85878bbe-187b-4e34-b0f4-dd53564eefa1/IGVFFI5959WGPA.mcool
IGVFFI5080LVST	processed	IGVFDS3263QXPN	C38	1	cell by bin methylation count matrix	h5ad	97958722	f2ce31bbd5ea170d7cf7057cb59fce24	https://api.data.igvf.org/matrix-files/IGVFFI5080LVST/@@download/IGVFFI5080LVST.h5ad	s3://igvf-public/2026/01/28/16180951-e001-4c58-8c78-d78195397d5e/IGVFFI5080LVST.h5ad
IGVFFI9047IEWT	processed	IGVFDS3263QXPN	C38	1	cell by position methylation count matrix	h5ad	10877228616	c42c7440110aaf64ca79df2392c21395	https://api.data.igvf.org/matrix-files/IGVFFI9047IEWT/@@download/IGVFFI9047IEWT.h5ad	s3://igvf-public/2026/02/17/4f3d4665-9825-4c5d-915e-aa2ffe4530d0/IGVFFI9047IEWT.h5ad
IGVFFI1693TKLI	processed	IGVFDS3263QXPN	C38	1	chromatin contact quantifications	bedpe	4290596176	500b98baa9c2eb51ce8854a965bef577	https://api.data.igvf.org/tabular-files/IGVFFI1693TKLI/@@download/IGVFFI1693TKLI.bedpe.gz	s3://igvf-public/2026/01/28/a4c84477-0b1a-4205-a72e-a825b7632d9e/IGVFFI1693TKLI.tsv.gz
IGVFFI3818UYMB	processed	IGVFDS3263QXPN	C38	1	index	tbi	2220664	c0df4f43079c50e4c7dbb030cc886cb1	https://api.data.igvf.org/index-files/IGVFFI3818UYMB/@@download/IGVFFI3818UYMB.tbi	s3://igvf-public/2026/03/26/f1955706-ac92-4b6f-a215-922918f543e1/IGVFFI3818UYMB.tbi
IGVFFI7784NXTX	processed	IGVFDS3263QXPN	C38	1	methylation counts	tsv	155602044	9fba5ef8a5e033c3d1c8784832c48495	https://api.data.igvf.org/tabular-files/IGVFFI7784NXTX/@@download/IGVFFI7784NXTX.tsv.gz	s3://igvf-public/2026/01/28/94e912d2-67f6-4011-a81c-a2e7479eb1ff/IGVFFI7784NXTX.tsv.gz
IGVFFI7879ECLT	processed	IGVFDS3263QXPN	C38	1	per-cell quality report	tsv	329662	19ed23ccf89697e279e247cf97c5d7c0	https://api.data.igvf.org/tabular-files/IGVFFI7879ECLT/@@download/IGVFFI7879ECLT.tsv.gz	s3://igvf-public/2026/07/31/5a106717-6027-4e15-9700-61d28c777be0/IGVFFI7879ECLT.tsv.gz
IGVFFI5787HUPL	processed	IGVFDS5099GDWA	C38	3	alignments	bam	60950583165	e0ee1f2ee4c192075013a9eb2318e37c	https://api.data.igvf.org/alignment-files/IGVFFI5787HUPL/@@download/IGVFFI5787HUPL.bam	s3://igvf-public/2026/01/28/7dd0227f-2604-4f65-9f3c-4ab123c32966/IGVFFI5787HUPL.bam
IGVFFI3083SDJJ	processed	IGVFDS5099GDWA	C38	3	cell by bin contact matrix	mcool	159631971	2a20aa23737bc8ceaf4baf8c536b6b72	https://api.data.igvf.org/matrix-files/IGVFFI3083SDJJ/@@download/IGVFFI3083SDJJ.mcool	s3://igvf-public/2026/01/28/a0885fa6-0a1c-4288-896c-c68d88128add/IGVFFI3083SDJJ.mcool
IGVFFI6617OUXG	processed	IGVFDS5099GDWA	C38	3	cell by bin methylation count matrix	h5ad	97958722	1e28189df2c5249405813912bfe4c5b2	https://api.data.igvf.org/matrix-files/IGVFFI6617OUXG/@@download/IGVFFI6617OUXG.h5ad	s3://igvf-public/2026/01/28/598ce898-1bd2-48a3-9be1-1799cea3fece/IGVFFI6617OUXG.h5ad
IGVFFI6286WUXT	processed	IGVFDS5099GDWA	C38	3	cell by position methylation count matrix	h5ad	12061791816	af176109a6f1f04c3115cf4b7f77746f	https://api.data.igvf.org/matrix-files/IGVFFI6286WUXT/@@download/IGVFFI6286WUXT.h5ad	s3://igvf-public/2026/02/17/09ba7678-c1d9-4df5-852f-51cf32108259/IGVFFI6286WUXT.h5ad
IGVFFI7433LWDZ	processed	IGVFDS5099GDWA	C38	3	chromatin contact quantifications	bedpe	5024152530	85cb87db8e12e6a2bbf57e11089f5df3	https://api.data.igvf.org/tabular-files/IGVFFI7433LWDZ/@@download/IGVFFI7433LWDZ.bedpe.gz	s3://igvf-public/2026/01/28/c1fc3ee2-fa44-453b-a5f0-6443875e8d39/IGVFFI7433LWDZ.tsv.gz
IGVFFI0062BAOO	processed	IGVFDS5099GDWA	C38	3	index	tbi	2264320	af14185b5ffc04dafc4cc4445f1b009c	https://api.data.igvf.org/index-files/IGVFFI0062BAOO/@@download/IGVFFI0062BAOO.tbi	s3://igvf-public/2026/03/26/4b5a44c6-afcc-495b-9818-ae15b59048fc/IGVFFI0062BAOO.tbi
IGVFFI9879VRBH	processed	IGVFDS5099GDWA	C38	3	methylation counts	tsv	158026557	4752755445d8a1828d8580058eb0d43b	https://api.data.igvf.org/tabular-files/IGVFFI9879VRBH/@@download/IGVFFI9879VRBH.tsv.gz	s3://igvf-public/2026/01/28/affa68e6-bfac-4dda-bddf-dfefaf47f7ac/IGVFFI9879VRBH.tsv.gz
IGVFFI9984WVGC	processed	IGVFDS5099GDWA	C38	3	per-cell quality report	tsv	331118	e4a54a02f5b4c850a7eec2835ad2d132	https://api.data.igvf.org/tabular-files/IGVFFI9984WVGC/@@download/IGVFFI9984WVGC.tsv.gz	s3://igvf-public/2026/07/31/2c37e1ae-bdb5-4079-9b83-fc247cc7bb60/IGVFFI9984WVGC.tsv.gz
IGVFFI4383NLKC	processed	IGVFDS3848GJOJ	C38	5	alignments	bam	53878746729	684d19c197f9240abfb680a967a78c00	https://api.data.igvf.org/alignment-files/IGVFFI4383NLKC/@@download/IGVFFI4383NLKC.bam	s3://igvf-public/2026/01/28/f2f10fdc-9d58-45bd-9bbe-04ec64786742/IGVFFI4383NLKC.bam
IGVFFI2355QWSB	processed	IGVFDS3848GJOJ	C38	5	cell by bin contact matrix	mcool	125879785	b4c9030b7dbb2957b1e7cf48a701de73	https://api.data.igvf.org/matrix-files/IGVFFI2355QWSB/@@download/IGVFFI2355QWSB.mcool	s3://igvf-public/2026/01/28/64de2087-4cbe-41f4-929a-55406dfa54ad/IGVFFI2355QWSB.mcool
IGVFFI4083DOQV	processed	IGVFDS3848GJOJ	C38	5	cell by bin methylation count matrix	h5ad	97958722	a861122542befec9e8e077b815435219	https://api.data.igvf.org/matrix-files/IGVFFI4083DOQV/@@download/IGVFFI4083DOQV.h5ad	s3://igvf-public/2026/01/28/c9b70cf8-9798-4f63-95ab-7e3afad899c1/IGVFFI4083DOQV.h5ad
IGVFFI9794XDCH	processed	IGVFDS3848GJOJ	C38	5	cell by position methylation count matrix	h5ad	10176637672	735398d1c9c7ff42fb66e80c0461c7a0	https://api.data.igvf.org/matrix-files/IGVFFI9794XDCH/@@download/IGVFFI9794XDCH.h5ad	s3://igvf-public/2026/02/17/421e552a-affc-4d1f-91e4-a07757da84c4/IGVFFI9794XDCH.h5ad
IGVFFI9144AWGN	processed	IGVFDS3848GJOJ	C38	5	chromatin contact quantifications	bedpe	3967524799	8568104969808a25f7f6bac0aebf020b	https://api.data.igvf.org/tabular-files/IGVFFI9144AWGN/@@download/IGVFFI9144AWGN.bedpe.gz	s3://igvf-public/2026/01/28/38b8f704-bacb-491d-87d1-be3b0bd06cd8/IGVFFI9144AWGN.tsv.gz
IGVFFI8586QPQL	processed	IGVFDS3848GJOJ	C38	5	index	tbi	2184177	10d276a4a107a131e27853d393d414a4	https://api.data.igvf.org/index-files/IGVFFI8586QPQL/@@download/IGVFFI8586QPQL.tbi	s3://igvf-public/2026/03/26/b7bf3399-8a94-4ad5-be38-0f1888b3aed5/IGVFFI8586QPQL.tbi
IGVFFI3900EJYF	processed	IGVFDS3848GJOJ	C38	5	methylation counts	tsv	154675413	e60aabb46b19a52eaeec594145fb2bf4	https://api.data.igvf.org/tabular-files/IGVFFI3900EJYF/@@download/IGVFFI3900EJYF.tsv.gz	s3://igvf-public/2026/01/28/8bc309d4-ebe7-4794-9886-02979c1e7fea/IGVFFI3900EJYF.tsv.gz
IGVFFI8659LYEP	processed	IGVFDS3848GJOJ	C38	5	per-cell quality report	tsv	314420	eeadee949da325f91c36fe3be7c775b8	https://api.data.igvf.org/tabular-files/IGVFFI8659LYEP/@@download/IGVFFI8659LYEP.tsv.gz	s3://igvf-public/2026/07/31/54069640-1ec4-4a1e-9504-90711464602e/IGVFFI8659LYEP.tsv.gz
IGVFFI0321RHTT	processed	IGVFDS3824DKDI	C38	7	alignments	bam	61715451561	77f126f3c2952a2a0318021edfdbc893	https://api.data.igvf.org/alignment-files/IGVFFI0321RHTT/@@download/IGVFFI0321RHTT.bam	s3://igvf-public/2026/01/28/f2bea9a5-5adb-4b94-bd98-9c5a93fa1bb7/IGVFFI0321RHTT.bam
IGVFFI2220IFSF	processed	IGVFDS3824DKDI	C38	7	cell by bin contact matrix	mcool	185176931	3c60506e686e398c7f0c7e5e689ad63e	https://api.data.igvf.org/matrix-files/IGVFFI2220IFSF/@@download/IGVFFI2220IFSF.mcool	s3://igvf-public/2026/01/28/56c93dbb-3796-4367-95e2-1245a0b51bca/IGVFFI2220IFSF.mcool
IGVFFI8881WKMV	processed	IGVFDS3824DKDI	C38	7	cell by bin methylation count matrix	h5ad	97958722	d46b46f1aa80dabe22da4ea98e92c8ac	https://api.data.igvf.org/matrix-files/IGVFFI8881WKMV/@@download/IGVFFI8881WKMV.h5ad	s3://igvf-public/2026/01/28/57e98d57-9976-4afd-a8c2-260c051437d4/IGVFFI8881WKMV.h5ad
IGVFFI7198PIGR	processed	IGVFDS3824DKDI	C38	7	cell by position methylation count matrix	h5ad	11621389896	bcf1d9a76f20d3308e0f0f2f422f5c90	https://api.data.igvf.org/matrix-files/IGVFFI7198PIGR/@@download/IGVFFI7198PIGR.h5ad	s3://igvf-public/2026/02/17/98f34c18-1636-4702-9051-1236c9816398/IGVFFI7198PIGR.h5ad
IGVFFI9502YONT	processed	IGVFDS3824DKDI	C38	7	chromatin contact quantifications	bedpe	4736751409	e8728950710f0af1bdb74a8be2a1d72c	https://api.data.igvf.org/tabular-files/IGVFFI9502YONT/@@download/IGVFFI9502YONT.bedpe.gz	s3://igvf-public/2026/01/28/585465a9-850c-4a97-9647-afc9cb466219/IGVFFI9502YONT.tsv.gz
IGVFFI4936HAUX	processed	IGVFDS3824DKDI	C38	7	index	tbi	2252266	beddc89c1e6857f87dedaa71df5aab02	https://api.data.igvf.org/index-files/IGVFFI4936HAUX/@@download/IGVFFI4936HAUX.tbi	s3://igvf-public/2026/03/26/b910295d-d4c6-4a24-b77b-97faa5a99a37/IGVFFI4936HAUX.tbi
IGVFFI4764DHKL	processed	IGVFDS3824DKDI	C38	7	methylation counts	tsv	157843340	065fda5bca42501d75cf14b0e47329a0	https://api.data.igvf.org/tabular-files/IGVFFI4764DHKL/@@download/IGVFFI4764DHKL.tsv.gz	s3://igvf-public/2026/01/28/2f68c932-1990-42ef-9970-fe05f1bb7875/IGVFFI4764DHKL.tsv.gz
IGVFFI4074BZPH	processed	IGVFDS3824DKDI	C38	7	per-cell quality report	tsv	331200	600dc92b3473ff1bcabd418865f3a149	https://api.data.igvf.org/tabular-files/IGVFFI4074BZPH/@@download/IGVFFI4074BZPH.tsv.gz	s3://igvf-public/2026/07/31/00b34e33-d481-48d2-85eb-ca17b10eb3d3/IGVFFI4074BZPH.tsv.gz
IGVFFI8540HFOK	processed	IGVFDS5022RJMW	C38	9	alignments	bam	52005151540	3919dac4ad986cacf5de03c5b113cb8a	https://api.data.igvf.org/alignment-files/IGVFFI8540HFOK/@@download/IGVFFI8540HFOK.bam	s3://igvf-public/2026/01/28/73ddfdcf-7ea7-441f-8cc5-a4ea7c103b7c/IGVFFI8540HFOK.bam
IGVFFI5138PWFF	processed	IGVFDS5022RJMW	C38	9	cell by bin contact matrix	mcool	142385352	53278749b5725ae7c84f57bc4ffca3b4	https://api.data.igvf.org/matrix-files/IGVFFI5138PWFF/@@download/IGVFFI5138PWFF.mcool	s3://igvf-public/2026/01/28/f39b093c-1f41-42c9-bd35-275f419ca428/IGVFFI5138PWFF.mcool
IGVFFI0650ESGK	processed	IGVFDS5022RJMW	C38	9	cell by bin methylation count matrix	h5ad	97958722	5b29e3886360a5ffd958f76b0d7e9caf	https://api.data.igvf.org/matrix-files/IGVFFI0650ESGK/@@download/IGVFFI0650ESGK.h5ad	s3://igvf-public/2026/01/28/5f01f0a7-5cd9-4134-bff5-c9f7da9dd395/IGVFFI0650ESGK.h5ad
IGVFFI8781TQQQ	processed	IGVFDS5022RJMW	C38	9	cell by position methylation count matrix	h5ad	10271086152	dbadf0f88c3a5cb4728233dce4b40b78	https://api.data.igvf.org/matrix-files/IGVFFI8781TQQQ/@@download/IGVFFI8781TQQQ.h5ad	s3://igvf-public/2026/02/17/01608c6b-ddc7-4476-9eb4-e3af72b6aa9a/IGVFFI8781TQQQ.h5ad
IGVFFI9149FSBA	processed	IGVFDS5022RJMW	C38	9	chromatin contact quantifications	bedpe	3927985011	489d0f3f9bf3469772716c49acae1a02	https://api.data.igvf.org/tabular-files/IGVFFI9149FSBA/@@download/IGVFFI9149FSBA.bedpe.gz	s3://igvf-public/2026/01/28/f0615b7f-b35d-4af3-805f-110bd3fca576/IGVFFI9149FSBA.tsv.gz
IGVFFI1351BMEC	processed	IGVFDS5022RJMW	C38	9	index	tbi	2177989	da44c9cb45e7b767da6e3900f6dd5628	https://api.data.igvf.org/index-files/IGVFFI1351BMEC/@@download/IGVFFI1351BMEC.tbi	s3://igvf-public/2026/03/26/8143d9bd-1a1d-440c-86e2-3736f98a1a6c/IGVFFI1351BMEC.tbi
IGVFFI7710AOFL	processed	IGVFDS5022RJMW	C38	9	methylation counts	tsv	154785129	35a7c9e4fe7a45503df4aa1568ed43cf	https://api.data.igvf.org/tabular-files/IGVFFI7710AOFL/@@download/IGVFFI7710AOFL.tsv.gz	s3://igvf-public/2026/01/28/30cf5956-3dfa-4c7a-a381-9dd6e7162473/IGVFFI7710AOFL.tsv.gz
IGVFFI8157UVIR	processed	IGVFDS5022RJMW	C38	9	per-cell quality report	tsv	329333	37378f6711cdaff1c5f6f28035398820	https://api.data.igvf.org/tabular-files/IGVFFI8157UVIR/@@download/IGVFFI8157UVIR.tsv.gz	s3://igvf-public/2026/07/31/a52a493c-829d-4249-8135-70d3f58364bc/IGVFFI8157UVIR.tsv.gz
IGVFFI2136RBZT	processed	IGVFDS5927RLRJ	C39	0	alignments	bam	61521712415	a5ab9cd58d16b8263b2afd21fa8cc4ce	https://api.data.igvf.org/alignment-files/IGVFFI2136RBZT/@@download/IGVFFI2136RBZT.bam	s3://igvf-public/2026/01/28/7e3006e9-dfd8-474e-b0e6-ac4f7e981c6b/IGVFFI2136RBZT.bam
IGVFFI5231UADX	processed	IGVFDS5927RLRJ	C39	0	cell by bin contact matrix	mcool	176041145	bd90f4d889e44178cb1745c7c087064d	https://api.data.igvf.org/matrix-files/IGVFFI5231UADX/@@download/IGVFFI5231UADX.mcool	s3://igvf-public/2026/01/28/1544ca6b-92e3-4322-bcda-f43ffe183fc5/IGVFFI5231UADX.mcool
IGVFFI5035HAIJ	processed	IGVFDS5927RLRJ	C39	0	cell by bin methylation count matrix	h5ad	97958722	02f98ecf0092651506fadbc928e8b76e	https://api.data.igvf.org/matrix-files/IGVFFI5035HAIJ/@@download/IGVFFI5035HAIJ.h5ad	s3://igvf-public/2026/01/28/6ec75675-b34f-4f40-bc71-cc80df331754/IGVFFI5035HAIJ.h5ad
IGVFFI3328MJFF	processed	IGVFDS5927RLRJ	C39	0	cell by position methylation count matrix	h5ad	11730310728	a6c8c54d397fbc5fa94b4161704d2a5d	https://api.data.igvf.org/matrix-files/IGVFFI3328MJFF/@@download/IGVFFI3328MJFF.h5ad	s3://igvf-public/2026/02/17/b917d22b-165e-44cf-b387-9bc80ae994e3/IGVFFI3328MJFF.h5ad
IGVFFI3043KEDA	processed	IGVFDS5927RLRJ	C39	0	chromatin contact quantifications	bedpe	4801602852	08fa65d902c34dcd3fa46e93f664773d	https://api.data.igvf.org/tabular-files/IGVFFI3043KEDA/@@download/IGVFFI3043KEDA.bedpe.gz	s3://igvf-public/2026/01/28/0f4698a1-7112-4fad-8f88-69de67615d80/IGVFFI3043KEDA.tsv.gz
IGVFFI7508LWQC	processed	IGVFDS5927RLRJ	C39	0	index	tbi	2254403	23809eb32e334a320f93c4ba52b85b95	https://api.data.igvf.org/index-files/IGVFFI7508LWQC/@@download/IGVFFI7508LWQC.tbi	s3://igvf-public/2026/03/26/d8336168-649d-474f-a825-8e92fe9d6865/IGVFFI7508LWQC.tbi
IGVFFI6924MRZO	processed	IGVFDS5927RLRJ	C39	0	methylation counts	tsv	157561428	bbaefc9a9ae15362e02dcdad40df0b95	https://api.data.igvf.org/tabular-files/IGVFFI6924MRZO/@@download/IGVFFI6924MRZO.tsv.gz	s3://igvf-public/2026/01/28/580e207b-8452-423a-a0f6-644a2a57fab4/IGVFFI6924MRZO.tsv.gz
IGVFFI8897ZWNB	processed	IGVFDS5927RLRJ	C39	0	per-cell quality report	tsv	315581	c720d3a0192266ab3d38920bb868f5d8	https://api.data.igvf.org/tabular-files/IGVFFI8897ZWNB/@@download/IGVFFI8897ZWNB.tsv.gz	s3://igvf-public/2026/07/31/958bdd8a-2cd6-49de-bb78-24bcd3928c81/IGVFFI8897ZWNB.tsv.gz
IGVFFI8556URCN	processed	IGVFDS7034ETJG	C39	12	alignments	bam	60596897567	9702e699aa0068800654b1fac70313d6	https://api.data.igvf.org/alignment-files/IGVFFI8556URCN/@@download/IGVFFI8556URCN.bam	s3://igvf-public/2026/01/28/64199673-9fa0-461c-9769-44eab976dcbb/IGVFFI8556URCN.bam
IGVFFI8737WFIE	processed	IGVFDS7034ETJG	C39	12	cell by bin contact matrix	mcool	163852364	7cf9bc803dacca040722a3a265d488ca	https://api.data.igvf.org/matrix-files/IGVFFI8737WFIE/@@download/IGVFFI8737WFIE.mcool	s3://igvf-public/2026/01/28/8b3380d9-3b64-4a11-bbb0-837e71faa6f5/IGVFFI8737WFIE.mcool
IGVFFI4661UQML	processed	IGVFDS7034ETJG	C39	12	cell by bin methylation count matrix	h5ad	97958722	8808ebccfeea84078a3c814d1cc5634f	https://api.data.igvf.org/matrix-files/IGVFFI4661UQML/@@download/IGVFFI4661UQML.h5ad	s3://igvf-public/2026/01/28/b93031c2-4cd7-4542-a4aa-2fa231323411/IGVFFI4661UQML.h5ad
IGVFFI1794DFHU	processed	IGVFDS7034ETJG	C39	12	cell by position methylation count matrix	h5ad	11523282504	a5ada39a6850b668617fb45362261ba2	https://api.data.igvf.org/matrix-files/IGVFFI1794DFHU/@@download/IGVFFI1794DFHU.h5ad	s3://igvf-public/2026/02/17/0706294e-59c8-4672-ab85-5658f51129e2/IGVFFI1794DFHU.h5ad
IGVFFI6300AAIZ	processed	IGVFDS7034ETJG	C39	12	chromatin contact quantifications	bedpe	4423240498	71a09169cf632ab149dae6ca94979724	https://api.data.igvf.org/tabular-files/IGVFFI6300AAIZ/@@download/IGVFFI6300AAIZ.bedpe.gz	s3://igvf-public/2026/01/28/ea6cf706-ed45-49ba-b8eb-42c9a02255b9/IGVFFI6300AAIZ.tsv.gz
IGVFFI5568BKNZ	processed	IGVFDS7034ETJG	C39	12	index	tbi	2232772	d41315b9eefb0609e0313b62ae995ab4	https://api.data.igvf.org/index-files/IGVFFI5568BKNZ/@@download/IGVFFI5568BKNZ.tbi	s3://igvf-public/2026/03/26/7f05ab70-acf6-41f9-92f9-4250735434c5/IGVFFI5568BKNZ.tbi
IGVFFI1413LBLO	processed	IGVFDS7034ETJG	C39	12	methylation counts	tsv	157067989	7afeb758c32995c1212ba244936b82b7	https://api.data.igvf.org/tabular-files/IGVFFI1413LBLO/@@download/IGVFFI1413LBLO.tsv.gz	s3://igvf-public/2026/01/28/23898989-d52d-4c25-ac75-e53a68f8ecaa/IGVFFI1413LBLO.tsv.gz
IGVFFI5535XCGB	processed	IGVFDS7034ETJG	C39	12	per-cell quality report	tsv	314101	2d0a13791d7452e076b01fe45fd64600	https://api.data.igvf.org/tabular-files/IGVFFI5535XCGB/@@download/IGVFFI5535XCGB.tsv.gz	s3://igvf-public/2026/07/31/912824da-336e-4765-8704-a0184d56d7f3/IGVFFI5535XCGB.tsv.gz
IGVFFI2157OPMN	processed	IGVFDS3785PRPT	C39	14	alignments	bam	55093083095	1b3ed3ce2a791d9e01e3ced3525c41dc	https://api.data.igvf.org/alignment-files/IGVFFI2157OPMN/@@download/IGVFFI2157OPMN.bam	s3://igvf-public/2026/01/28/551ff860-6813-4e85-956c-b7f403027b06/IGVFFI2157OPMN.bam
IGVFFI2053FHSU	processed	IGVFDS3785PRPT	C39	14	cell by bin contact matrix	mcool	141447786	5b6bb8296b812fc803e9c81c5bd22701	https://api.data.igvf.org/matrix-files/IGVFFI2053FHSU/@@download/IGVFFI2053FHSU.mcool	s3://igvf-public/2026/01/28/2d6f590d-47a6-49b0-bc23-9b2160ecb3e5/IGVFFI2053FHSU.mcool
IGVFFI7793QSJP	processed	IGVFDS3785PRPT	C39	14	cell by bin methylation count matrix	h5ad	97962818	42e89a66a3c9a79d726a4dde59c66b5c	https://api.data.igvf.org/matrix-files/IGVFFI7793QSJP/@@download/IGVFFI7793QSJP.h5ad	s3://igvf-public/2026/01/28/71681ed2-17ee-455f-8d38-7ac037bc2907/IGVFFI7793QSJP.h5ad
IGVFFI7726DTYH	processed	IGVFDS3785PRPT	C39	14	cell by position methylation count matrix	h5ad	10498452200	c6c5d322dc6043700564c013eb7dd397	https://api.data.igvf.org/matrix-files/IGVFFI7726DTYH/@@download/IGVFFI7726DTYH.h5ad	s3://igvf-public/2026/02/17/98b0e511-d0f8-4d2b-8866-408dee9fc6c0/IGVFFI7726DTYH.h5ad
IGVFFI5347FGYP	processed	IGVFDS3785PRPT	C39	14	chromatin contact quantifications	bedpe	4061252827	fb6a1035f2cc1ccf692baed872db1058	https://api.data.igvf.org/tabular-files/IGVFFI5347FGYP/@@download/IGVFFI5347FGYP.bedpe.gz	s3://igvf-public/2026/01/28/97df2008-c195-4dfe-988b-231b95e39fe1/IGVFFI5347FGYP.tsv.gz
IGVFFI5443ZKJA	processed	IGVFDS3785PRPT	C39	14	index	tbi	2195791	bc1b699b31b2a8da06e1682a4275fbdb	https://api.data.igvf.org/index-files/IGVFFI5443ZKJA/@@download/IGVFFI5443ZKJA.tbi	s3://igvf-public/2026/03/26/9d4f0128-8891-4592-9bdd-417a35823262/IGVFFI5443ZKJA.tbi
IGVFFI6662VFKC	processed	IGVFDS3785PRPT	C39	14	methylation counts	tsv	155940061	4c902881ca210d4c92fcab70003e2703	https://api.data.igvf.org/tabular-files/IGVFFI6662VFKC/@@download/IGVFFI6662VFKC.tsv.gz	s3://igvf-public/2026/01/28/cd78bff1-bebe-465e-bfbb-1e04e5b5551d/IGVFFI6662VFKC.tsv.gz
IGVFFI0395OMAY	processed	IGVFDS3785PRPT	C39	14	per-cell quality report	tsv	314995	a0f50192bf70fcfcb97cf4de06d524b1	https://api.data.igvf.org/tabular-files/IGVFFI0395OMAY/@@download/IGVFFI0395OMAY.tsv.gz	s3://igvf-public/2026/07/31/5f0f5f08-bca8-477c-9c27-0909d4b33cc9/IGVFFI0395OMAY.tsv.gz
IGVFFI1457BUOQ	processed	IGVFDS8816OJRX	C39	16	alignments	bam	69858656561	89607ce9e2f45aa7de724be7fbaf86a0	https://api.data.igvf.org/alignment-files/IGVFFI1457BUOQ/@@download/IGVFFI1457BUOQ.bam	s3://igvf-public/2026/01/28/91ae6ab7-217e-4012-9920-b3518b5066af/IGVFFI1457BUOQ.bam
IGVFFI3904EXBZ	processed	IGVFDS8816OJRX	C39	16	cell by bin contact matrix	mcool	157588100	31998e93df0f0b1612e26bec6bbba835	https://api.data.igvf.org/matrix-files/IGVFFI3904EXBZ/@@download/IGVFFI3904EXBZ.mcool	s3://igvf-public/2026/01/28/2ec5f656-fd9d-4a32-a75d-1ce7e50f4be3/IGVFFI3904EXBZ.mcool
IGVFFI6803EVBI	processed	IGVFDS8816OJRX	C39	16	cell by bin methylation count matrix	h5ad	97962818	58252a48451ee8569ea54dcaadf5609d	https://api.data.igvf.org/matrix-files/IGVFFI6803EVBI/@@download/IGVFFI6803EVBI.h5ad	s3://igvf-public/2026/01/28/907e215e-bafb-4bc7-ae69-fa7276f85b1a/IGVFFI6803EVBI.h5ad
IGVFFI1965FHTU	processed	IGVFDS8816OJRX	C39	16	cell by position methylation count matrix	h5ad	12889511040	f647fddd262f952e78b6d9b61d5e5f75	https://api.data.igvf.org/matrix-files/IGVFFI1965FHTU/@@download/IGVFFI1965FHTU.h5ad	s3://igvf-public/2026/02/17/269b5970-860f-4b9a-9f03-9cecd019091f/IGVFFI1965FHTU.h5ad
IGVFFI1583NYQA	processed	IGVFDS8816OJRX	C39	16	chromatin contact quantifications	bedpe	5225745568	45fed9c059a0c50522311e4f19987bc2	https://api.data.igvf.org/tabular-files/IGVFFI1583NYQA/@@download/IGVFFI1583NYQA.bedpe.gz	s3://igvf-public/2026/01/28/2282d532-498e-4433-a79f-fa9203846848/IGVFFI1583NYQA.tsv.gz
IGVFFI8981ZBWT	processed	IGVFDS8816OJRX	C39	16	index	tbi	2272024	a114bbc3a77d7d0ad933fefed14be0d2	https://api.data.igvf.org/index-files/IGVFFI8981ZBWT/@@download/IGVFFI8981ZBWT.tbi	s3://igvf-public/2026/03/26/2ec07041-12a0-45c8-b107-a4ab810a0c68/IGVFFI8981ZBWT.tbi
IGVFFI3693CUJH	processed	IGVFDS8816OJRX	C39	16	methylation counts	tsv	159829324	d4c48a4b098ca22c60a88ff607255af0	https://api.data.igvf.org/tabular-files/IGVFFI3693CUJH/@@download/IGVFFI3693CUJH.tsv.gz	s3://igvf-public/2026/01/28/f1ccd4c4-914e-4abd-84dd-0159e5bfb860/IGVFFI3693CUJH.tsv.gz
IGVFFI6293RTZW	processed	IGVFDS8816OJRX	C39	16	per-cell quality report	tsv	333058	805bcec9f11a9a4ff37738b16bd84f88	https://api.data.igvf.org/tabular-files/IGVFFI6293RTZW/@@download/IGVFFI6293RTZW.tsv.gz	s3://igvf-public/2026/07/31/9385cb95-ba73-444e-8688-628140019919/IGVFFI6293RTZW.tsv.gz
IGVFFI3536EQKE	processed	IGVFDS9271QBLR	C39	18	alignments	bam	56625520057	df582e44bd79236a8d2c2eb8e31a40df	https://api.data.igvf.org/alignment-files/IGVFFI3536EQKE/@@download/IGVFFI3536EQKE.bam	s3://igvf-public/2026/01/28/9b931408-1530-40d0-82e9-38d3e4a7a6a8/IGVFFI3536EQKE.bam
IGVFFI2008KHBN	processed	IGVFDS9271QBLR	C39	18	cell by bin contact matrix	mcool	145273895	d7996fe37d00b382ff0621f1f41be90e	https://api.data.igvf.org/matrix-files/IGVFFI2008KHBN/@@download/IGVFFI2008KHBN.mcool	s3://igvf-public/2026/01/28/9f65695a-2916-4daf-bd5f-864517e79f54/IGVFFI2008KHBN.mcool
IGVFFI9347DSYG	processed	IGVFDS9271QBLR	C39	18	cell by bin methylation count matrix	h5ad	97962818	146d95241c9b0ffb34119c19f2373c62	https://api.data.igvf.org/matrix-files/IGVFFI9347DSYG/@@download/IGVFFI9347DSYG.h5ad	s3://igvf-public/2026/01/28/db5a09c8-15cc-4b74-935c-1d2f3e4e663a/IGVFFI9347DSYG.h5ad
IGVFFI4983IAIM	processed	IGVFDS9271QBLR	C39	18	cell by position methylation count matrix	h5ad	11568502344	eb6c0ab10933bdd2985637141fd017d4	https://api.data.igvf.org/matrix-files/IGVFFI4983IAIM/@@download/IGVFFI4983IAIM.h5ad	s3://igvf-public/2026/02/17/baedebe7-a4b5-40f5-861c-34ee498a8099/IGVFFI4983IAIM.h5ad
IGVFFI7303OFDY	processed	IGVFDS9271QBLR	C39	18	chromatin contact quantifications	bedpe	4004566185	c31172c9adf8acffec2410ddb9055811	https://api.data.igvf.org/tabular-files/IGVFFI7303OFDY/@@download/IGVFFI7303OFDY.bedpe.gz	s3://igvf-public/2026/01/28/50a93b64-3890-47cc-9e14-efd988ce56a4/IGVFFI7303OFDY.tsv.gz
IGVFFI4354FXTT	processed	IGVFDS9271QBLR	C39	18	index	tbi	2189226	9b63731119ea9e4ffa5417412bb2c9fe	https://api.data.igvf.org/index-files/IGVFFI4354FXTT/@@download/IGVFFI4354FXTT.tbi	s3://igvf-public/2026/03/26/c286bbbf-8566-4279-b547-9a3b15f580aa/IGVFFI4354FXTT.tbi
IGVFFI9479STQM	processed	IGVFDS9271QBLR	C39	18	methylation counts	tsv	157129425	90672eec6598eff95d9ee2e04ffb7963	https://api.data.igvf.org/tabular-files/IGVFFI9479STQM/@@download/IGVFFI9479STQM.tsv.gz	s3://igvf-public/2026/01/28/93ad2f7b-71a7-434e-84ea-74428a7608d5/IGVFFI9479STQM.tsv.gz
IGVFFI6003EBHF	processed	IGVFDS9271QBLR	C39	18	per-cell quality report	tsv	330439	4cbdf079e2be57d5a7cbeed8457685b9	https://api.data.igvf.org/tabular-files/IGVFFI6003EBHF/@@download/IGVFFI6003EBHF.tsv.gz	s3://igvf-public/2026/07/31/0643bc27-8bea-46ae-b3fb-4a8b3f1ced36/IGVFFI6003EBHF.tsv.gz
IGVFFI7554NUUB	processed	IGVFDS5183RDLF	C39	1	alignments	bam	52304214682	12aae3961917bd9b071ede569bbfadd8	https://api.data.igvf.org/alignment-files/IGVFFI7554NUUB/@@download/IGVFFI7554NUUB.bam	s3://igvf-public/2026/01/28/367751d6-22a5-4925-99cc-fe8f2bb86224/IGVFFI7554NUUB.bam
IGVFFI1990MPRH	processed	IGVFDS5183RDLF	C39	1	cell by bin contact matrix	mcool	127548857	120c805e78e4d4bc2aa9e1233614fec6	https://api.data.igvf.org/matrix-files/IGVFFI1990MPRH/@@download/IGVFFI1990MPRH.mcool	s3://igvf-public/2026/01/28/b7b05a9a-33ad-4fb1-95ab-7ba173010f45/IGVFFI1990MPRH.mcool
IGVFFI5045LXDN	processed	IGVFDS5183RDLF	C39	1	cell by bin methylation count matrix	h5ad	97958722	f5630d667ff6aa59fc439c1f370ab532	https://api.data.igvf.org/matrix-files/IGVFFI5045LXDN/@@download/IGVFFI5045LXDN.h5ad	s3://igvf-public/2026/01/28/f9c38d36-17f9-44b4-9c2b-0195c9e91b3c/IGVFFI5045LXDN.h5ad
IGVFFI9543BHXJ	processed	IGVFDS5183RDLF	C39	1	cell by position methylation count matrix	h5ad	10261703400	db5d9b2f969e0296d765b225c93f803e	https://api.data.igvf.org/matrix-files/IGVFFI9543BHXJ/@@download/IGVFFI9543BHXJ.h5ad	s3://igvf-public/2026/02/17/ab8831fd-9bf9-4736-b00f-ef2bcd8c33c5/IGVFFI9543BHXJ.h5ad
IGVFFI1607ZHIU	processed	IGVFDS5183RDLF	C39	1	chromatin contact quantifications	bedpe	4045058241	8f8526d2a928508705b831bf15ea35d3	https://api.data.igvf.org/tabular-files/IGVFFI1607ZHIU/@@download/IGVFFI1607ZHIU.bedpe.gz	s3://igvf-public/2026/01/28/3fd58f0a-bdb7-4eb1-8a56-c4030aec153f/IGVFFI1607ZHIU.tsv.gz
IGVFFI8438HSHW	processed	IGVFDS5183RDLF	C39	1	index	tbi	2194139	919192f2a3e20049831d9593dfc570f9	https://api.data.igvf.org/index-files/IGVFFI8438HSHW/@@download/IGVFFI8438HSHW.tbi	s3://igvf-public/2026/03/26/5ca7c7c9-dc2e-448f-aa22-f47ce5317fff/IGVFFI8438HSHW.tbi
IGVFFI9480GVZD	processed	IGVFDS5183RDLF	C39	1	methylation counts	tsv	154740309	39ad23aaa091c5c284ab53528779fc4f	https://api.data.igvf.org/tabular-files/IGVFFI9480GVZD/@@download/IGVFFI9480GVZD.tsv.gz	s3://igvf-public/2026/01/28/e4b0d5d7-74ad-463b-840e-9e8f3d23abf7/IGVFFI9480GVZD.tsv.gz
IGVFFI6378JIOA	processed	IGVFDS5183RDLF	C39	1	per-cell quality report	tsv	314214	ac1742655bb93422ca104272b9af28a7	https://api.data.igvf.org/tabular-files/IGVFFI6378JIOA/@@download/IGVFFI6378JIOA.tsv.gz	s3://igvf-public/2026/07/31/d04f857b-fbd4-4724-9847-03ea3336684f/IGVFFI6378JIOA.tsv.gz
IGVFFI2473WKGD	processed	IGVFDS0434GDID	C39	3	alignments	bam	58842749078	18bbfb518fc158096ef2e1067f18cfe1	https://api.data.igvf.org/alignment-files/IGVFFI2473WKGD/@@download/IGVFFI2473WKGD.bam	s3://igvf-public/2026/01/28/6766c18a-4796-4cae-afcc-931f3614b970/IGVFFI2473WKGD.bam
IGVFFI1168VNPW	processed	IGVFDS0434GDID	C39	3	cell by bin contact matrix	mcool	144938263	17569f75d4191c7ea1435f43b07287e6	https://api.data.igvf.org/matrix-files/IGVFFI1168VNPW/@@download/IGVFFI1168VNPW.mcool	s3://igvf-public/2026/01/28/97a89f20-c5db-41fb-bf31-fb2dcae2b1ca/IGVFFI1168VNPW.mcool
IGVFFI1555SDNL	processed	IGVFDS0434GDID	C39	3	cell by bin methylation count matrix	h5ad	97958722	ca64a393ad57c97a37e63a323d711c9e	https://api.data.igvf.org/matrix-files/IGVFFI1555SDNL/@@download/IGVFFI1555SDNL.h5ad	s3://igvf-public/2026/01/28/1e53b418-9bcc-4379-853e-1bbd62fee389/IGVFFI1555SDNL.h5ad
IGVFFI3514FJSA	processed	IGVFDS0434GDID	C39	3	cell by position methylation count matrix	h5ad	10416890656	fd7630ae61ca4de1baf7f29ba9df7f54	https://api.data.igvf.org/matrix-files/IGVFFI3514FJSA/@@download/IGVFFI3514FJSA.h5ad	s3://igvf-public/2026/02/17/f85f08a6-288a-43cd-a0a9-5f6639d2257b/IGVFFI3514FJSA.h5ad
IGVFFI3085SUXU	processed	IGVFDS0434GDID	C39	3	chromatin contact quantifications	bedpe	4813942632	35f8678251a3aa5c66f2914a8f75e93f	https://api.data.igvf.org/tabular-files/IGVFFI3085SUXU/@@download/IGVFFI3085SUXU.bedpe.gz	s3://igvf-public/2026/01/28/96d2cc04-1b74-4345-acc5-b0410a42ae89/IGVFFI3085SUXU.tsv.gz
IGVFFI5567BRPK	processed	IGVFDS0434GDID	C39	3	index	tbi	2256431	fc718f72c05ac4a11c35342265478b98	https://api.data.igvf.org/index-files/IGVFFI5567BRPK/@@download/IGVFFI5567BRPK.tbi	s3://igvf-public/2026/03/26/6323dabd-505d-464b-b11d-2fabafb56c94/IGVFFI5567BRPK.tbi
IGVFFI3216TNVN	processed	IGVFDS0434GDID	C39	3	methylation counts	tsv	157648564	5f56a3e76887a937e2b0a2c32c5b27b9	https://api.data.igvf.org/tabular-files/IGVFFI3216TNVN/@@download/IGVFFI3216TNVN.tsv.gz	s3://igvf-public/2026/01/28/0b8f702a-3242-42f7-90a4-a432eaed298a/IGVFFI3216TNVN.tsv.gz
IGVFFI0212BSSN	processed	IGVFDS0434GDID	C39	3	per-cell quality report	tsv	331213	04fa6dd0f64a559929cb8ab9e8e78cc8	https://api.data.igvf.org/tabular-files/IGVFFI0212BSSN/@@download/IGVFFI0212BSSN.tsv.gz	s3://igvf-public/2026/07/31/81255396-ecb4-41d9-9f9e-9c2b5f70a1c0/IGVFFI0212BSSN.tsv.gz
IGVFFI5580RXRS	processed	IGVFDS1041RNOK	C39	5	alignments	bam	100607347075	85752c4f40109678fde42bea0b780e70	https://api.data.igvf.org/alignment-files/IGVFFI5580RXRS/@@download/IGVFFI5580RXRS.bam	s3://igvf-public/2026/01/28/bb9cc499-2c39-4747-8237-00512ae3c93c/IGVFFI5580RXRS.bam
IGVFFI2409QGBF	processed	IGVFDS1041RNOK	C39	5	cell by bin contact matrix	mcool	130248046	2b2793989997f3fbba66f5bb81568f58	https://api.data.igvf.org/matrix-files/IGVFFI2409QGBF/@@download/IGVFFI2409QGBF.mcool	s3://igvf-public/2026/01/28/1c88a610-9cd4-4e61-970d-6b7df4c4d05a/IGVFFI2409QGBF.mcool
IGVFFI0478YNTK	processed	IGVFDS1041RNOK	C39	5	cell by bin methylation count matrix	h5ad	193687298	b289c5110f0a362533ededafc424c089	https://api.data.igvf.org/matrix-files/IGVFFI0478YNTK/@@download/IGVFFI0478YNTK.h5ad	s3://igvf-public/2026/01/28/6400f4eb-37f8-4128-9aea-4fb475f808c7/IGVFFI0478YNTK.h5ad
IGVFFI4132THBI	processed	IGVFDS1041RNOK	C39	5	cell by position methylation count matrix	h5ad	19985424488	f76adb250091cca88f21246aa8f85bac	https://api.data.igvf.org/matrix-files/IGVFFI4132THBI/@@download/IGVFFI4132THBI.h5ad	s3://igvf-public/2026/02/17/d14bbd4f-4018-46d1-aa05-ae2700834c28/IGVFFI4132THBI.h5ad
IGVFFI6084EXDO	processed	IGVFDS1041RNOK	C39	5	chromatin contact quantifications	bedpe	4548894870	6f6283b9af3113fdfafdaf15d2dd9195	https://api.data.igvf.org/tabular-files/IGVFFI6084EXDO/@@download/IGVFFI6084EXDO.bedpe.gz	s3://igvf-public/2026/01/28/b1eda34b-ff9b-4d81-a915-6f04d2c20aa8/IGVFFI6084EXDO.tsv.gz
IGVFFI4748YKMM	processed	IGVFDS1041RNOK	C39	5	index	tbi	2241140	b72d496fa2d877046944f2f9ebfeccbd	https://api.data.igvf.org/index-files/IGVFFI4748YKMM/@@download/IGVFFI4748YKMM.tbi	s3://igvf-public/2026/03/26/f466f8d4-20f9-43cd-98ee-74d70dc51cfc/IGVFFI4748YKMM.tbi
IGVFFI5448TCIN	processed	IGVFDS1041RNOK	C39	5	methylation counts	tsv	166441598	c45199f92e2110285957a1535fbcbe98	https://api.data.igvf.org/tabular-files/IGVFFI5448TCIN/@@download/IGVFFI5448TCIN.tsv.gz	s3://igvf-public/2026/01/28/47b74ae5-f0f7-4f2d-83a8-1dee0b1c073e/IGVFFI5448TCIN.tsv.gz
IGVFFI5270JUFS	processed	IGVFDS1041RNOK	C39	5	per-cell quality report	tsv	641819	622f47b29fadd580a974ccd282faec7e	https://api.data.igvf.org/tabular-files/IGVFFI5270JUFS/@@download/IGVFFI5270JUFS.tsv.gz	s3://igvf-public/2026/07/31/48a6eead-73c9-4fb4-8519-390f700ebbd2/IGVFFI5270JUFS.tsv.gz
IGVFFI3020MBNT	processed	IGVFDS9168JZPK	C39	7	alignments	bam	51150114781	1b7a4aeb88f9146e01291c695c270937	https://api.data.igvf.org/alignment-files/IGVFFI3020MBNT/@@download/IGVFFI3020MBNT.bam	s3://igvf-public/2026/01/28/d0ad4446-56a1-4579-866e-5e3c8fa977aa/IGVFFI3020MBNT.bam
IGVFFI2239JGOV	processed	IGVFDS9168JZPK	C39	7	cell by bin contact matrix	mcool	153076851	b47d62af3b7913fa224e4452adcedc47	https://api.data.igvf.org/matrix-files/IGVFFI2239JGOV/@@download/IGVFFI2239JGOV.mcool	s3://igvf-public/2026/01/28/6998b145-1863-49d4-b74d-9a583432ebfa/IGVFFI2239JGOV.mcool
IGVFFI4863TNFK	processed	IGVFDS9168JZPK	C39	7	cell by bin methylation count matrix	h5ad	97958722	94953a38754b958f51795b9bed3c7adf	https://api.data.igvf.org/matrix-files/IGVFFI4863TNFK/@@download/IGVFFI4863TNFK.h5ad	s3://igvf-public/2026/01/28/e70a22b8-678a-4bc7-b21a-6cfa22388a9f/IGVFFI4863TNFK.h5ad
IGVFFI8318DGBC	processed	IGVFDS9168JZPK	C39	7	cell by position methylation count matrix	h5ad	10306956008	4a69b1a7f087f67738b8cbef943a0494	https://api.data.igvf.org/matrix-files/IGVFFI8318DGBC/@@download/IGVFFI8318DGBC.h5ad	s3://igvf-public/2026/02/17/a4854469-226d-4c72-ac5a-1b96343056e8/IGVFFI8318DGBC.h5ad
IGVFFI8069IOHW	processed	IGVFDS9168JZPK	C39	7	chromatin contact quantifications	bedpe	3716884781	8b729ba5fa65fd6e57447c7667f60eb6	https://api.data.igvf.org/tabular-files/IGVFFI8069IOHW/@@download/IGVFFI8069IOHW.bedpe.gz	s3://igvf-public/2026/01/28/59cc07fd-317c-49b1-a0bd-5cca8bd493ac/IGVFFI8069IOHW.tsv.gz
IGVFFI3223PSDU	processed	IGVFDS9168JZPK	C39	7	index	tbi	2145157	8e1e9d9a23292676a196d121183647f9	https://api.data.igvf.org/index-files/IGVFFI3223PSDU/@@download/IGVFFI3223PSDU.tbi	s3://igvf-public/2026/03/26/7e210d14-e9b4-42a4-b381-237734231c11/IGVFFI3223PSDU.tbi
IGVFFI0526EKAQ	processed	IGVFDS9168JZPK	C39	7	methylation counts	tsv	154448458	75ecbb0c8df4217baf726a8f07ea3651	https://api.data.igvf.org/tabular-files/IGVFFI0526EKAQ/@@download/IGVFFI0526EKAQ.tsv.gz	s3://igvf-public/2026/01/28/b70a174d-9a6c-420a-a590-27411dd010a9/IGVFFI0526EKAQ.tsv.gz
IGVFFI0078RVRR	processed	IGVFDS9168JZPK	C39	7	per-cell quality report	tsv	329492	c97ba9603e0650847eec693ac4598304	https://api.data.igvf.org/tabular-files/IGVFFI0078RVRR/@@download/IGVFFI0078RVRR.tsv.gz	s3://igvf-public/2026/07/31/35eb69f1-3ec7-41be-9c48-0af99b45c3f9/IGVFFI0078RVRR.tsv.gz
IGVFFI0052AMZX	processed	IGVFDS3335QAOG	C39	9	alignments	bam	61039594288	2ece9dda97344a40b68c32c7030c6781	https://api.data.igvf.org/alignment-files/IGVFFI0052AMZX/@@download/IGVFFI0052AMZX.bam	s3://igvf-public/2026/01/28/d388314d-41cb-4c9a-9eb7-9323b81f086b/IGVFFI0052AMZX.bam
IGVFFI0415UVZL	processed	IGVFDS3335QAOG	C39	9	cell by bin contact matrix	mcool	178435764	21ecd113cf2d0228791c5ff6b85c970b	https://api.data.igvf.org/matrix-files/IGVFFI0415UVZL/@@download/IGVFFI0415UVZL.mcool	s3://igvf-public/2026/01/28/49babbed-ae75-4896-952c-c08e58a61f59/IGVFFI0415UVZL.mcool
IGVFFI1514YYSI	processed	IGVFDS3335QAOG	C39	9	cell by bin methylation count matrix	h5ad	97958722	da99b10600cf047fb2fccc4427802943	https://api.data.igvf.org/matrix-files/IGVFFI1514YYSI/@@download/IGVFFI1514YYSI.h5ad	s3://igvf-public/2026/01/28/589dde8b-624c-46e5-b2f5-6946c4a343c6/IGVFFI1514YYSI.h5ad
IGVFFI9210QWRE	processed	IGVFDS3335QAOG	C39	9	cell by position methylation count matrix	h5ad	11689449032	502f634353e99c68d55982d8dfd9b4b9	https://api.data.igvf.org/matrix-files/IGVFFI9210QWRE/@@download/IGVFFI9210QWRE.h5ad	s3://igvf-public/2026/02/17/18dd1703-4d0b-445d-a6a1-24b7dd3aa1b4/IGVFFI9210QWRE.h5ad
IGVFFI9093GOVX	processed	IGVFDS3335QAOG	C39	9	chromatin contact quantifications	bedpe	4792747780	34b0bf63bdd00161e5bf9b4beda2ee8f	https://api.data.igvf.org/tabular-files/IGVFFI9093GOVX/@@download/IGVFFI9093GOVX.bedpe.gz	s3://igvf-public/2026/01/28/ff18bc62-6983-4392-94c4-16236ecbb4ee/IGVFFI9093GOVX.tsv.gz
IGVFFI9402CDRU	processed	IGVFDS3335QAOG	C39	9	index	tbi	2254417	3fa1cee8209111985641171b5873ac15	https://api.data.igvf.org/index-files/IGVFFI9402CDRU/@@download/IGVFFI9402CDRU.tbi	s3://igvf-public/2026/03/26/3c0bc769-2130-41d4-bb5e-50f5bb7513e5/IGVFFI9402CDRU.tbi
IGVFFI9490ZVWY	processed	IGVFDS3335QAOG	C39	9	methylation counts	tsv	155879113	62a572e664f171ac792b4c223bcd121f	https://api.data.igvf.org/tabular-files/IGVFFI9490ZVWY/@@download/IGVFFI9490ZVWY.tsv.gz	s3://igvf-public/2026/01/28/70af8830-ad51-464a-8666-be7194650b98/IGVFFI9490ZVWY.tsv.gz
IGVFFI7947CVST	processed	IGVFDS3335QAOG	C39	9	per-cell quality report	tsv	314309	27c4cbd5bdc4cf46005dd999a19f4136	https://api.data.igvf.org/tabular-files/IGVFFI7947CVST/@@download/IGVFFI7947CVST.tsv.gz	s3://igvf-public/2026/07/31/06551656-d0d7-46b8-9260-faad30374508/IGVFFI7947CVST.tsv.gz
IGVFFI0418MRCV	raw	IGVFDS3330GATY	C29	0	reads	fastq	2279172364	0dce2fd31166017b705225a5897e58e6	https://api.data.igvf.org/sequence-files/IGVFFI0418MRCV/@@download/IGVFFI0418MRCV.fastq.gz	s3://igvf-public/2024/11/18/b4840ab8-1ffc-4f3f-842d-caba294ab602/IGVFFI0418MRCV.fastq.gz
IGVFFI1239ZEWJ	raw	IGVFDS3330GATY	C29	0	reads	fastq	2371301240	3d18479e51fcd50d4c2e196e460e4727	https://api.data.igvf.org/sequence-files/IGVFFI1239ZEWJ/@@download/IGVFFI1239ZEWJ.fastq.gz	s3://igvf-public/2024/11/18/4ce37514-f4d4-469b-8866-f9f476fd7a7a/IGVFFI1239ZEWJ.fastq.gz
IGVFFI1444QOFX	raw	IGVFDS3330GATY	C29	0	reads	fastq	2335075205	3774a2745305abd98bb67502c3760941	https://api.data.igvf.org/sequence-files/IGVFFI1444QOFX/@@download/IGVFFI1444QOFX.fastq.gz	s3://igvf-public/2024/11/18/9d5d03ca-68c3-4c07-a7ce-e972fc53f724/IGVFFI1444QOFX.fastq.gz
IGVFFI1591YHHT	raw	IGVFDS3330GATY	C29	0	reads	fastq	2296841754	d69dfccb5fae18223b5c3b571940d262	https://api.data.igvf.org/sequence-files/IGVFFI1591YHHT/@@download/IGVFFI1591YHHT.fastq.gz	s3://igvf-public/2024/11/18/deb7bf3d-ed57-4628-9eef-4b883325d5ca/IGVFFI1591YHHT.fastq.gz
IGVFFI1884KFQZ	raw	IGVFDS3330GATY	C29	0	reads	fastq	2291346214	d74dd6a921c2f26f724307c702e8707b	https://api.data.igvf.org/sequence-files/IGVFFI1884KFQZ/@@download/IGVFFI1884KFQZ.fastq.gz	s3://igvf-public/2024/11/18/e5a9e97e-e294-424b-b12c-d30b5faf52d3/IGVFFI1884KFQZ.fastq.gz
IGVFFI4239PHTY	raw	IGVFDS3330GATY	C29	0	reads	fastq	2319771662	7b90993da61aba662738702a10851e85	https://api.data.igvf.org/sequence-files/IGVFFI4239PHTY/@@download/IGVFFI4239PHTY.fastq.gz	s3://igvf-public/2024/11/18/9289e92f-2292-454b-b373-1704bb0436aa/IGVFFI4239PHTY.fastq.gz
IGVFFI4864NQZH	raw	IGVFDS3330GATY	C29	0	reads	fastq	2314620491	c29bb5400d9174310310a8585195267f	https://api.data.igvf.org/sequence-files/IGVFFI4864NQZH/@@download/IGVFFI4864NQZH.fastq.gz	s3://igvf-public/2024/11/18/a6a1ae36-2f2b-489a-8d99-7ae0f98428a4/IGVFFI4864NQZH.fastq.gz
IGVFFI4891UDQF	raw	IGVFDS3330GATY	C29	0	reads	fastq	2303432580	c2499f5594a10d7146067a4fe625f8dc	https://api.data.igvf.org/sequence-files/IGVFFI4891UDQF/@@download/IGVFFI4891UDQF.fastq.gz	s3://igvf-public/2024/11/18/7ea81e5e-6f55-4c23-90ff-91f6f8247bf7/IGVFFI4891UDQF.fastq.gz
IGVFFI6550PBVX	raw	IGVFDS3330GATY	C29	0	reads	fastq	2430234853	54b62089575ef577aa4cb180e9d48a11	https://api.data.igvf.org/sequence-files/IGVFFI6550PBVX/@@download/IGVFFI6550PBVX.fastq.gz	s3://igvf-public/2024/11/18/fa734561-7d99-425d-ba13-7ccd4d45d49c/IGVFFI6550PBVX.fastq.gz
IGVFFI7000NPFQ	raw	IGVFDS3330GATY	C29	0	reads	fastq	2353674147	4f4a037dbc4e83b4e63ab43117f96b4e	https://api.data.igvf.org/sequence-files/IGVFFI7000NPFQ/@@download/IGVFFI7000NPFQ.fastq.gz	s3://igvf-public/2024/11/18/bde39ccf-e585-44a4-a0af-e92dcec3d4fd/IGVFFI7000NPFQ.fastq.gz
IGVFFI8548VDVP	raw	IGVFDS3330GATY	C29	0	reads	fastq	2356244030	4d4ec9078375bee5b719e886b37a689c	https://api.data.igvf.org/sequence-files/IGVFFI8548VDVP/@@download/IGVFFI8548VDVP.fastq.gz	s3://igvf-public/2024/11/18/b5948c2d-a761-496e-a6c8-e100e680304a/IGVFFI8548VDVP.fastq.gz
IGVFFI8888PKZQ	raw	IGVFDS3330GATY	C29	0	reads	fastq	2386020930	e83f811012fa8c497cef4b83efd18a2e	https://api.data.igvf.org/sequence-files/IGVFFI8888PKZQ/@@download/IGVFFI8888PKZQ.fastq.gz	s3://igvf-public/2024/11/18/e03e634b-7008-43d8-8af5-6a04de8c7397/IGVFFI8888PKZQ.fastq.gz
IGVFFI8979PJHF	raw	IGVFDS3330GATY	C29	0	reads	fastq	2360177159	f6549b90d8385ec7813252db36ebf1ed	https://api.data.igvf.org/sequence-files/IGVFFI8979PJHF/@@download/IGVFFI8979PJHF.fastq.gz	s3://igvf-public/2024/11/18/b3470aaf-91ae-4223-8bbd-938e8a6b1e41/IGVFFI8979PJHF.fastq.gz
IGVFFI9228JTEQ	raw	IGVFDS3330GATY	C29	0	reads	fastq	2270242699	393d25c591839e3bc4c9729bee99234c	https://api.data.igvf.org/sequence-files/IGVFFI9228JTEQ/@@download/IGVFFI9228JTEQ.fastq.gz	s3://igvf-public/2024/11/18/b9ad25bd-316f-4230-bbac-4f0697655dc3/IGVFFI9228JTEQ.fastq.gz
IGVFFI9707EXQW	raw	IGVFDS3330GATY	C29	0	reads	fastq	2377135112	e61a511768a29cfe01e13fadace51a14	https://api.data.igvf.org/sequence-files/IGVFFI9707EXQW/@@download/IGVFFI9707EXQW.fastq.gz	s3://igvf-public/2024/11/18/bcf36c47-c0a0-4d93-836f-3d81a59a7d52/IGVFFI9707EXQW.fastq.gz
IGVFFI9899HKHC	raw	IGVFDS3330GATY	C29	0	reads	fastq	2357399080	00ed8bc6ac75269aca27707a8151d304	https://api.data.igvf.org/sequence-files/IGVFFI9899HKHC/@@download/IGVFFI9899HKHC.fastq.gz	s3://igvf-public/2024/11/18/e3f96b1c-f182-4f7e-adc3-fc5e9c8a73c0/IGVFFI9899HKHC.fastq.gz
IGVFFI1000DHIL	raw	IGVFDS7289ZOYE	C29	12	reads	fastq	2903668766	733fca48c82b52c552103ae90475ffcf	https://api.data.igvf.org/sequence-files/IGVFFI1000DHIL/@@download/IGVFFI1000DHIL.fastq.gz	s3://igvf-public/2024/11/16/8bfe994f-c79e-44ef-8e79-f550cb08de5f/IGVFFI1000DHIL.fastq.gz
IGVFFI1381WIZJ	raw	IGVFDS7289ZOYE	C29	12	reads	fastq	2776170743	5a12672b1e24de9929c34d80b5c0af24	https://api.data.igvf.org/sequence-files/IGVFFI1381WIZJ/@@download/IGVFFI1381WIZJ.fastq.gz	s3://igvf-public/2024/11/16/d12e3bd7-673b-4d15-99d1-5da0ba6aa704/IGVFFI1381WIZJ.fastq.gz
IGVFFI2244UGMY	raw	IGVFDS7289ZOYE	C29	12	reads	fastq	2733855778	cbe26e9a39d8a27073e41d21e88d3734	https://api.data.igvf.org/sequence-files/IGVFFI2244UGMY/@@download/IGVFFI2244UGMY.fastq.gz	s3://igvf-public/2024/11/16/b525a1de-52aa-4da1-9ee9-310b5b7a751d/IGVFFI2244UGMY.fastq.gz
IGVFFI2790JUIP	raw	IGVFDS7289ZOYE	C29	12	reads	fastq	2806579034	0fe40c1e3d0955be470e52b0887f6268	https://api.data.igvf.org/sequence-files/IGVFFI2790JUIP/@@download/IGVFFI2790JUIP.fastq.gz	s3://igvf-public/2024/11/16/876497b1-6228-4f33-857f-b1cff5c21328/IGVFFI2790JUIP.fastq.gz
IGVFFI3540GJSH	raw	IGVFDS7289ZOYE	C29	12	reads	fastq	2926447634	c05a74ed5581cf155c353af67461d5a8	https://api.data.igvf.org/sequence-files/IGVFFI3540GJSH/@@download/IGVFFI3540GJSH.fastq.gz	s3://igvf-public/2024/11/16/500f3167-76b6-4334-bcde-fbb635134126/IGVFFI3540GJSH.fastq.gz
IGVFFI3845WOAH	raw	IGVFDS7289ZOYE	C29	12	reads	fastq	2855961617	754e46c92735030d3dcdf1ae6f2ec91f	https://api.data.igvf.org/sequence-files/IGVFFI3845WOAH/@@download/IGVFFI3845WOAH.fastq.gz	s3://igvf-public/2024/11/16/1d2e7ca0-30d9-40b2-bc12-d6c641c25688/IGVFFI3845WOAH.fastq.gz
IGVFFI4489UPSY	raw	IGVFDS7289ZOYE	C29	12	reads	fastq	2802358227	e74a2a1b3568e6b50d74eb38fa1f2f92	https://api.data.igvf.org/sequence-files/IGVFFI4489UPSY/@@download/IGVFFI4489UPSY.fastq.gz	s3://igvf-public/2024/11/16/41f8302f-c683-48d1-8773-8b068a88e8b7/IGVFFI4489UPSY.fastq.gz
IGVFFI5639ZYDB	raw	IGVFDS7289ZOYE	C29	12	reads	fastq	2693396242	024e91e7768e225f763d7cb856c9fe95	https://api.data.igvf.org/sequence-files/IGVFFI5639ZYDB/@@download/IGVFFI5639ZYDB.fastq.gz	s3://igvf-public/2024/11/16/f6b9311a-b842-45f5-8710-677c4c421534/IGVFFI5639ZYDB.fastq.gz
IGVFFI6504RTQF	raw	IGVFDS7289ZOYE	C29	12	reads	fastq	2868518459	5664ecbe34e8e08e71f8ea8c4cd2e960	https://api.data.igvf.org/sequence-files/IGVFFI6504RTQF/@@download/IGVFFI6504RTQF.fastq.gz	s3://igvf-public/2024/11/16/2455e18f-a618-4f22-854b-8610d7a64bbf/IGVFFI6504RTQF.fastq.gz
IGVFFI6835QCMX	raw	IGVFDS7289ZOYE	C29	12	reads	fastq	2858232426	257be0f3ca70c9246d3523c1ef5b778e	https://api.data.igvf.org/sequence-files/IGVFFI6835QCMX/@@download/IGVFFI6835QCMX.fastq.gz	s3://igvf-public/2024/11/16/cc19c054-5be6-4e11-894f-44534041bccf/IGVFFI6835QCMX.fastq.gz
IGVFFI7095FJRU	raw	IGVFDS7289ZOYE	C29	12	reads	fastq	2834928401	9ab8a445b655f45bd411f87850ef635a	https://api.data.igvf.org/sequence-files/IGVFFI7095FJRU/@@download/IGVFFI7095FJRU.fastq.gz	s3://igvf-public/2024/11/16/e0158a13-d14c-455d-bab1-61b896d1fdd9/IGVFFI7095FJRU.fastq.gz
IGVFFI7277DXGO	raw	IGVFDS7289ZOYE	C29	12	reads	fastq	2796018311	1f7ff759895872d00d050b006dd92e79	https://api.data.igvf.org/sequence-files/IGVFFI7277DXGO/@@download/IGVFFI7277DXGO.fastq.gz	s3://igvf-public/2024/11/16/6ef0b4c8-5beb-448a-ba97-5a3a3d2ea97f/IGVFFI7277DXGO.fastq.gz
IGVFFI7748KFHE	raw	IGVFDS7289ZOYE	C29	12	reads	fastq	2733085755	43791029ca4a79ddacdab993133652c9	https://api.data.igvf.org/sequence-files/IGVFFI7748KFHE/@@download/IGVFFI7748KFHE.fastq.gz	s3://igvf-public/2024/11/16/eebb6f35-11e5-4155-8887-cf65b47884b5/IGVFFI7748KFHE.fastq.gz
IGVFFI8703ZLUH	raw	IGVFDS7289ZOYE	C29	12	reads	fastq	2863439181	6009010f460d3b39f8eefcb323defb17	https://api.data.igvf.org/sequence-files/IGVFFI8703ZLUH/@@download/IGVFFI8703ZLUH.fastq.gz	s3://igvf-public/2024/11/16/0ce0fba7-5564-4f72-8015-0e14563086ef/IGVFFI8703ZLUH.fastq.gz
IGVFFI9186MCOG	raw	IGVFDS7289ZOYE	C29	12	reads	fastq	2919426172	905dae1316906d7f2e0893d989bdee64	https://api.data.igvf.org/sequence-files/IGVFFI9186MCOG/@@download/IGVFFI9186MCOG.fastq.gz	s3://igvf-public/2024/11/16/1b42cc7f-651f-4d1b-b08d-2893cb6af340/IGVFFI9186MCOG.fastq.gz
IGVFFI9698OXVX	raw	IGVFDS7289ZOYE	C29	12	reads	fastq	2857525548	d03b7bc043dceb4872eb9c8c74ef07eb	https://api.data.igvf.org/sequence-files/IGVFFI9698OXVX/@@download/IGVFFI9698OXVX.fastq.gz	s3://igvf-public/2024/11/16/0c0e3fb6-603a-4e2a-b6bc-ac2030f96387/IGVFFI9698OXVX.fastq.gz
IGVFFI0022EWKG	raw	IGVFDS6752GRBU	C29	14	reads	fastq	3018781797	7c20642441b2933629f971830074ca40	https://api.data.igvf.org/sequence-files/IGVFFI0022EWKG/@@download/IGVFFI0022EWKG.fastq.gz	s3://igvf-public/2024/11/18/11b2a8d5-7257-41bd-a47c-85dbcbb03fa9/IGVFFI0022EWKG.fastq.gz
IGVFFI0480ECYI	raw	IGVFDS6752GRBU	C29	14	reads	fastq	2926344706	bb5176d275868656ef778b9c909e1594	https://api.data.igvf.org/sequence-files/IGVFFI0480ECYI/@@download/IGVFFI0480ECYI.fastq.gz	s3://igvf-public/2024/11/18/2b45e734-c702-43f9-8d71-a44d309946a7/IGVFFI0480ECYI.fastq.gz
IGVFFI0636KXMB	raw	IGVFDS6752GRBU	C29	14	reads	fastq	3000602980	90d122c159313749f20c88fcd67eaab0	https://api.data.igvf.org/sequence-files/IGVFFI0636KXMB/@@download/IGVFFI0636KXMB.fastq.gz	s3://igvf-public/2024/11/18/72c543c8-d882-4214-bd56-402d753c5cab/IGVFFI0636KXMB.fastq.gz
IGVFFI1143IKQN	raw	IGVFDS6752GRBU	C29	14	reads	fastq	2947885148	a8288aa4177af1155fcbec6c5226956d	https://api.data.igvf.org/sequence-files/IGVFFI1143IKQN/@@download/IGVFFI1143IKQN.fastq.gz	s3://igvf-public/2024/11/18/158df68d-dbda-490a-ae40-9824b8e17a7a/IGVFFI1143IKQN.fastq.gz
IGVFFI1623XDWA	raw	IGVFDS6752GRBU	C29	14	reads	fastq	2900937740	912a512ac9c3515fb1ecb0364c2e3a61	https://api.data.igvf.org/sequence-files/IGVFFI1623XDWA/@@download/IGVFFI1623XDWA.fastq.gz	s3://igvf-public/2024/11/18/d66fcd74-d056-493c-8fbd-0de792c7d512/IGVFFI1623XDWA.fastq.gz
IGVFFI1740AOSA	raw	IGVFDS6752GRBU	C29	14	reads	fastq	3030263711	bef523ce10dfed46aa95c8e98bebcae7	https://api.data.igvf.org/sequence-files/IGVFFI1740AOSA/@@download/IGVFFI1740AOSA.fastq.gz	s3://igvf-public/2024/11/18/ad544ce1-c3ed-40c6-b80e-652ffc0afb7a/IGVFFI1740AOSA.fastq.gz
IGVFFI1857XXHT	raw	IGVFDS6752GRBU	C29	14	reads	fastq	3033132019	00b25df00fc2df6582f4255ee5d70b7f	https://api.data.igvf.org/sequence-files/IGVFFI1857XXHT/@@download/IGVFFI1857XXHT.fastq.gz	s3://igvf-public/2024/11/18/f9f2c77e-f9d9-4ef9-8e25-7a50a4dfad22/IGVFFI1857XXHT.fastq.gz
IGVFFI2018JGTW	raw	IGVFDS6752GRBU	C29	14	reads	fastq	2938238185	0e7e6fbaa12efb31458821294cde9084	https://api.data.igvf.org/sequence-files/IGVFFI2018JGTW/@@download/IGVFFI2018JGTW.fastq.gz	s3://igvf-public/2024/11/18/6de6869f-854a-41bd-8965-a6002ba433c5/IGVFFI2018JGTW.fastq.gz
IGVFFI2181IXQY	raw	IGVFDS6752GRBU	C29	14	reads	fastq	2949793148	dd23a4a4b55c2d0093e5bd0194201ff9	https://api.data.igvf.org/sequence-files/IGVFFI2181IXQY/@@download/IGVFFI2181IXQY.fastq.gz	s3://igvf-public/2024/11/18/437d21e1-8ab4-4b32-bf0c-3a8deee741b5/IGVFFI2181IXQY.fastq.gz
IGVFFI3138ZEAC	raw	IGVFDS6752GRBU	C29	14	reads	fastq	3058823241	d87d7ca437a5e302d291b1aef9e038fc	https://api.data.igvf.org/sequence-files/IGVFFI3138ZEAC/@@download/IGVFFI3138ZEAC.fastq.gz	s3://igvf-public/2024/11/18/78898939-f5c2-454a-bc02-2d24594e2fd5/IGVFFI3138ZEAC.fastq.gz
IGVFFI4442GPWG	raw	IGVFDS6752GRBU	C29	14	reads	fastq	3022354626	b9c6e409171d0a53f3738f4c41f8bd92	https://api.data.igvf.org/sequence-files/IGVFFI4442GPWG/@@download/IGVFFI4442GPWG.fastq.gz	s3://igvf-public/2024/11/18/8f76e722-b86a-4d07-bd6b-b21bbd9869c8/IGVFFI4442GPWG.fastq.gz
IGVFFI6052AQGS	raw	IGVFDS6752GRBU	C29	14	reads	fastq	2895219847	fc97e2dd898e3b9c4b4f9ac2c2205354	https://api.data.igvf.org/sequence-files/IGVFFI6052AQGS/@@download/IGVFFI6052AQGS.fastq.gz	s3://igvf-public/2024/11/18/43969359-2713-4585-b4fc-d38b0f802257/IGVFFI6052AQGS.fastq.gz
IGVFFI6294BSJB	raw	IGVFDS6752GRBU	C29	14	reads	fastq	2921954179	2811d2c867b5f2556702dfc0ca4b8cbd	https://api.data.igvf.org/sequence-files/IGVFFI6294BSJB/@@download/IGVFFI6294BSJB.fastq.gz	s3://igvf-public/2024/11/18/a42297cf-6cfb-4077-9eab-7bde37f019ed/IGVFFI6294BSJB.fastq.gz
IGVFFI7478UJQQ	raw	IGVFDS6752GRBU	C29	14	reads	fastq	2967278765	738d7c12c64496c915ad87f8974e573a	https://api.data.igvf.org/sequence-files/IGVFFI7478UJQQ/@@download/IGVFFI7478UJQQ.fastq.gz	s3://igvf-public/2024/11/18/19117d86-5c92-4e2a-8fe2-0848a4d46a30/IGVFFI7478UJQQ.fastq.gz
IGVFFI9486TZOR	raw	IGVFDS6752GRBU	C29	14	reads	fastq	2935633637	90a0a609abf934c45d7b4bb72e87b9f2	https://api.data.igvf.org/sequence-files/IGVFFI9486TZOR/@@download/IGVFFI9486TZOR.fastq.gz	s3://igvf-public/2024/11/18/5b44017d-191e-4cb3-848c-2305e8c7eacf/IGVFFI9486TZOR.fastq.gz
IGVFFI9697ABWX	raw	IGVFDS6752GRBU	C29	14	reads	fastq	2971780790	157d7c4c7edbc74436f159f418da837d	https://api.data.igvf.org/sequence-files/IGVFFI9697ABWX/@@download/IGVFFI9697ABWX.fastq.gz	s3://igvf-public/2024/11/18/72b22356-f01b-4d54-96b8-faa5f9c4ec1e/IGVFFI9697ABWX.fastq.gz
IGVFFI0121ADAO	raw	IGVFDS9131TLJM	C29	16	reads	fastq	2908250692	4885b45264a96b3ba8590d570359b34f	https://api.data.igvf.org/sequence-files/IGVFFI0121ADAO/@@download/IGVFFI0121ADAO.fastq.gz	s3://igvf-public/2024/11/16/a98debb9-90d6-45b5-ba25-3937b5db591a/IGVFFI0121ADAO.fastq.gz
IGVFFI0574OWGQ	raw	IGVFDS9131TLJM	C29	16	reads	fastq	2922998979	9ccf32be2e313ceb250770f1b9ac2c3c	https://api.data.igvf.org/sequence-files/IGVFFI0574OWGQ/@@download/IGVFFI0574OWGQ.fastq.gz	s3://igvf-public/2024/11/16/01c5152c-42e4-46d5-a74f-ae01710dd235/IGVFFI0574OWGQ.fastq.gz
IGVFFI1853HSMD	raw	IGVFDS9131TLJM	C29	16	reads	fastq	2822373745	5e56c1fe06ea38d39553f311f235dd9a	https://api.data.igvf.org/sequence-files/IGVFFI1853HSMD/@@download/IGVFFI1853HSMD.fastq.gz	s3://igvf-public/2024/11/16/cb3f4136-0d1c-4311-8f97-d4d0a66a7ec3/IGVFFI1853HSMD.fastq.gz
IGVFFI2145XVYA	raw	IGVFDS9131TLJM	C29	16	reads	fastq	2936070102	7916531b7fce24defbc89299b392d866	https://api.data.igvf.org/sequence-files/IGVFFI2145XVYA/@@download/IGVFFI2145XVYA.fastq.gz	s3://igvf-public/2024/11/16/8aa43a16-d3ac-4edc-b552-6e3af2529c99/IGVFFI2145XVYA.fastq.gz
IGVFFI2308ICAY	raw	IGVFDS9131TLJM	C29	16	reads	fastq	2937383636	61a4250febf08db059be44a8cc8bcad7	https://api.data.igvf.org/sequence-files/IGVFFI2308ICAY/@@download/IGVFFI2308ICAY.fastq.gz	s3://igvf-public/2024/11/16/d09791a8-2795-42df-baff-bed8ead2f850/IGVFFI2308ICAY.fastq.gz
IGVFFI2883GWAE	raw	IGVFDS9131TLJM	C29	16	reads	fastq	2876270308	c2fbdab3432a5e5eee038ec84da6380b	https://api.data.igvf.org/sequence-files/IGVFFI2883GWAE/@@download/IGVFFI2883GWAE.fastq.gz	s3://igvf-public/2024/11/16/1d43cb46-1286-4422-a364-5788fcc20232/IGVFFI2883GWAE.fastq.gz
IGVFFI2906IZMA	raw	IGVFDS9131TLJM	C29	16	reads	fastq	2886420314	23766ba9f752a951f2058382ca187ed0	https://api.data.igvf.org/sequence-files/IGVFFI2906IZMA/@@download/IGVFFI2906IZMA.fastq.gz	s3://igvf-public/2024/11/16/ba2cf3e6-cfad-4635-ad3e-d2b547c04795/IGVFFI2906IZMA.fastq.gz
IGVFFI3386WNUY	raw	IGVFDS9131TLJM	C29	16	reads	fastq	2870221199	327f088fc7a68749b1ec679e36c213b2	https://api.data.igvf.org/sequence-files/IGVFFI3386WNUY/@@download/IGVFFI3386WNUY.fastq.gz	s3://igvf-public/2024/11/16/1f03485b-1480-4135-8de2-e291085d7963/IGVFFI3386WNUY.fastq.gz
IGVFFI3765NKCZ	raw	IGVFDS9131TLJM	C29	16	reads	fastq	2854932777	f51bb9b6e8dddfde32810322f67dc79f	https://api.data.igvf.org/sequence-files/IGVFFI3765NKCZ/@@download/IGVFFI3765NKCZ.fastq.gz	s3://igvf-public/2024/11/16/6536ecad-a882-4dab-a2b5-7abaa6f55b23/IGVFFI3765NKCZ.fastq.gz
IGVFFI4622ZWOT	raw	IGVFDS9131TLJM	C29	16	reads	fastq	2967395883	e459b30a37949a7f73139f37899c783c	https://api.data.igvf.org/sequence-files/IGVFFI4622ZWOT/@@download/IGVFFI4622ZWOT.fastq.gz	s3://igvf-public/2024/11/16/fb07b04a-e353-4c1e-b331-26e204365b64/IGVFFI4622ZWOT.fastq.gz
IGVFFI5438FMTK	raw	IGVFDS9131TLJM	C29	16	reads	fastq	2897617013	1e26bf10b5072de7cf033109419c5249	https://api.data.igvf.org/sequence-files/IGVFFI5438FMTK/@@download/IGVFFI5438FMTK.fastq.gz	s3://igvf-public/2024/11/16/4c0fe68a-954c-4bf6-8eff-7ed0c7ee949c/IGVFFI5438FMTK.fastq.gz
IGVFFI5984WPOK	raw	IGVFDS9131TLJM	C29	16	reads	fastq	2739075758	2c0e1d6e93241a3f061a22e1ebbe7220	https://api.data.igvf.org/sequence-files/IGVFFI5984WPOK/@@download/IGVFFI5984WPOK.fastq.gz	s3://igvf-public/2024/11/16/c2e2773c-9355-4467-9547-32c09b6f8d05/IGVFFI5984WPOK.fastq.gz
IGVFFI6051UOKG	raw	IGVFDS9131TLJM	C29	16	reads	fastq	2781120037	5ccb4991b36ac8abffc03f0742ba9790	https://api.data.igvf.org/sequence-files/IGVFFI6051UOKG/@@download/IGVFFI6051UOKG.fastq.gz	s3://igvf-public/2024/11/16/318b0009-8ee7-4574-8172-09b44e33c95c/IGVFFI6051UOKG.fastq.gz
IGVFFI6106FCKT	raw	IGVFDS9131TLJM	C29	16	reads	fastq	2936670728	ee43352b408f6583cdc05c348e2f56da	https://api.data.igvf.org/sequence-files/IGVFFI6106FCKT/@@download/IGVFFI6106FCKT.fastq.gz	s3://igvf-public/2024/11/16/e6015364-2aa6-4117-a756-92b5cfe7bcb2/IGVFFI6106FCKT.fastq.gz
IGVFFI9177KBRA	raw	IGVFDS9131TLJM	C29	16	reads	fastq	2780642245	6c947ed94f2f8e06a4debca1f8fa1595	https://api.data.igvf.org/sequence-files/IGVFFI9177KBRA/@@download/IGVFFI9177KBRA.fastq.gz	s3://igvf-public/2024/11/16/94d41e52-7499-4ffd-873a-e328932b6a4f/IGVFFI9177KBRA.fastq.gz
IGVFFI9754SOQX	raw	IGVFDS9131TLJM	C29	16	reads	fastq	2841316506	49727c478e8fc66caea96e8f08c4b4be	https://api.data.igvf.org/sequence-files/IGVFFI9754SOQX/@@download/IGVFFI9754SOQX.fastq.gz	s3://igvf-public/2024/11/16/a611c86d-2cfb-4fd2-819a-0f645bbab91a/IGVFFI9754SOQX.fastq.gz
IGVFFI1356YEAX	raw	IGVFDS7377KJJR	C29	18	reads	fastq	2425036024	510b91e50ef874a394bab736e579a6f5	https://api.data.igvf.org/sequence-files/IGVFFI1356YEAX/@@download/IGVFFI1356YEAX.fastq.gz	s3://igvf-public/2024/11/18/895a9463-c253-400b-9c0d-df837d1aca95/IGVFFI1356YEAX.fastq.gz
IGVFFI1748PXEG	raw	IGVFDS7377KJJR	C29	18	reads	fastq	2416019421	d9a10b7d209731e7876e862011e7079e	https://api.data.igvf.org/sequence-files/IGVFFI1748PXEG/@@download/IGVFFI1748PXEG.fastq.gz	s3://igvf-public/2024/11/18/33cde0c1-6710-45f7-8ab5-7b4e932a4998/IGVFFI1748PXEG.fastq.gz
IGVFFI1867FAQY	raw	IGVFDS7377KJJR	C29	18	reads	fastq	2524557688	ea173004dcbc90193452a517caf39781	https://api.data.igvf.org/sequence-files/IGVFFI1867FAQY/@@download/IGVFFI1867FAQY.fastq.gz	s3://igvf-public/2024/11/18/fbd2803d-a658-4b10-b02f-adcc56980423/IGVFFI1867FAQY.fastq.gz
IGVFFI2320PDGL	raw	IGVFDS7377KJJR	C29	18	reads	fastq	2521550115	1b3f04823e8d5c7ee83988c0080258f6	https://api.data.igvf.org/sequence-files/IGVFFI2320PDGL/@@download/IGVFFI2320PDGL.fastq.gz	s3://igvf-public/2024/11/18/ee2cb986-0be9-49dd-88e2-4b6e55e8e665/IGVFFI2320PDGL.fastq.gz
IGVFFI2744IEKV	raw	IGVFDS7377KJJR	C29	18	reads	fastq	2540734904	61a8ab7971b7cab39008e114823dfbdc	https://api.data.igvf.org/sequence-files/IGVFFI2744IEKV/@@download/IGVFFI2744IEKV.fastq.gz	s3://igvf-public/2024/11/18/aa555d25-20b6-4261-a9c8-4539ad708421/IGVFFI2744IEKV.fastq.gz
IGVFFI3036XZRW	raw	IGVFDS7377KJJR	C29	18	reads	fastq	2448130525	26988138a3efe23eee9633cb2b54c060	https://api.data.igvf.org/sequence-files/IGVFFI3036XZRW/@@download/IGVFFI3036XZRW.fastq.gz	s3://igvf-public/2024/11/18/f8da2481-6854-4531-91c7-f3d6fbc77005/IGVFFI3036XZRW.fastq.gz
IGVFFI4302TZPT	raw	IGVFDS7377KJJR	C29	18	reads	fastq	2487292369	579c20320b0abd46531764d8b5d427c1	https://api.data.igvf.org/sequence-files/IGVFFI4302TZPT/@@download/IGVFFI4302TZPT.fastq.gz	s3://igvf-public/2024/11/18/1ad6c284-7bd9-40c0-9888-9305e5e47de6/IGVFFI4302TZPT.fastq.gz
IGVFFI6041VAMH	raw	IGVFDS7377KJJR	C29	18	reads	fastq	2480269769	80592d4aa72b74859e9b0e3aa8a3a8d0	https://api.data.igvf.org/sequence-files/IGVFFI6041VAMH/@@download/IGVFFI6041VAMH.fastq.gz	s3://igvf-public/2024/11/18/d64d3f10-a872-434b-9a14-473e98f8aebc/IGVFFI6041VAMH.fastq.gz
IGVFFI6508NCXG	raw	IGVFDS7377KJJR	C29	18	reads	fastq	2397792498	c06e1b7d959aa9b023f4378c21ee17f2	https://api.data.igvf.org/sequence-files/IGVFFI6508NCXG/@@download/IGVFFI6508NCXG.fastq.gz	s3://igvf-public/2024/11/18/82d724f3-7684-4a0c-ba2a-97bd7e09332f/IGVFFI6508NCXG.fastq.gz
IGVFFI6726KXLI	raw	IGVFDS7377KJJR	C29	18	reads	fastq	2474804582	0837402e2798185ba4962b212c4580cc	https://api.data.igvf.org/sequence-files/IGVFFI6726KXLI/@@download/IGVFFI6726KXLI.fastq.gz	s3://igvf-public/2024/11/18/8d794e70-a13f-4093-8cc0-4051842d32fe/IGVFFI6726KXLI.fastq.gz
IGVFFI7085BTHA	raw	IGVFDS7377KJJR	C29	18	reads	fastq	2510442052	21a6ef5395763aa6c9ce716fbe982b32	https://api.data.igvf.org/sequence-files/IGVFFI7085BTHA/@@download/IGVFFI7085BTHA.fastq.gz	s3://igvf-public/2024/11/18/cb37594b-aa61-4313-bd35-0920aed57746/IGVFFI7085BTHA.fastq.gz
IGVFFI7661LVVM	raw	IGVFDS7377KJJR	C29	18	reads	fastq	2406724142	d9d2384f4466afb926eb5698de84bf03	https://api.data.igvf.org/sequence-files/IGVFFI7661LVVM/@@download/IGVFFI7661LVVM.fastq.gz	s3://igvf-public/2024/11/18/59b66881-4468-4a35-813c-3f24e0454ddd/IGVFFI7661LVVM.fastq.gz
IGVFFI8102CRMC	raw	IGVFDS7377KJJR	C29	18	reads	fastq	2518637954	05cd86507ed4e742edef369a4a1373ba	https://api.data.igvf.org/sequence-files/IGVFFI8102CRMC/@@download/IGVFFI8102CRMC.fastq.gz	s3://igvf-public/2024/11/18/7017025e-6a75-4287-8d80-fac04ff175b5/IGVFFI8102CRMC.fastq.gz
IGVFFI9012IGWH	raw	IGVFDS7377KJJR	C29	18	reads	fastq	2403468848	1e07960789e1178c1e9d4cd60b3217b2	https://api.data.igvf.org/sequence-files/IGVFFI9012IGWH/@@download/IGVFFI9012IGWH.fastq.gz	s3://igvf-public/2024/11/18/1e2df01f-7f3d-493e-8217-165a7d70702d/IGVFFI9012IGWH.fastq.gz
IGVFFI9326XMUF	raw	IGVFDS7377KJJR	C29	18	reads	fastq	2423262684	6539a6ddbe4dae9f295c8352f99bd704	https://api.data.igvf.org/sequence-files/IGVFFI9326XMUF/@@download/IGVFFI9326XMUF.fastq.gz	s3://igvf-public/2024/11/18/18b55659-13f7-4e31-9819-96a2b5204a62/IGVFFI9326XMUF.fastq.gz
IGVFFI9519VMHD	raw	IGVFDS7377KJJR	C29	18	reads	fastq	2437531101	e0ed9a670957d6f3170c45774dc100b3	https://api.data.igvf.org/sequence-files/IGVFFI9519VMHD/@@download/IGVFFI9519VMHD.fastq.gz	s3://igvf-public/2024/11/18/3523189f-ba3f-4c90-b52b-7a9a493a95a2/IGVFFI9519VMHD.fastq.gz
IGVFFI0326VDZG	raw	IGVFDS0357HJRR	C29	1	reads	fastq	3031292903	dba6e002e990bda2562e99eadc169c4d	https://api.data.igvf.org/sequence-files/IGVFFI0326VDZG/@@download/IGVFFI0326VDZG.fastq.gz	s3://igvf-public/2024/11/16/3c932f06-e48a-4a4e-bc3c-f84fdf6744fd/IGVFFI0326VDZG.fastq.gz
IGVFFI0873KWKS	raw	IGVFDS0357HJRR	C29	1	reads	fastq	3067258485	594507b969584096156dbdecd8036ac0	https://api.data.igvf.org/sequence-files/IGVFFI0873KWKS/@@download/IGVFFI0873KWKS.fastq.gz	s3://igvf-public/2024/11/16/2c1a59f1-0a37-4365-bcc4-e998c4c9a8b6/IGVFFI0873KWKS.fastq.gz
IGVFFI0883GHMI	raw	IGVFDS0357HJRR	C29	1	reads	fastq	3010945251	bddd25819621ffa97afefa0e25d838a2	https://api.data.igvf.org/sequence-files/IGVFFI0883GHMI/@@download/IGVFFI0883GHMI.fastq.gz	s3://igvf-public/2024/11/16/53965fb0-2515-4b18-b3a8-c184f3397e84/IGVFFI0883GHMI.fastq.gz
IGVFFI0938ZXEM	raw	IGVFDS0357HJRR	C29	1	reads	fastq	2965367543	deb8c6aa70e2e66b98a0c67ec25c2395	https://api.data.igvf.org/sequence-files/IGVFFI0938ZXEM/@@download/IGVFFI0938ZXEM.fastq.gz	s3://igvf-public/2024/11/16/b62a0f96-f06d-42cf-8db2-1773719de8c4/IGVFFI0938ZXEM.fastq.gz
IGVFFI2714ZSEW	raw	IGVFDS0357HJRR	C29	1	reads	fastq	2971591824	2a6a9574199df78af6c99c8912a84da6	https://api.data.igvf.org/sequence-files/IGVFFI2714ZSEW/@@download/IGVFFI2714ZSEW.fastq.gz	s3://igvf-public/2024/11/16/08ebb88f-b450-4ad1-a8ea-203d724c5957/IGVFFI2714ZSEW.fastq.gz
IGVFFI2791WXMP	raw	IGVFDS0357HJRR	C29	1	reads	fastq	2836602196	95b81029a1f257278df768d0c6fccfd4	https://api.data.igvf.org/sequence-files/IGVFFI2791WXMP/@@download/IGVFFI2791WXMP.fastq.gz	s3://igvf-public/2024/11/16/cdf6f557-5da4-4d88-92d5-5a8c90ef4fe4/IGVFFI2791WXMP.fastq.gz
IGVFFI4250XLUW	raw	IGVFDS0357HJRR	C29	1	reads	fastq	3012978427	bef2979f3d0001afad1b9a730a0c0e26	https://api.data.igvf.org/sequence-files/IGVFFI4250XLUW/@@download/IGVFFI4250XLUW.fastq.gz	s3://igvf-public/2024/11/16/41ae3454-fed2-442d-8feb-95068bea247e/IGVFFI4250XLUW.fastq.gz
IGVFFI4737PNVI	raw	IGVFDS0357HJRR	C29	1	reads	fastq	2935395870	8665e536d91b15d55ac5cbffe5082b32	https://api.data.igvf.org/sequence-files/IGVFFI4737PNVI/@@download/IGVFFI4737PNVI.fastq.gz	s3://igvf-public/2024/11/16/e3243d95-0216-44f6-a353-49c6e88e61d0/IGVFFI4737PNVI.fastq.gz
IGVFFI4783DNSQ	raw	IGVFDS0357HJRR	C29	1	reads	fastq	3093656375	1e9a3df971ebf93b31e270d4e740ddac	https://api.data.igvf.org/sequence-files/IGVFFI4783DNSQ/@@download/IGVFFI4783DNSQ.fastq.gz	s3://igvf-public/2024/11/16/b036fe7e-5d18-424c-97b7-5b82806ade51/IGVFFI4783DNSQ.fastq.gz
IGVFFI5021VIRD	raw	IGVFDS0357HJRR	C29	1	reads	fastq	3014630284	d60f09c59f851f89a83de1704a99a73e	https://api.data.igvf.org/sequence-files/IGVFFI5021VIRD/@@download/IGVFFI5021VIRD.fastq.gz	s3://igvf-public/2024/11/16/a91cda18-2cca-49a4-b543-61da1e4cb353/IGVFFI5021VIRD.fastq.gz
IGVFFI6395KUSC	raw	IGVFDS0357HJRR	C29	1	reads	fastq	2889101490	5411bf472daf62f70d7c9bafbbe199fd	https://api.data.igvf.org/sequence-files/IGVFFI6395KUSC/@@download/IGVFFI6395KUSC.fastq.gz	s3://igvf-public/2024/11/16/c27f1809-9c8b-455c-ae6d-7a8eeebfc215/IGVFFI6395KUSC.fastq.gz
IGVFFI6614ZYXE	raw	IGVFDS0357HJRR	C29	1	reads	fastq	2938130951	ef787bac1c2c47fb5a187957cbc19d5b	https://api.data.igvf.org/sequence-files/IGVFFI6614ZYXE/@@download/IGVFFI6614ZYXE.fastq.gz	s3://igvf-public/2024/11/16/34387fcf-894d-42ed-9496-1a594271fa96/IGVFFI6614ZYXE.fastq.gz
IGVFFI6691DRMG	raw	IGVFDS0357HJRR	C29	1	reads	fastq	2996641980	2f0405beea11945f1076845dac22ee17	https://api.data.igvf.org/sequence-files/IGVFFI6691DRMG/@@download/IGVFFI6691DRMG.fastq.gz	s3://igvf-public/2024/11/16/d2527260-f67d-461d-a1a0-abc63a0e0a65/IGVFFI6691DRMG.fastq.gz
IGVFFI7507TUPR	raw	IGVFDS0357HJRR	C29	1	reads	fastq	2883869348	4e88572b4cbc09180883379a6aaa8812	https://api.data.igvf.org/sequence-files/IGVFFI7507TUPR/@@download/IGVFFI7507TUPR.fastq.gz	s3://igvf-public/2024/11/16/955b3570-0430-4b9c-99eb-8a9462df2492/IGVFFI7507TUPR.fastq.gz
IGVFFI8029EWKQ	raw	IGVFDS0357HJRR	C29	1	reads	fastq	2939533184	139d61590248dd709769a0e8910f30f5	https://api.data.igvf.org/sequence-files/IGVFFI8029EWKQ/@@download/IGVFFI8029EWKQ.fastq.gz	s3://igvf-public/2024/11/16/35cad895-8c60-40ab-8271-a972597a0848/IGVFFI8029EWKQ.fastq.gz
IGVFFI9995KGQO	raw	IGVFDS0357HJRR	C29	1	reads	fastq	3043154245	235d8ff39e57c1f842df7dcea00bc4f5	https://api.data.igvf.org/sequence-files/IGVFFI9995KGQO/@@download/IGVFFI9995KGQO.fastq.gz	s3://igvf-public/2024/11/16/7f6646c1-e4a7-4bef-b5d3-3c2c04b45a12/IGVFFI9995KGQO.fastq.gz
IGVFFI0056UHML	raw	IGVFDS0964QENG	C29	3	reads	fastq	3133701974	8ee8348eca714c96372598d422c840eb	https://api.data.igvf.org/sequence-files/IGVFFI0056UHML/@@download/IGVFFI0056UHML.fastq.gz	s3://igvf-public/2024/11/15/a6aecb80-c418-47f0-ae29-545c0fb24a1c/IGVFFI0056UHML.fastq.gz
IGVFFI1364PJXG	raw	IGVFDS0964QENG	C29	3	reads	fastq	3217090688	2b5af242087c1ea2a9bde5e6ae85bbcb	https://api.data.igvf.org/sequence-files/IGVFFI1364PJXG/@@download/IGVFFI1364PJXG.fastq.gz	s3://igvf-public/2024/11/15/57e351d4-5e12-4a9e-b0c3-e449b3a38be1/IGVFFI1364PJXG.fastq.gz
IGVFFI1745PLEH	raw	IGVFDS0964QENG	C29	3	reads	fastq	3138613350	d22ecc3e58fe20ef6ac8b1db764849fa	https://api.data.igvf.org/sequence-files/IGVFFI1745PLEH/@@download/IGVFFI1745PLEH.fastq.gz	s3://igvf-public/2024/11/15/602b55f8-7645-4c74-9282-f620fae0affe/IGVFFI1745PLEH.fastq.gz
IGVFFI1958WWVV	raw	IGVFDS0964QENG	C29	3	reads	fastq	3172912736	7f8aaf5a52f943487f3f2a627ce2495a	https://api.data.igvf.org/sequence-files/IGVFFI1958WWVV/@@download/IGVFFI1958WWVV.fastq.gz	s3://igvf-public/2024/11/15/5fad209c-c06c-48c4-a6ca-9afa09a19346/IGVFFI1958WWVV.fastq.gz
IGVFFI2787UFJA	raw	IGVFDS0964QENG	C29	3	reads	fastq	3109247135	8448f1a0a804008176784af8af6b8eda	https://api.data.igvf.org/sequence-files/IGVFFI2787UFJA/@@download/IGVFFI2787UFJA.fastq.gz	s3://igvf-public/2024/11/15/29c196c3-a4ee-4dd0-9869-e9347883af3f/IGVFFI2787UFJA.fastq.gz
IGVFFI4124AWUX	raw	IGVFDS0964QENG	C29	3	reads	fastq	3179289342	06151c3f45cd88302c75ca95b1ffc226	https://api.data.igvf.org/sequence-files/IGVFFI4124AWUX/@@download/IGVFFI4124AWUX.fastq.gz	s3://igvf-public/2024/11/15/11343603-aa27-424d-91b2-4b8b77ad8cef/IGVFFI4124AWUX.fastq.gz
IGVFFI4408LTTU	raw	IGVFDS0964QENG	C29	3	reads	fastq	3101529650	cb54d92e878448d5d083eb5720ffff12	https://api.data.igvf.org/sequence-files/IGVFFI4408LTTU/@@download/IGVFFI4408LTTU.fastq.gz	s3://igvf-public/2024/11/15/3d1002b2-b35b-4334-8863-3111b0da5d0e/IGVFFI4408LTTU.fastq.gz
IGVFFI5295FJCM	raw	IGVFDS0964QENG	C29	3	reads	fastq	3207858414	1a9a3006eecf6b8c38dec19eaa8f2398	https://api.data.igvf.org/sequence-files/IGVFFI5295FJCM/@@download/IGVFFI5295FJCM.fastq.gz	s3://igvf-public/2024/11/15/76bad38f-a3c0-471b-8b45-d392983f92b8/IGVFFI5295FJCM.fastq.gz
IGVFFI5571OUJP	raw	IGVFDS0964QENG	C29	3	reads	fastq	3205198026	7029f1283cbaef4f5ba98e9056c9212e	https://api.data.igvf.org/sequence-files/IGVFFI5571OUJP/@@download/IGVFFI5571OUJP.fastq.gz	s3://igvf-public/2024/11/15/a81378f8-c4e6-41e6-b373-135a9d5a738d/IGVFFI5571OUJP.fastq.gz
IGVFFI5769NBPW	raw	IGVFDS0964QENG	C29	3	reads	fastq	3258606796	7198ef362703a797ddef2b767f05bd37	https://api.data.igvf.org/sequence-files/IGVFFI5769NBPW/@@download/IGVFFI5769NBPW.fastq.gz	s3://igvf-public/2024/11/15/89f2b265-a65f-4e26-adf5-e0eda0e89e9a/IGVFFI5769NBPW.fastq.gz
IGVFFI6868KALR	raw	IGVFDS0964QENG	C29	3	reads	fastq	3200231934	0d9068eb29bfcfa9472a969383719fe7	https://api.data.igvf.org/sequence-files/IGVFFI6868KALR/@@download/IGVFFI6868KALR.fastq.gz	s3://igvf-public/2024/11/15/0c871fe0-07ce-4f26-a567-9fce1c41a648/IGVFFI6868KALR.fastq.gz
IGVFFI6921EBKV	raw	IGVFDS0964QENG	C29	3	reads	fastq	3234510588	d0266eb6740bbde2f0d368073620245c	https://api.data.igvf.org/sequence-files/IGVFFI6921EBKV/@@download/IGVFFI6921EBKV.fastq.gz	s3://igvf-public/2024/11/15/dfcd00d5-b63a-4fce-9150-fc894f92ef70/IGVFFI6921EBKV.fastq.gz
IGVFFI9318HMLI	raw	IGVFDS0964QENG	C29	3	reads	fastq	3222853559	86b959c51f06b7b03e65905f5c28ce9a	https://api.data.igvf.org/sequence-files/IGVFFI9318HMLI/@@download/IGVFFI9318HMLI.fastq.gz	s3://igvf-public/2024/11/15/1cd032d3-fc43-41a1-a0ae-0c16f33a5b6f/IGVFFI9318HMLI.fastq.gz
IGVFFI9498CMUE	raw	IGVFDS0964QENG	C29	3	reads	fastq	3165287615	949866d783a43d40c68e85edd8b7e4d2	https://api.data.igvf.org/sequence-files/IGVFFI9498CMUE/@@download/IGVFFI9498CMUE.fastq.gz	s3://igvf-public/2024/11/15/c9f838c0-6914-48b7-9af7-5afade7f26f4/IGVFFI9498CMUE.fastq.gz
IGVFFI9646GKMV	raw	IGVFDS0964QENG	C29	3	reads	fastq	3214549585	2f64fd07caceb5c34b5fa5d8e45569f0	https://api.data.igvf.org/sequence-files/IGVFFI9646GKMV/@@download/IGVFFI9646GKMV.fastq.gz	s3://igvf-public/2024/11/15/470fbace-1593-4e09-8666-32491423985e/IGVFFI9646GKMV.fastq.gz
IGVFFI9953FIVX	raw	IGVFDS0964QENG	C29	3	reads	fastq	3171928295	62974c20dc82f6848a2b40ac98408211	https://api.data.igvf.org/sequence-files/IGVFFI9953FIVX/@@download/IGVFFI9953FIVX.fastq.gz	s3://igvf-public/2024/11/15/74201f90-4a06-4cab-aee7-ec76e07223be/IGVFFI9953FIVX.fastq.gz
IGVFFI0115RERY	raw	IGVFDS1011YMSG	C29	5	reads	fastq	3326406814	1c164a3b1fe137be0d13477348d685e5	https://api.data.igvf.org/sequence-files/IGVFFI0115RERY/@@download/IGVFFI0115RERY.fastq.gz	s3://igvf-public/2024/11/15/8c44c47f-d620-4ee5-ad63-b0fa6ac58009/IGVFFI0115RERY.fastq.gz
IGVFFI1237BPDO	raw	IGVFDS1011YMSG	C29	5	reads	fastq	3369249797	4638b91466008c9fda61b66a3c4d3181	https://api.data.igvf.org/sequence-files/IGVFFI1237BPDO/@@download/IGVFFI1237BPDO.fastq.gz	s3://igvf-public/2024/11/15/d74cee6c-c1eb-42a1-a458-9a9d2bfba908/IGVFFI1237BPDO.fastq.gz
IGVFFI1447DBLJ	raw	IGVFDS1011YMSG	C29	5	reads	fastq	3325847455	53c64cc8ce89a77c970c5923cb8171dd	https://api.data.igvf.org/sequence-files/IGVFFI1447DBLJ/@@download/IGVFFI1447DBLJ.fastq.gz	s3://igvf-public/2024/11/15/90b1d206-0ba4-46d8-b98f-ad5b6d79811d/IGVFFI1447DBLJ.fastq.gz
IGVFFI2466SOLZ	raw	IGVFDS1011YMSG	C29	5	reads	fastq	3321504239	45655171e6df42e761f7db846180c1f5	https://api.data.igvf.org/sequence-files/IGVFFI2466SOLZ/@@download/IGVFFI2466SOLZ.fastq.gz	s3://igvf-public/2024/11/15/8cdbfb6f-6b65-4489-91c0-3d6ac087f319/IGVFFI2466SOLZ.fastq.gz
IGVFFI2646NOSA	raw	IGVFDS1011YMSG	C29	5	reads	fastq	3342057416	1fde9ec696662e3e2a51687b8235c719	https://api.data.igvf.org/sequence-files/IGVFFI2646NOSA/@@download/IGVFFI2646NOSA.fastq.gz	s3://igvf-public/2024/11/15/3a661c8e-4c48-4051-8182-9a513d18cd18/IGVFFI2646NOSA.fastq.gz
IGVFFI3301GYAT	raw	IGVFDS1011YMSG	C29	5	reads	fastq	3323064788	f4a4ef4b12315ffc89bcd019fd721f10	https://api.data.igvf.org/sequence-files/IGVFFI3301GYAT/@@download/IGVFFI3301GYAT.fastq.gz	s3://igvf-public/2024/11/15/036fd9dc-7ce2-45aa-83a9-aaec24c538ce/IGVFFI3301GYAT.fastq.gz
IGVFFI3769YALW	raw	IGVFDS1011YMSG	C29	5	reads	fastq	3345710871	8ea53dab28bf2bc1eb3cd089f2cb1098	https://api.data.igvf.org/sequence-files/IGVFFI3769YALW/@@download/IGVFFI3769YALW.fastq.gz	s3://igvf-public/2024/11/15/e6219f7d-cf61-4a0d-a43d-9f98ea3a7a5d/IGVFFI3769YALW.fastq.gz
IGVFFI4135YTZB	raw	IGVFDS1011YMSG	C29	5	reads	fastq	3337334077	5035c9da91f73e67c1a1f6ec53cb735a	https://api.data.igvf.org/sequence-files/IGVFFI4135YTZB/@@download/IGVFFI4135YTZB.fastq.gz	s3://igvf-public/2024/11/15/38c2d864-6d40-4d8e-bedc-5231aa363131/IGVFFI4135YTZB.fastq.gz
IGVFFI5405CNYC	raw	IGVFDS1011YMSG	C29	5	reads	fastq	3308899523	1512b9fd03f51d3f7301877c2865fe25	https://api.data.igvf.org/sequence-files/IGVFFI5405CNYC/@@download/IGVFFI5405CNYC.fastq.gz	s3://igvf-public/2024/11/15/b6d5291e-8254-4de9-b543-c2eebb48eebb/IGVFFI5405CNYC.fastq.gz
IGVFFI5836QZYR	raw	IGVFDS1011YMSG	C29	5	reads	fastq	3228237849	2a3b9390ad7f3ad694cc283cefce912d	https://api.data.igvf.org/sequence-files/IGVFFI5836QZYR/@@download/IGVFFI5836QZYR.fastq.gz	s3://igvf-public/2024/11/15/1462a989-7e19-498c-9104-b7390dbe69d9/IGVFFI5836QZYR.fastq.gz
IGVFFI7719LFYP	raw	IGVFDS1011YMSG	C29	5	reads	fastq	3278402375	c82d92c306048a43d9ae2ebec66160ff	https://api.data.igvf.org/sequence-files/IGVFFI7719LFYP/@@download/IGVFFI7719LFYP.fastq.gz	s3://igvf-public/2024/11/15/294b96cf-d414-4a63-8e5a-ef17d7ec9266/IGVFFI7719LFYP.fastq.gz
IGVFFI7738AVCX	raw	IGVFDS1011YMSG	C29	5	reads	fastq	3327390529	8c8e6e2c33a4f63a00edbc79cd65f84e	https://api.data.igvf.org/sequence-files/IGVFFI7738AVCX/@@download/IGVFFI7738AVCX.fastq.gz	s3://igvf-public/2024/11/15/c4634f42-708c-4fde-91e7-15384c0e22c9/IGVFFI7738AVCX.fastq.gz
IGVFFI8174BUQC	raw	IGVFDS1011YMSG	C29	5	reads	fastq	3267818666	24438a66ab1ba92c12a983fa6f4cb6c7	https://api.data.igvf.org/sequence-files/IGVFFI8174BUQC/@@download/IGVFFI8174BUQC.fastq.gz	s3://igvf-public/2024/11/15/a719f27d-8642-4d3c-bbd1-5c8cb28965eb/IGVFFI8174BUQC.fastq.gz
IGVFFI8529ETQV	raw	IGVFDS1011YMSG	C29	5	reads	fastq	3279477440	bfcefb1ea2260bf89cbe325f62d78493	https://api.data.igvf.org/sequence-files/IGVFFI8529ETQV/@@download/IGVFFI8529ETQV.fastq.gz	s3://igvf-public/2024/11/15/d4d7218f-736e-414e-89eb-1cdb4858892f/IGVFFI8529ETQV.fastq.gz
IGVFFI8839ARYM	raw	IGVFDS1011YMSG	C29	5	reads	fastq	3266024062	1adf543fd225b0d2d9eb056aa5706fad	https://api.data.igvf.org/sequence-files/IGVFFI8839ARYM/@@download/IGVFFI8839ARYM.fastq.gz	s3://igvf-public/2024/11/15/edb1fbbc-6b6f-4ac1-ba6d-0e8a19255f1a/IGVFFI8839ARYM.fastq.gz
IGVFFI9298GALP	raw	IGVFDS1011YMSG	C29	5	reads	fastq	3229745893	4ec17a17ea332df83d6672fc233b7b41	https://api.data.igvf.org/sequence-files/IGVFFI9298GALP/@@download/IGVFFI9298GALP.fastq.gz	s3://igvf-public/2024/11/15/57c6fa0b-894e-4008-805a-b95cca2823ec/IGVFFI9298GALP.fastq.gz
IGVFFI0538ABRP	raw	IGVFDS9901QUGC	C29	7	reads	fastq	2466664276	a5e7d1ef30ecbf0145b48becd307923c	https://api.data.igvf.org/sequence-files/IGVFFI0538ABRP/@@download/IGVFFI0538ABRP.fastq.gz	s3://igvf-public/2024/11/18/be347c9a-eb69-4338-a1ab-f0d031dd8567/IGVFFI0538ABRP.fastq.gz
IGVFFI1231GCER	raw	IGVFDS9901QUGC	C29	7	reads	fastq	2550710269	3ab8c1e0ddb8141e3cee41d0f1cd78c9	https://api.data.igvf.org/sequence-files/IGVFFI1231GCER/@@download/IGVFFI1231GCER.fastq.gz	s3://igvf-public/2024/11/18/d9353e76-91fd-4fa1-abd7-2e43b95cbdbe/IGVFFI1231GCER.fastq.gz
IGVFFI1448ZUAT	raw	IGVFDS9901QUGC	C29	7	reads	fastq	2469191590	ce4b598f119cd1018f9d5b2f77bf97d2	https://api.data.igvf.org/sequence-files/IGVFFI1448ZUAT/@@download/IGVFFI1448ZUAT.fastq.gz	s3://igvf-public/2024/11/18/e06cbd2f-dfa0-4c35-8919-2508d6ce0986/IGVFFI1448ZUAT.fastq.gz
IGVFFI2911XJFJ	raw	IGVFDS9901QUGC	C29	7	reads	fastq	2542185767	08ee6515886243a88f539f6171c172f9	https://api.data.igvf.org/sequence-files/IGVFFI2911XJFJ/@@download/IGVFFI2911XJFJ.fastq.gz	s3://igvf-public/2024/11/18/47c1a226-c3ae-4ad1-baa4-0c0232bab15c/IGVFFI2911XJFJ.fastq.gz
IGVFFI4474OLAD	raw	IGVFDS9901QUGC	C29	7	reads	fastq	2483031651	6622553a2a43989f5a51f8b2ae5ecb77	https://api.data.igvf.org/sequence-files/IGVFFI4474OLAD/@@download/IGVFFI4474OLAD.fastq.gz	s3://igvf-public/2024/11/18/797d9cd9-8175-4aac-9747-467e28afef66/IGVFFI4474OLAD.fastq.gz
IGVFFI4806DSVV	raw	IGVFDS9901QUGC	C29	7	reads	fastq	2557238850	f524d1c6f86c7b59b57ece3af9354534	https://api.data.igvf.org/sequence-files/IGVFFI4806DSVV/@@download/IGVFFI4806DSVV.fastq.gz	s3://igvf-public/2024/11/18/30960ece-07b1-419f-8d47-0c354ffbf635/IGVFFI4806DSVV.fastq.gz
IGVFFI4979CSAF	raw	IGVFDS9901QUGC	C29	7	reads	fastq	2428808403	81e3b03160ebe52e630d3b7b9a185d90	https://api.data.igvf.org/sequence-files/IGVFFI4979CSAF/@@download/IGVFFI4979CSAF.fastq.gz	s3://igvf-public/2024/11/18/1807dd12-b38a-4a32-947d-b7b8af37b11d/IGVFFI4979CSAF.fastq.gz
IGVFFI5003ZKJG	raw	IGVFDS9901QUGC	C29	7	reads	fastq	2434793146	d339b05bc4e8ed7fb773ece0c739e6b1	https://api.data.igvf.org/sequence-files/IGVFFI5003ZKJG/@@download/IGVFFI5003ZKJG.fastq.gz	s3://igvf-public/2024/11/18/9384d3fd-afdd-457c-a6df-ab0a8cd54dd9/IGVFFI5003ZKJG.fastq.gz
IGVFFI7757XZSQ	raw	IGVFDS9901QUGC	C29	7	reads	fastq	2434450751	b9c9d3fa580d03f9e095f7611f270340	https://api.data.igvf.org/sequence-files/IGVFFI7757XZSQ/@@download/IGVFFI7757XZSQ.fastq.gz	s3://igvf-public/2024/11/18/51a7a72b-c140-410a-a019-8a471bacf574/IGVFFI7757XZSQ.fastq.gz
IGVFFI8035VUSM	raw	IGVFDS9901QUGC	C29	7	reads	fastq	2500377911	5229892d919dc733c3b534be264a1bc3	https://api.data.igvf.org/sequence-files/IGVFFI8035VUSM/@@download/IGVFFI8035VUSM.fastq.gz	s3://igvf-public/2024/11/18/7c798ed2-0718-4ca6-8d43-02871501081a/IGVFFI8035VUSM.fastq.gz
IGVFFI8268WLJN	raw	IGVFDS9901QUGC	C29	7	reads	fastq	2523832544	403907fadb067eecb85f5d0a3d48e126	https://api.data.igvf.org/sequence-files/IGVFFI8268WLJN/@@download/IGVFFI8268WLJN.fastq.gz	s3://igvf-public/2024/11/18/5a034697-6ac9-4984-9e75-f626b68ef8e6/IGVFFI8268WLJN.fastq.gz
IGVFFI8387LMBZ	raw	IGVFDS9901QUGC	C29	7	reads	fastq	2466179831	d36af6a240defdf1d447bd9804644017	https://api.data.igvf.org/sequence-files/IGVFFI8387LMBZ/@@download/IGVFFI8387LMBZ.fastq.gz	s3://igvf-public/2024/11/18/4b1ee35e-194f-4ef3-b0dd-c90e4895bdf9/IGVFFI8387LMBZ.fastq.gz
IGVFFI8629JQLZ	raw	IGVFDS9901QUGC	C29	7	reads	fastq	2500252644	a30053dcef6d66bdd175b25cd1a1dce1	https://api.data.igvf.org/sequence-files/IGVFFI8629JQLZ/@@download/IGVFFI8629JQLZ.fastq.gz	s3://igvf-public/2024/11/18/bed02c2b-3960-4268-a698-aa2582544fae/IGVFFI8629JQLZ.fastq.gz
IGVFFI8654UVXR	raw	IGVFDS9901QUGC	C29	7	reads	fastq	2544100038	ab8c48334c793a0a61c7c13d032245e9	https://api.data.igvf.org/sequence-files/IGVFFI8654UVXR/@@download/IGVFFI8654UVXR.fastq.gz	s3://igvf-public/2024/11/18/96cc197f-f275-4b14-a30d-e9f15e5f5fe2/IGVFFI8654UVXR.fastq.gz
IGVFFI9058NLMZ	raw	IGVFDS9901QUGC	C29	7	reads	fastq	2475593017	dc50a8ed423c72d1293a9a467096eb81	https://api.data.igvf.org/sequence-files/IGVFFI9058NLMZ/@@download/IGVFFI9058NLMZ.fastq.gz	s3://igvf-public/2024/11/18/edfbcc27-ba72-4fb4-b611-a4cd6cd511a5/IGVFFI9058NLMZ.fastq.gz
IGVFFI9450GKCQ	raw	IGVFDS9901QUGC	C29	7	reads	fastq	2413166485	301de483bca597af4f33e567a57bc3d9	https://api.data.igvf.org/sequence-files/IGVFFI9450GKCQ/@@download/IGVFFI9450GKCQ.fastq.gz	s3://igvf-public/2024/11/18/45fda576-97b1-4e6c-b785-4bb6093542d9/IGVFFI9450GKCQ.fastq.gz
IGVFFI0276ZSDM	raw	IGVFDS8972AAEC	C29	9	reads	fastq	2569225020	3504d3902fea4e097a30d338ca90c16c	https://api.data.igvf.org/sequence-files/IGVFFI0276ZSDM/@@download/IGVFFI0276ZSDM.fastq.gz	s3://igvf-public/2024/11/18/16873331-06f9-44ee-87ad-144924f1b830/IGVFFI0276ZSDM.fastq.gz
IGVFFI1293OYYC	raw	IGVFDS8972AAEC	C29	9	reads	fastq	2582201512	cfe522c3542163f7fc094813ddcc38f9	https://api.data.igvf.org/sequence-files/IGVFFI1293OYYC/@@download/IGVFFI1293OYYC.fastq.gz	s3://igvf-public/2024/11/18/4df5340a-4d17-45a2-84ee-f48256397e40/IGVFFI1293OYYC.fastq.gz
IGVFFI1609MKDA	raw	IGVFDS8972AAEC	C29	9	reads	fastq	2590858251	6a136e95e920de8c98ec23dde16ad3ff	https://api.data.igvf.org/sequence-files/IGVFFI1609MKDA/@@download/IGVFFI1609MKDA.fastq.gz	s3://igvf-public/2024/11/18/9b8af9b0-b81d-4379-a86d-79123680bc6c/IGVFFI1609MKDA.fastq.gz
IGVFFI3720NTQI	raw	IGVFDS8972AAEC	C29	9	reads	fastq	2508172782	2b6ce0bdfa710f11909f1dbd6bf7d5b2	https://api.data.igvf.org/sequence-files/IGVFFI3720NTQI/@@download/IGVFFI3720NTQI.fastq.gz	s3://igvf-public/2024/11/18/942c0be9-40ea-4235-bac8-213930adf20e/IGVFFI3720NTQI.fastq.gz
IGVFFI4420FOXI	raw	IGVFDS8972AAEC	C29	9	reads	fastq	2591611121	587ccfd29217b497465d7ad90443a73e	https://api.data.igvf.org/sequence-files/IGVFFI4420FOXI/@@download/IGVFFI4420FOXI.fastq.gz	s3://igvf-public/2024/11/18/549d1a32-9249-4bd2-bdf7-c22a03d1cf23/IGVFFI4420FOXI.fastq.gz
IGVFFI4523MNOB	raw	IGVFDS8972AAEC	C29	9	reads	fastq	2592867754	a43305c4ba7f59ad39e2d1c1eee2a4ac	https://api.data.igvf.org/sequence-files/IGVFFI4523MNOB/@@download/IGVFFI4523MNOB.fastq.gz	s3://igvf-public/2024/11/18/35cc2063-2d45-48a4-9f2c-9e80b1ea27c1/IGVFFI4523MNOB.fastq.gz
IGVFFI4606CDOJ	raw	IGVFDS8972AAEC	C29	9	reads	fastq	2516462825	fa5cb0f960833330274b90c10915f32c	https://api.data.igvf.org/sequence-files/IGVFFI4606CDOJ/@@download/IGVFFI4606CDOJ.fastq.gz	s3://igvf-public/2024/11/18/e8768c53-c86a-40f0-b8b1-5df2cd1d54dd/IGVFFI4606CDOJ.fastq.gz
IGVFFI4621AOAF	raw	IGVFDS8972AAEC	C29	9	reads	fastq	2518799281	272b3703d9253e6cb2969f6b09655fb2	https://api.data.igvf.org/sequence-files/IGVFFI4621AOAF/@@download/IGVFFI4621AOAF.fastq.gz	s3://igvf-public/2024/11/18/83c89de5-9f9c-4356-95a8-afa9c13ab81b/IGVFFI4621AOAF.fastq.gz
IGVFFI4889QRGW	raw	IGVFDS8972AAEC	C29	9	reads	fastq	2582742598	0c9cfb5e5543948eba9c077f44bb78d6	https://api.data.igvf.org/sequence-files/IGVFFI4889QRGW/@@download/IGVFFI4889QRGW.fastq.gz	s3://igvf-public/2024/11/18/d368ab98-2b77-4e96-ad0a-3adf23baa930/IGVFFI4889QRGW.fastq.gz
IGVFFI5997SFNS	raw	IGVFDS8972AAEC	C29	9	reads	fastq	2621176545	15fb35d0a521cd482b8a1913851bf0bc	https://api.data.igvf.org/sequence-files/IGVFFI5997SFNS/@@download/IGVFFI5997SFNS.fastq.gz	s3://igvf-public/2024/11/18/4db6a918-6ce1-4b53-9d2c-3dff1f1c52f5/IGVFFI5997SFNS.fastq.gz
IGVFFI6079MSAV	raw	IGVFDS8972AAEC	C29	9	reads	fastq	2513351803	6551dcb9f30f6a5ebd38c450372a644c	https://api.data.igvf.org/sequence-files/IGVFFI6079MSAV/@@download/IGVFFI6079MSAV.fastq.gz	s3://igvf-public/2024/11/18/c6183cfb-1f10-41df-91b2-947401512972/IGVFFI6079MSAV.fastq.gz
IGVFFI6837BBCK	raw	IGVFDS8972AAEC	C29	9	reads	fastq	2540463511	5a4c274287f81bc3a7d1070ce960392e	https://api.data.igvf.org/sequence-files/IGVFFI6837BBCK/@@download/IGVFFI6837BBCK.fastq.gz	s3://igvf-public/2024/11/18/2c8d4c3c-c98b-4cc3-977a-628f3adf72f5/IGVFFI6837BBCK.fastq.gz
IGVFFI6940DOBO	raw	IGVFDS8972AAEC	C29	9	reads	fastq	2499242996	ed4900d31924b3c58e7f8a38c03ad6ce	https://api.data.igvf.org/sequence-files/IGVFFI6940DOBO/@@download/IGVFFI6940DOBO.fastq.gz	s3://igvf-public/2024/11/18/adc24efb-162c-4735-8e18-ac00e207e1bb/IGVFFI6940DOBO.fastq.gz
IGVFFI8344TEDV	raw	IGVFDS8972AAEC	C29	9	reads	fastq	2565761284	15d2fd68eabb4dd2ba7502194fba2cc6	https://api.data.igvf.org/sequence-files/IGVFFI8344TEDV/@@download/IGVFFI8344TEDV.fastq.gz	s3://igvf-public/2024/11/18/ade0700c-761b-41e4-aab4-975c1a08c97b/IGVFFI8344TEDV.fastq.gz
IGVFFI8592OATP	raw	IGVFDS8972AAEC	C29	9	reads	fastq	2491278588	2ea6becf6e303e51c9d2dda3b6a65325	https://api.data.igvf.org/sequence-files/IGVFFI8592OATP/@@download/IGVFFI8592OATP.fastq.gz	s3://igvf-public/2024/11/18/33f1201c-f9e2-4b9c-8ca0-d1c352a0b761/IGVFFI8592OATP.fastq.gz
IGVFFI9134VGXM	raw	IGVFDS8972AAEC	C29	9	reads	fastq	2502257366	19d2c45715cc93a14d4faebfd431cac8	https://api.data.igvf.org/sequence-files/IGVFFI9134VGXM/@@download/IGVFFI9134VGXM.fastq.gz	s3://igvf-public/2024/11/18/2d0a03c6-b654-4bb7-9881-01ee989b1c8d/IGVFFI9134VGXM.fastq.gz
IGVFFI0245QLLC	raw	IGVFDS3755JEOE	C37	0	reads	fastq	2637755775	c0320c5c13458ae5c63a0ef7f7704c9b	https://api.data.igvf.org/sequence-files/IGVFFI0245QLLC/@@download/IGVFFI0245QLLC.fastq.gz	s3://igvf-public/2024/11/18/5b829356-e285-413b-9485-fcf97f24088c/IGVFFI0245QLLC.fastq.gz
IGVFFI1542EJLW	raw	IGVFDS3755JEOE	C37	0	reads	fastq	2567508712	5a57a746dfce52a609c3dbf2f0242872	https://api.data.igvf.org/sequence-files/IGVFFI1542EJLW/@@download/IGVFFI1542EJLW.fastq.gz	s3://igvf-public/2024/11/18/832c0335-2387-495f-806d-536c42052ff6/IGVFFI1542EJLW.fastq.gz
IGVFFI1552AZYL	raw	IGVFDS3755JEOE	C37	0	reads	fastq	2518938954	92c162562f7cb4b3b880c20eb2bd3595	https://api.data.igvf.org/sequence-files/IGVFFI1552AZYL/@@download/IGVFFI1552AZYL.fastq.gz	s3://igvf-public/2024/11/18/6747a721-03b6-4042-9650-7b2b7f23328a/IGVFFI1552AZYL.fastq.gz
IGVFFI1586JSUF	raw	IGVFDS3755JEOE	C37	0	reads	fastq	2556321969	c7ec85513d6f1950d30b687dd2f9f121	https://api.data.igvf.org/sequence-files/IGVFFI1586JSUF/@@download/IGVFFI1586JSUF.fastq.gz	s3://igvf-public/2024/11/18/8e2ccd64-58cb-44ae-8c76-0875ac827859/IGVFFI1586JSUF.fastq.gz
IGVFFI1822XNVN	raw	IGVFDS3755JEOE	C37	0	reads	fastq	2525905796	2451869310deba978881fa82b6bd7825	https://api.data.igvf.org/sequence-files/IGVFFI1822XNVN/@@download/IGVFFI1822XNVN.fastq.gz	s3://igvf-public/2024/11/18/9da6d37d-b143-42e0-a9f3-156b2215f5f6/IGVFFI1822XNVN.fastq.gz
IGVFFI3268BGCS	raw	IGVFDS3755JEOE	C37	0	reads	fastq	2625422176	40fb6e8e61cfe2cc10237bf5c144ec79	https://api.data.igvf.org/sequence-files/IGVFFI3268BGCS/@@download/IGVFFI3268BGCS.fastq.gz	s3://igvf-public/2024/11/18/ab174c4e-0f72-418b-8250-c84734d0111c/IGVFFI3268BGCS.fastq.gz
IGVFFI3415SOSI	raw	IGVFDS3755JEOE	C37	0	reads	fastq	2553258327	f79ec5e897f3a13c4a67aa56999cf5e7	https://api.data.igvf.org/sequence-files/IGVFFI3415SOSI/@@download/IGVFFI3415SOSI.fastq.gz	s3://igvf-public/2024/11/18/b3e76dd9-bef1-4459-8020-75358cc1e9a6/IGVFFI3415SOSI.fastq.gz
IGVFFI3941UJIX	raw	IGVFDS3755JEOE	C37	0	reads	fastq	2560373027	1bc51d85279ac5c52330ddfa12ef92d6	https://api.data.igvf.org/sequence-files/IGVFFI3941UJIX/@@download/IGVFFI3941UJIX.fastq.gz	s3://igvf-public/2024/11/18/e0d5d060-b860-4860-b8c7-c3dec17dfea6/IGVFFI3941UJIX.fastq.gz
IGVFFI4260EYNC	raw	IGVFDS3755JEOE	C37	0	reads	fastq	2577149327	53d79d30259d771a54507b1ea8ff9d7f	https://api.data.igvf.org/sequence-files/IGVFFI4260EYNC/@@download/IGVFFI4260EYNC.fastq.gz	s3://igvf-public/2024/11/18/e918a1c4-468c-4a27-92f3-debc825de721/IGVFFI4260EYNC.fastq.gz
IGVFFI4644CNSY	raw	IGVFDS3755JEOE	C37	0	reads	fastq	2577357329	8d77df047c397d630fd8903cdfeb5e1d	https://api.data.igvf.org/sequence-files/IGVFFI4644CNSY/@@download/IGVFFI4644CNSY.fastq.gz	s3://igvf-public/2024/11/18/08797bd6-f648-4aae-9a87-c61ccdaff93e/IGVFFI4644CNSY.fastq.gz
IGVFFI5101VVHQ	raw	IGVFDS3755JEOE	C37	0	reads	fastq	2625801052	6c664baec122f3b4d8c2f074fa4559a0	https://api.data.igvf.org/sequence-files/IGVFFI5101VVHQ/@@download/IGVFFI5101VVHQ.fastq.gz	s3://igvf-public/2024/11/18/84074e88-6e49-42f4-a30e-6459139494ba/IGVFFI5101VVHQ.fastq.gz
IGVFFI5308IIKL	raw	IGVFDS3755JEOE	C37	0	reads	fastq	2524296427	8f7890349390d2c276d7214aeef8174c	https://api.data.igvf.org/sequence-files/IGVFFI5308IIKL/@@download/IGVFFI5308IIKL.fastq.gz	s3://igvf-public/2024/11/18/4959ea44-9cf2-4cb8-bbca-2605763832d5/IGVFFI5308IIKL.fastq.gz
IGVFFI6109IVQE	raw	IGVFDS3755JEOE	C37	0	reads	fastq	2619161718	c6721bc0b5ca05129ad847d604738fe8	https://api.data.igvf.org/sequence-files/IGVFFI6109IVQE/@@download/IGVFFI6109IVQE.fastq.gz	s3://igvf-public/2024/11/18/27878c3d-453b-42b4-8df5-3607c497fdf3/IGVFFI6109IVQE.fastq.gz
IGVFFI6485PWIN	raw	IGVFDS3755JEOE	C37	0	reads	fastq	2534835072	4bf59ad6e1d4b161436a0de85d9ed0c4	https://api.data.igvf.org/sequence-files/IGVFFI6485PWIN/@@download/IGVFFI6485PWIN.fastq.gz	s3://igvf-public/2024/11/18/4d16ac90-b08f-4d44-8950-e56c4e8c3cd7/IGVFFI6485PWIN.fastq.gz
IGVFFI6953HAQV	raw	IGVFDS3755JEOE	C37	0	reads	fastq	2578586663	3e29df7ee37f82ea3d8752495cac9cec	https://api.data.igvf.org/sequence-files/IGVFFI6953HAQV/@@download/IGVFFI6953HAQV.fastq.gz	s3://igvf-public/2024/11/18/fc23b8eb-e819-413d-9ead-d167ff829bab/IGVFFI6953HAQV.fastq.gz
IGVFFI9281IXTT	raw	IGVFDS3755JEOE	C37	0	reads	fastq	2619431491	36c24715961e6b4972f62ac7c1009fad	https://api.data.igvf.org/sequence-files/IGVFFI9281IXTT/@@download/IGVFFI9281IXTT.fastq.gz	s3://igvf-public/2024/11/18/5c4084af-ba27-45a8-a362-bbba1265894f/IGVFFI9281IXTT.fastq.gz
IGVFFI0865DCFA	raw	IGVFDS3086GMBH	C37	12	reads	fastq	3330880219	22f81d1e40d4d7c61fa36bf5ba690427	https://api.data.igvf.org/sequence-files/IGVFFI0865DCFA/@@download/IGVFFI0865DCFA.fastq.gz	s3://igvf-public/2024/11/15/ed043071-a317-4f8a-b257-1df5e0f76a4e/IGVFFI0865DCFA.fastq.gz
IGVFFI1619XCBS	raw	IGVFDS3086GMBH	C37	12	reads	fastq	3228225447	f1988a6638ea790647234040ef1d88d3	https://api.data.igvf.org/sequence-files/IGVFFI1619XCBS/@@download/IGVFFI1619XCBS.fastq.gz	s3://igvf-public/2024/11/15/2544322f-6ba4-47b1-ac97-3340af1d1d8f/IGVFFI1619XCBS.fastq.gz
IGVFFI3387QLKH	raw	IGVFDS3086GMBH	C37	12	reads	fastq	3293485434	26fe5329cb6ef891bdce8e52656b31a9	https://api.data.igvf.org/sequence-files/IGVFFI3387QLKH/@@download/IGVFFI3387QLKH.fastq.gz	s3://igvf-public/2024/11/15/27fb0b76-3fc6-4b15-a901-d7e677a70acc/IGVFFI3387QLKH.fastq.gz
IGVFFI4174WKJU	raw	IGVFDS3086GMBH	C37	12	reads	fastq	3249523731	f5aa62017c728bf58a20981727699da5	https://api.data.igvf.org/sequence-files/IGVFFI4174WKJU/@@download/IGVFFI4174WKJU.fastq.gz	s3://igvf-public/2024/11/15/74e090d1-fd7b-4e77-b7d6-ad1a20709677/IGVFFI4174WKJU.fastq.gz
IGVFFI5740QIPD	raw	IGVFDS3086GMBH	C37	12	reads	fastq	3287217990	0ccb6a89bbc47128d253b97d022e3a4c	https://api.data.igvf.org/sequence-files/IGVFFI5740QIPD/@@download/IGVFFI5740QIPD.fastq.gz	s3://igvf-public/2024/11/15/5398e88f-85db-4502-94ea-3d78bbdff98c/IGVFFI5740QIPD.fastq.gz
IGVFFI5848KAJF	raw	IGVFDS3086GMBH	C37	12	reads	fastq	3265513553	b204766f736ab761d8d55302bedbdf3c	https://api.data.igvf.org/sequence-files/IGVFFI5848KAJF/@@download/IGVFFI5848KAJF.fastq.gz	s3://igvf-public/2024/11/15/6be8f354-3e18-4fbf-9e6c-124fcc6f2008/IGVFFI5848KAJF.fastq.gz
IGVFFI6275ZVGS	raw	IGVFDS3086GMBH	C37	12	reads	fastq	3211765939	397d25033775a9bf8757495862a14a5e	https://api.data.igvf.org/sequence-files/IGVFFI6275ZVGS/@@download/IGVFFI6275ZVGS.fastq.gz	s3://igvf-public/2024/11/15/5642d82a-47e2-4bd0-be38-85896d9cb688/IGVFFI6275ZVGS.fastq.gz
IGVFFI7016SHHV	raw	IGVFDS3086GMBH	C37	12	reads	fastq	3183480284	d79b0f4509b06b4304e49272d9ae81c7	https://api.data.igvf.org/sequence-files/IGVFFI7016SHHV/@@download/IGVFFI7016SHHV.fastq.gz	s3://igvf-public/2024/11/15/974c6ea4-8838-4db1-bf5f-c5a1bfb820e6/IGVFFI7016SHHV.fastq.gz
IGVFFI7040PLWE	raw	IGVFDS3086GMBH	C37	12	reads	fastq	3289266430	bbf54dad0d3168d4f019b6175c6ae955	https://api.data.igvf.org/sequence-files/IGVFFI7040PLWE/@@download/IGVFFI7040PLWE.fastq.gz	s3://igvf-public/2024/11/15/71f8b019-b691-419a-86cb-b1d425cb4d57/IGVFFI7040PLWE.fastq.gz
IGVFFI7248GEXO	raw	IGVFDS3086GMBH	C37	12	reads	fastq	3261785137	082ab520c1def81d451bf64c76487193	https://api.data.igvf.org/sequence-files/IGVFFI7248GEXO/@@download/IGVFFI7248GEXO.fastq.gz	s3://igvf-public/2024/11/15/d0399fc4-352d-4aea-aac6-1f514913ec86/IGVFFI7248GEXO.fastq.gz
IGVFFI7830FGCR	raw	IGVFDS3086GMBH	C37	12	reads	fastq	3279863663	eca65cb7a3cff478997658201d6a01eb	https://api.data.igvf.org/sequence-files/IGVFFI7830FGCR/@@download/IGVFFI7830FGCR.fastq.gz	s3://igvf-public/2024/11/15/97fe6b41-d2e0-4f33-afbd-dff3705e69e9/IGVFFI7830FGCR.fastq.gz
IGVFFI8370NZAB	raw	IGVFDS3086GMBH	C37	12	reads	fastq	3299801501	54a2547b8961ad983b1b5c11fbd6573f	https://api.data.igvf.org/sequence-files/IGVFFI8370NZAB/@@download/IGVFFI8370NZAB.fastq.gz	s3://igvf-public/2024/11/15/9566e985-341b-4b01-b3f9-ed61175ddd82/IGVFFI8370NZAB.fastq.gz
IGVFFI8378LZUY	raw	IGVFDS3086GMBH	C37	12	reads	fastq	3342656486	1c713797a1aab3d24b54ae15b41eb2c5	https://api.data.igvf.org/sequence-files/IGVFFI8378LZUY/@@download/IGVFFI8378LZUY.fastq.gz	s3://igvf-public/2024/11/15/4583f26f-cf62-4ad0-84b4-4d20c7dbc5b1/IGVFFI8378LZUY.fastq.gz
IGVFFI8994GEYC	raw	IGVFDS3086GMBH	C37	12	reads	fastq	3304009540	937fa8d51e6b1edca0aec41889a4fc52	https://api.data.igvf.org/sequence-files/IGVFFI8994GEYC/@@download/IGVFFI8994GEYC.fastq.gz	s3://igvf-public/2024/11/15/8e5108ba-3a97-4160-afec-d4ae693a5f68/IGVFFI8994GEYC.fastq.gz
IGVFFI9048BXOH	raw	IGVFDS3086GMBH	C37	12	reads	fastq	3186348121	02fc7c9c4d89a87f49ed910634bd7748	https://api.data.igvf.org/sequence-files/IGVFFI9048BXOH/@@download/IGVFFI9048BXOH.fastq.gz	s3://igvf-public/2024/11/15/df9e4617-a934-408f-83b4-ccc9934f6084/IGVFFI9048BXOH.fastq.gz
IGVFFI9293CZOB	raw	IGVFDS3086GMBH	C37	12	reads	fastq	3248502183	a7f010ce40d0a8e48d0cd91fcb0e4f97	https://api.data.igvf.org/sequence-files/IGVFFI9293CZOB/@@download/IGVFFI9293CZOB.fastq.gz	s3://igvf-public/2024/11/15/254d1091-7bca-43d4-8ac5-ac1a271213a7/IGVFFI9293CZOB.fastq.gz
IGVFFI0128NMJQ	raw	IGVFDS5995LBLA	C37	14	reads	fastq	2923769769	b8b81c4ec58a2b9945350b1d25e46c36	https://api.data.igvf.org/sequence-files/IGVFFI0128NMJQ/@@download/IGVFFI0128NMJQ.fastq.gz	s3://igvf-public/2024/11/18/b88111a8-c50b-43df-9386-821483648c68/IGVFFI0128NMJQ.fastq.gz
IGVFFI0689NGGB	raw	IGVFDS5995LBLA	C37	14	reads	fastq	2927538605	f3191d0a97e1189d6432b1b53d397355	https://api.data.igvf.org/sequence-files/IGVFFI0689NGGB/@@download/IGVFFI0689NGGB.fastq.gz	s3://igvf-public/2024/11/18/ec222806-3d50-464a-8c0e-73253f3d7277/IGVFFI0689NGGB.fastq.gz
IGVFFI2334OIIY	raw	IGVFDS5995LBLA	C37	14	reads	fastq	3036335207	7436ced3ad6f51bada025d5f6e16da06	https://api.data.igvf.org/sequence-files/IGVFFI2334OIIY/@@download/IGVFFI2334OIIY.fastq.gz	s3://igvf-public/2024/11/18/9cd87739-9a22-4f53-a520-2e4b3c31281e/IGVFFI2334OIIY.fastq.gz
IGVFFI2793RVFV	raw	IGVFDS5995LBLA	C37	14	reads	fastq	2961260380	2b8975b436fd8a7ddd50c7557fd97ed6	https://api.data.igvf.org/sequence-files/IGVFFI2793RVFV/@@download/IGVFFI2793RVFV.fastq.gz	s3://igvf-public/2024/11/18/567ece65-e174-47f8-883f-0eec44cb287f/IGVFFI2793RVFV.fastq.gz
IGVFFI3287PLSJ	raw	IGVFDS5995LBLA	C37	14	reads	fastq	3089675894	aeb36c48ee581ba6733eb0cf6b87a820	https://api.data.igvf.org/sequence-files/IGVFFI3287PLSJ/@@download/IGVFFI3287PLSJ.fastq.gz	s3://igvf-public/2024/11/18/9b51a37c-d082-4bd5-90c8-4a01cd8d8b1c/IGVFFI3287PLSJ.fastq.gz
IGVFFI4037RLFK	raw	IGVFDS5995LBLA	C37	14	reads	fastq	3054921491	63814e3b453527239bbf61f985f3b50f	https://api.data.igvf.org/sequence-files/IGVFFI4037RLFK/@@download/IGVFFI4037RLFK.fastq.gz	s3://igvf-public/2024/11/18/f2a6638e-5802-4963-89d4-0b1d1f56f8e1/IGVFFI4037RLFK.fastq.gz
IGVFFI4756YEDJ	raw	IGVFDS5995LBLA	C37	14	reads	fastq	3009714999	92727fe0378d8b0b330a59673c790f01	https://api.data.igvf.org/sequence-files/IGVFFI4756YEDJ/@@download/IGVFFI4756YEDJ.fastq.gz	s3://igvf-public/2024/11/18/348e63ca-4da3-4ebe-bcbb-2650e2c2b306/IGVFFI4756YEDJ.fastq.gz
IGVFFI5775TJJA	raw	IGVFDS5995LBLA	C37	14	reads	fastq	2939403019	9c8536491953afa87c8c580664f3572f	https://api.data.igvf.org/sequence-files/IGVFFI5775TJJA/@@download/IGVFFI5775TJJA.fastq.gz	s3://igvf-public/2024/11/18/7994538e-f04f-423f-9b1b-1487613a8ab0/IGVFFI5775TJJA.fastq.gz
IGVFFI6332QILB	raw	IGVFDS5995LBLA	C37	14	reads	fastq	3044846858	59b34524b10841bbd4d558d5b62d1adb	https://api.data.igvf.org/sequence-files/IGVFFI6332QILB/@@download/IGVFFI6332QILB.fastq.gz	s3://igvf-public/2024/11/18/7b36d6ea-c690-4c00-a346-18185bfdc0eb/IGVFFI6332QILB.fastq.gz
IGVFFI6958KNOZ	raw	IGVFDS5995LBLA	C37	14	reads	fastq	2924097313	ffb1ea740c73e20e1d6eacf6d4d29df6	https://api.data.igvf.org/sequence-files/IGVFFI6958KNOZ/@@download/IGVFFI6958KNOZ.fastq.gz	s3://igvf-public/2024/11/18/77b2e455-c445-4818-92a4-ca10a092869e/IGVFFI6958KNOZ.fastq.gz
IGVFFI7317RQVZ	raw	IGVFDS5995LBLA	C37	14	reads	fastq	3008982900	19cc63c17394df53330e1c15d9363c67	https://api.data.igvf.org/sequence-files/IGVFFI7317RQVZ/@@download/IGVFFI7317RQVZ.fastq.gz	s3://igvf-public/2024/11/18/14797c22-0f5b-458c-9c5a-b2a57d5bf654/IGVFFI7317RQVZ.fastq.gz
IGVFFI7650ZNBP	raw	IGVFDS5995LBLA	C37	14	reads	fastq	2959529616	55a943fd6dba056d183eeda8e87fff55	https://api.data.igvf.org/sequence-files/IGVFFI7650ZNBP/@@download/IGVFFI7650ZNBP.fastq.gz	s3://igvf-public/2024/11/18/f89b4c9e-0167-4827-bcf3-f0868cc26514/IGVFFI7650ZNBP.fastq.gz
IGVFFI8143OOHU	raw	IGVFDS5995LBLA	C37	14	reads	fastq	2922643378	7f5c900852a468318202d8ae71ed08f7	https://api.data.igvf.org/sequence-files/IGVFFI8143OOHU/@@download/IGVFFI8143OOHU.fastq.gz	s3://igvf-public/2024/11/18/ae175cea-d301-4bbf-b2c4-1ecf6e5f8d52/IGVFFI8143OOHU.fastq.gz
IGVFFI8326HQEG	raw	IGVFDS5995LBLA	C37	14	reads	fastq	2983716341	def78fbb2d06708f8abaf938849fb3a2	https://api.data.igvf.org/sequence-files/IGVFFI8326HQEG/@@download/IGVFFI8326HQEG.fastq.gz	s3://igvf-public/2024/11/18/cb302e23-4918-43f3-8c1d-be1db16d03ff/IGVFFI8326HQEG.fastq.gz
IGVFFI8659BQVF	raw	IGVFDS5995LBLA	C37	14	reads	fastq	3058208154	0b8958a0d5d34c874fb4a33bbd6c320c	https://api.data.igvf.org/sequence-files/IGVFFI8659BQVF/@@download/IGVFFI8659BQVF.fastq.gz	s3://igvf-public/2024/11/18/b9a3e021-53d3-47e2-b549-d55e7c5ed377/IGVFFI8659BQVF.fastq.gz
IGVFFI8670CSEO	raw	IGVFDS5995LBLA	C37	14	reads	fastq	3036341085	df19e4b9e4e9c1b075f4fbe9c748ed2e	https://api.data.igvf.org/sequence-files/IGVFFI8670CSEO/@@download/IGVFFI8670CSEO.fastq.gz	s3://igvf-public/2024/11/18/481a342a-bd87-45fa-93bd-c076fd0bbb7d/IGVFFI8670CSEO.fastq.gz
IGVFFI0241KPYZ	raw	IGVFDS5502HMZW	C37	1	reads	fastq	3329289994	8c3a64a9e54a89ebcd040c3baee67c08	https://api.data.igvf.org/sequence-files/IGVFFI0241KPYZ/@@download/IGVFFI0241KPYZ.fastq.gz	s3://igvf-public/2024/11/18/90d1e752-f3c1-41d6-9091-03ee97becc51/IGVFFI0241KPYZ.fastq.gz
IGVFFI0320PFBW	raw	IGVFDS5502HMZW	C37	1	reads	fastq	3379770618	16d71bc76ffd219ee884a2fb8c12b48d	https://api.data.igvf.org/sequence-files/IGVFFI0320PFBW/@@download/IGVFFI0320PFBW.fastq.gz	s3://igvf-public/2024/11/18/58fafc7a-1a86-441d-b5e0-b64af1105bc3/IGVFFI0320PFBW.fastq.gz
IGVFFI0369YERC	raw	IGVFDS5502HMZW	C37	1	reads	fastq	3358782214	38a536ea6a7e0860731bb5ac3e0d7eb2	https://api.data.igvf.org/sequence-files/IGVFFI0369YERC/@@download/IGVFFI0369YERC.fastq.gz	s3://igvf-public/2024/11/18/957b60d0-30d5-4202-8751-738562c5c2f4/IGVFFI0369YERC.fastq.gz
IGVFFI1765WPWV	raw	IGVFDS5502HMZW	C37	1	reads	fastq	3243525480	3e340b2bdb4b29288f174b3e511289c3	https://api.data.igvf.org/sequence-files/IGVFFI1765WPWV/@@download/IGVFFI1765WPWV.fastq.gz	s3://igvf-public/2024/11/18/967b4cb5-119c-4d45-9008-8a5554ed3da7/IGVFFI1765WPWV.fastq.gz
IGVFFI2625XTYD	raw	IGVFDS5502HMZW	C37	1	reads	fastq	3380412711	7dfdcbd7d3da60fb7b1889a475a1dd83	https://api.data.igvf.org/sequence-files/IGVFFI2625XTYD/@@download/IGVFFI2625XTYD.fastq.gz	s3://igvf-public/2024/11/18/02a77584-b0ae-4aa0-bc3a-a8c6b92ea7b1/IGVFFI2625XTYD.fastq.gz
IGVFFI3261ICHK	raw	IGVFDS5502HMZW	C37	1	reads	fastq	3319105136	3a7c1576fb47f4f705876fa61d583fb8	https://api.data.igvf.org/sequence-files/IGVFFI3261ICHK/@@download/IGVFFI3261ICHK.fastq.gz	s3://igvf-public/2024/11/18/842d0801-2779-4dd3-9f69-6c830f36fcaa/IGVFFI3261ICHK.fastq.gz
IGVFFI3954KKZG	raw	IGVFDS5502HMZW	C37	1	reads	fastq	3239359332	140166ddb0904ba10fb1212431f7df8f	https://api.data.igvf.org/sequence-files/IGVFFI3954KKZG/@@download/IGVFFI3954KKZG.fastq.gz	s3://igvf-public/2024/11/18/267bbe2e-3121-4251-a66c-211c7e203447/IGVFFI3954KKZG.fastq.gz
IGVFFI4976DDLO	raw	IGVFDS5502HMZW	C37	1	reads	fastq	3283552266	cff997f16098da6f2b8f60abcd5cff4b	https://api.data.igvf.org/sequence-files/IGVFFI4976DDLO/@@download/IGVFFI4976DDLO.fastq.gz	s3://igvf-public/2024/11/18/8083e1a7-f71e-4422-92a7-847d9f59a3cd/IGVFFI4976DDLO.fastq.gz
IGVFFI5176KXDA	raw	IGVFDS5502HMZW	C37	1	reads	fastq	3325972168	ff2f2d47095d3eb461ec87430926185f	https://api.data.igvf.org/sequence-files/IGVFFI5176KXDA/@@download/IGVFFI5176KXDA.fastq.gz	s3://igvf-public/2024/11/18/28a7f8d4-a247-4411-ac52-19d0d2ed009f/IGVFFI5176KXDA.fastq.gz
IGVFFI5757DEGU	raw	IGVFDS5502HMZW	C37	1	reads	fastq	3270597706	6a4b2ea01ad6defd3d38fad02941230b	https://api.data.igvf.org/sequence-files/IGVFFI5757DEGU/@@download/IGVFFI5757DEGU.fastq.gz	s3://igvf-public/2024/11/18/1b70e01f-55e1-4938-9b1f-a7514269d404/IGVFFI5757DEGU.fastq.gz
IGVFFI6152MZBL	raw	IGVFDS5502HMZW	C37	1	reads	fastq	3377508445	6fdde8d6343d6c9af5f566c69287458a	https://api.data.igvf.org/sequence-files/IGVFFI6152MZBL/@@download/IGVFFI6152MZBL.fastq.gz	s3://igvf-public/2024/11/18/1f7a332e-54b8-4f91-ac0d-0c660100f709/IGVFFI6152MZBL.fastq.gz
IGVFFI6755RPBX	raw	IGVFDS5502HMZW	C37	1	reads	fastq	3231439032	84be6378179f7b10029cb0c36903c0a4	https://api.data.igvf.org/sequence-files/IGVFFI6755RPBX/@@download/IGVFFI6755RPBX.fastq.gz	s3://igvf-public/2024/11/18/aaf76877-4e98-4829-b25a-7ffa6a02eff5/IGVFFI6755RPBX.fastq.gz
IGVFFI7047IPBY	raw	IGVFDS5502HMZW	C37	1	reads	fastq	3371201243	574a8e6965f781a384f7965cf6ec0cc8	https://api.data.igvf.org/sequence-files/IGVFFI7047IPBY/@@download/IGVFFI7047IPBY.fastq.gz	s3://igvf-public/2024/11/18/c4af4c98-3a58-49b5-b8e5-cca5af96b1ef/IGVFFI7047IPBY.fastq.gz
IGVFFI7465DXDC	raw	IGVFDS5502HMZW	C37	1	reads	fastq	3276043496	f2f5d50765ddc0e194ad7d559e93cd16	https://api.data.igvf.org/sequence-files/IGVFFI7465DXDC/@@download/IGVFFI7465DXDC.fastq.gz	s3://igvf-public/2024/11/18/cdfd6bc9-9239-45e7-8d07-ef3e0b8c2065/IGVFFI7465DXDC.fastq.gz
IGVFFI9658ULLQ	raw	IGVFDS5502HMZW	C37	1	reads	fastq	3247247175	a80e2c8460870f1be12ae2676e073aff	https://api.data.igvf.org/sequence-files/IGVFFI9658ULLQ/@@download/IGVFFI9658ULLQ.fastq.gz	s3://igvf-public/2024/11/18/5a7fe702-7f69-41b8-9653-d59d5332dcd3/IGVFFI9658ULLQ.fastq.gz
IGVFFI9898UXML	raw	IGVFDS5502HMZW	C37	1	reads	fastq	3273859602	6b40e3ad4606503124a54efe7569247f	https://api.data.igvf.org/sequence-files/IGVFFI9898UXML/@@download/IGVFFI9898UXML.fastq.gz	s3://igvf-public/2024/11/18/1f3548ee-46a6-4d14-9dea-e454053ae2f1/IGVFFI9898UXML.fastq.gz
IGVFFI0019WFUZ	raw	IGVFDS6255OZNL	C37	3	reads	fastq	3216477183	25a516f079cf792cbe5850c73fdd3d02	https://api.data.igvf.org/sequence-files/IGVFFI0019WFUZ/@@download/IGVFFI0019WFUZ.fastq.gz	s3://igvf-public/2024/11/15/7f99eab2-ee1d-4f2f-8735-f4411d7e5f57/IGVFFI0019WFUZ.fastq.gz
IGVFFI0512VISP	raw	IGVFDS6255OZNL	C37	3	reads	fastq	3261290492	91720d07e8c100238f1d341524c00b3e	https://api.data.igvf.org/sequence-files/IGVFFI0512VISP/@@download/IGVFFI0512VISP.fastq.gz	s3://igvf-public/2024/11/15/19de560e-888e-4221-97ac-39da9b607e0b/IGVFFI0512VISP.fastq.gz
IGVFFI0908DJJA	raw	IGVFDS6255OZNL	C37	3	reads	fastq	3224635497	0a9aedc17d9c9a338a66bbfe1ffd9625	https://api.data.igvf.org/sequence-files/IGVFFI0908DJJA/@@download/IGVFFI0908DJJA.fastq.gz	s3://igvf-public/2024/11/15/ad370488-1b6b-4327-b356-81d3fb0eb454/IGVFFI0908DJJA.fastq.gz
IGVFFI1183SVVO	raw	IGVFDS6255OZNL	C37	3	reads	fastq	3289657073	1fcd2b4180736e7416956f35f3de1fdf	https://api.data.igvf.org/sequence-files/IGVFFI1183SVVO/@@download/IGVFFI1183SVVO.fastq.gz	s3://igvf-public/2024/11/15/7661a5f8-92cb-4ee3-a619-9ac199e90f68/IGVFFI1183SVVO.fastq.gz
IGVFFI1412SBMI	raw	IGVFDS6255OZNL	C37	3	reads	fastq	3204587639	3b1db112b13aac426f0b7881adf19028	https://api.data.igvf.org/sequence-files/IGVFFI1412SBMI/@@download/IGVFFI1412SBMI.fastq.gz	s3://igvf-public/2024/11/15/838f9860-7250-480f-88a0-c492f648b04e/IGVFFI1412SBMI.fastq.gz
IGVFFI2183KQDB	raw	IGVFDS6255OZNL	C37	3	reads	fastq	3235340269	bccb090c5f89e46a59acd4b6f4445d41	https://api.data.igvf.org/sequence-files/IGVFFI2183KQDB/@@download/IGVFFI2183KQDB.fastq.gz	s3://igvf-public/2024/11/15/94952e19-02ad-4667-909b-519309285365/IGVFFI2183KQDB.fastq.gz
IGVFFI2276SGNG	raw	IGVFDS6255OZNL	C37	3	reads	fastq	3119033954	174d6669eccba22cf7d6447aa9d0330a	https://api.data.igvf.org/sequence-files/IGVFFI2276SGNG/@@download/IGVFFI2276SGNG.fastq.gz	s3://igvf-public/2024/11/15/bd334e11-6313-443e-baf4-d75c48013793/IGVFFI2276SGNG.fastq.gz
IGVFFI2660NMFU	raw	IGVFDS6255OZNL	C37	3	reads	fastq	3103479877	a79bc55baed31f0e112fc27555bfefa0	https://api.data.igvf.org/sequence-files/IGVFFI2660NMFU/@@download/IGVFFI2660NMFU.fastq.gz	s3://igvf-public/2024/11/15/292654c6-d4c9-4049-9c67-30c0a75e8845/IGVFFI2660NMFU.fastq.gz
IGVFFI2695NMON	raw	IGVFDS6255OZNL	C37	3	reads	fastq	3160399964	406088c3d8f60cfd45099e835ce7239e	https://api.data.igvf.org/sequence-files/IGVFFI2695NMON/@@download/IGVFFI2695NMON.fastq.gz	s3://igvf-public/2024/11/15/6013d528-8170-40b1-b4b5-bfbad0896ab7/IGVFFI2695NMON.fastq.gz
IGVFFI3256FIXN	raw	IGVFDS6255OZNL	C37	3	reads	fastq	3275929464	e1892c86973e9fc8fe484c37f6f34e5c	https://api.data.igvf.org/sequence-files/IGVFFI3256FIXN/@@download/IGVFFI3256FIXN.fastq.gz	s3://igvf-public/2024/11/15/151a10a1-9ffc-438d-8c87-448e28a1356a/IGVFFI3256FIXN.fastq.gz
IGVFFI3848FJZM	raw	IGVFDS6255OZNL	C37	3	reads	fastq	3248863041	250e1eee8650101ebd8250f281c693ff	https://api.data.igvf.org/sequence-files/IGVFFI3848FJZM/@@download/IGVFFI3848FJZM.fastq.gz	s3://igvf-public/2024/11/15/116f128d-a906-4bba-91a7-bb4a3545333e/IGVFFI3848FJZM.fastq.gz
IGVFFI7561LAVL	raw	IGVFDS6255OZNL	C37	3	reads	fastq	3206224293	4189fff4aaa2e95a8a11c631f356b0b4	https://api.data.igvf.org/sequence-files/IGVFFI7561LAVL/@@download/IGVFFI7561LAVL.fastq.gz	s3://igvf-public/2024/11/15/7c7d4a1a-4d50-4b50-ad4b-4d32e68b0e96/IGVFFI7561LAVL.fastq.gz
IGVFFI7590BDPB	raw	IGVFDS6255OZNL	C37	3	reads	fastq	3194229534	f9042f2f0e85efd792a25a421dac3563	https://api.data.igvf.org/sequence-files/IGVFFI7590BDPB/@@download/IGVFFI7590BDPB.fastq.gz	s3://igvf-public/2024/11/15/99426cba-c0e6-4758-a050-14d469689915/IGVFFI7590BDPB.fastq.gz
IGVFFI7772ARLF	raw	IGVFDS6255OZNL	C37	3	reads	fastq	3221164757	bae0efe957029a4bf2ebf1c9b5bb7a5a	https://api.data.igvf.org/sequence-files/IGVFFI7772ARLF/@@download/IGVFFI7772ARLF.fastq.gz	s3://igvf-public/2024/11/15/e9415c2b-33ae-4270-a361-ef2e4c4864fc/IGVFFI7772ARLF.fastq.gz
IGVFFI9363WWZY	raw	IGVFDS6255OZNL	C37	3	reads	fastq	3253860260	f6f432a203d42f12ccb5ebec7d750fcd	https://api.data.igvf.org/sequence-files/IGVFFI9363WWZY/@@download/IGVFFI9363WWZY.fastq.gz	s3://igvf-public/2024/11/15/d5a4af71-f4c7-4c5e-b84d-c8c02161e0a0/IGVFFI9363WWZY.fastq.gz
IGVFFI9652ZLZC	raw	IGVFDS6255OZNL	C37	3	reads	fastq	3188255595	029bc0b493a3aeb9c71970c6eedc7163	https://api.data.igvf.org/sequence-files/IGVFFI9652ZLZC/@@download/IGVFFI9652ZLZC.fastq.gz	s3://igvf-public/2024/11/15/af5e1abc-007f-47cb-93c3-54e7536971f9/IGVFFI9652ZLZC.fastq.gz
IGVFFI0394HXOB	raw	IGVFDS7371DIJR	C37	5	reads	fastq	3515820790	e2ec30fa66ca9c3e4ff54b7d69074001	https://api.data.igvf.org/sequence-files/IGVFFI0394HXOB/@@download/IGVFFI0394HXOB.fastq.gz	s3://igvf-public/2024/11/16/46fdcb86-8aa2-4f81-b982-990c3c8f4fd0/IGVFFI0394HXOB.fastq.gz
IGVFFI1679NQTL	raw	IGVFDS7371DIJR	C37	5	reads	fastq	3595316853	ab9782ab81f0cccc1bb6d116cd88049e	https://api.data.igvf.org/sequence-files/IGVFFI1679NQTL/@@download/IGVFFI1679NQTL.fastq.gz	s3://igvf-public/2024/11/16/6f3cca39-9fe9-454b-a4f6-3f33cb16cc50/IGVFFI1679NQTL.fastq.gz
IGVFFI2473GMHP	raw	IGVFDS7371DIJR	C37	5	reads	fastq	3538619224	aecc449c41407e2112692f3604d4b204	https://api.data.igvf.org/sequence-files/IGVFFI2473GMHP/@@download/IGVFFI2473GMHP.fastq.gz	s3://igvf-public/2024/11/16/fae4254a-10dd-44a5-a0c2-12eacfc03ca6/IGVFFI2473GMHP.fastq.gz
IGVFFI4427ONMQ	raw	IGVFDS7371DIJR	C37	5	reads	fastq	3311625375	62d66a822f277ae2ce51e34c8063c9bd	https://api.data.igvf.org/sequence-files/IGVFFI4427ONMQ/@@download/IGVFFI4427ONMQ.fastq.gz	s3://igvf-public/2024/11/16/c91575f2-b156-4c13-a46e-49069a49a563/IGVFFI4427ONMQ.fastq.gz
IGVFFI4645VVOH	raw	IGVFDS7371DIJR	C37	5	reads	fastq	3565912523	d84c310494275802e771b70b8a60df60	https://api.data.igvf.org/sequence-files/IGVFFI4645VVOH/@@download/IGVFFI4645VVOH.fastq.gz	s3://igvf-public/2024/11/16/e6f28409-9037-4def-85b0-b14c8a409f54/IGVFFI4645VVOH.fastq.gz
IGVFFI4650SNVW	raw	IGVFDS7371DIJR	C37	5	reads	fastq	3363244954	31aaee7893aa97dd59e31f56c6b3d9de	https://api.data.igvf.org/sequence-files/IGVFFI4650SNVW/@@download/IGVFFI4650SNVW.fastq.gz	s3://igvf-public/2024/11/16/4d0f21e9-e22c-43d4-861f-8f0d3fdf8611/IGVFFI4650SNVW.fastq.gz
IGVFFI4738RHIJ	raw	IGVFDS7371DIJR	C37	5	reads	fastq	3432850266	5ee7820eb8428164e0baea00a77b651a	https://api.data.igvf.org/sequence-files/IGVFFI4738RHIJ/@@download/IGVFFI4738RHIJ.fastq.gz	s3://igvf-public/2024/11/16/9699ac0d-1062-4b1e-aadb-332385164265/IGVFFI4738RHIJ.fastq.gz
IGVFFI4787XPHB	raw	IGVFDS7371DIJR	C37	5	reads	fastq	3445403629	160ebbddebd7b666381ca524e33f5f6c	https://api.data.igvf.org/sequence-files/IGVFFI4787XPHB/@@download/IGVFFI4787XPHB.fastq.gz	s3://igvf-public/2024/11/16/30c1f7d9-eb32-46e2-b417-b40844d000cd/IGVFFI4787XPHB.fastq.gz
IGVFFI6255MQIA	raw	IGVFDS7371DIJR	C37	5	reads	fastq	3609264540	eb62fe405f4962e0260519216a122d65	https://api.data.igvf.org/sequence-files/IGVFFI6255MQIA/@@download/IGVFFI6255MQIA.fastq.gz	s3://igvf-public/2024/11/16/b83359a7-2b2a-4cad-be13-32b118943879/IGVFFI6255MQIA.fastq.gz
IGVFFI6342CIBN	raw	IGVFDS7371DIJR	C37	5	reads	fastq	3524980262	aaab03717f582383591d1ca878317be0	https://api.data.igvf.org/sequence-files/IGVFFI6342CIBN/@@download/IGVFFI6342CIBN.fastq.gz	s3://igvf-public/2024/11/16/3fe22995-738e-497e-be27-131dddab2e05/IGVFFI6342CIBN.fastq.gz
IGVFFI6829YEWR	raw	IGVFDS7371DIJR	C37	5	reads	fastq	3523989665	69e094f3e09e709168c2e12eca9f7ae1	https://api.data.igvf.org/sequence-files/IGVFFI6829YEWR/@@download/IGVFFI6829YEWR.fastq.gz	s3://igvf-public/2024/11/16/5ed0b102-899a-4a81-9160-7834692e090a/IGVFFI6829YEWR.fastq.gz
IGVFFI7072UGGJ	raw	IGVFDS7371DIJR	C37	5	reads	fastq	3569633188	20625bbf7d869b004944c3f6683b899e	https://api.data.igvf.org/sequence-files/IGVFFI7072UGGJ/@@download/IGVFFI7072UGGJ.fastq.gz	s3://igvf-public/2024/11/16/0b1cc492-58be-420b-8e2b-7c704f45318c/IGVFFI7072UGGJ.fastq.gz
IGVFFI7340DZYJ	raw	IGVFDS7371DIJR	C37	5	reads	fastq	3433351999	e7cdc10dc8de56385a14775c601400e9	https://api.data.igvf.org/sequence-files/IGVFFI7340DZYJ/@@download/IGVFFI7340DZYJ.fastq.gz	s3://igvf-public/2024/11/16/abacade8-3e1a-40c2-afa8-a89dcfd92c0c/IGVFFI7340DZYJ.fastq.gz
IGVFFI8144BEGA	raw	IGVFDS7371DIJR	C37	5	reads	fastq	3478588761	e16be99681af6306c612afcc3500e8fd	https://api.data.igvf.org/sequence-files/IGVFFI8144BEGA/@@download/IGVFFI8144BEGA.fastq.gz	s3://igvf-public/2024/11/16/7aec2339-3fe7-481d-b7a5-2365678840b9/IGVFFI8144BEGA.fastq.gz
IGVFFI8355CSHI	raw	IGVFDS7371DIJR	C37	5	reads	fastq	3380014037	dd4a944932609aca6d0438dd4e3f4ac9	https://api.data.igvf.org/sequence-files/IGVFFI8355CSHI/@@download/IGVFFI8355CSHI.fastq.gz	s3://igvf-public/2024/11/16/029b3b53-6bc4-45ec-ba7c-cec5320adcc6/IGVFFI8355CSHI.fastq.gz
IGVFFI9046CNMQ	raw	IGVFDS7371DIJR	C37	5	reads	fastq	3480581925	d004e8c3ad61c2206b6af0a59ebaf14c	https://api.data.igvf.org/sequence-files/IGVFFI9046CNMQ/@@download/IGVFFI9046CNMQ.fastq.gz	s3://igvf-public/2024/11/16/d3327929-1175-4365-8141-0c7b71b50526/IGVFFI9046CNMQ.fastq.gz
IGVFFI0511UJTO	raw	IGVFDS3140XYDB	C37	7	reads	fastq	2799898063	eb280c6e4298d79fc4e0196d0bc1818a	https://api.data.igvf.org/sequence-files/IGVFFI0511UJTO/@@download/IGVFFI0511UJTO.fastq.gz	s3://igvf-public/2024/11/16/cc0e8b1d-ebfc-473d-abe0-54b7533d74ba/IGVFFI0511UJTO.fastq.gz
IGVFFI0883PYVE	raw	IGVFDS3140XYDB	C37	7	reads	fastq	2970675266	0d2c0a7648408454055e997a27384855	https://api.data.igvf.org/sequence-files/IGVFFI0883PYVE/@@download/IGVFFI0883PYVE.fastq.gz	s3://igvf-public/2024/11/16/c67d11e9-9f06-4e18-a2c9-ceb14bb045e3/IGVFFI0883PYVE.fastq.gz
IGVFFI2254HUQZ	raw	IGVFDS3140XYDB	C37	7	reads	fastq	2928644824	ba730b2f5d823dca6e207cd830fc8da2	https://api.data.igvf.org/sequence-files/IGVFFI2254HUQZ/@@download/IGVFFI2254HUQZ.fastq.gz	s3://igvf-public/2024/11/16/e0223510-04e6-4aed-a7da-5cb4ad88cb22/IGVFFI2254HUQZ.fastq.gz
IGVFFI2415XAUE	raw	IGVFDS3140XYDB	C37	7	reads	fastq	3014083884	013791f7640241be680145ecd219207f	https://api.data.igvf.org/sequence-files/IGVFFI2415XAUE/@@download/IGVFFI2415XAUE.fastq.gz	s3://igvf-public/2024/11/16/0a868f85-2e03-4785-ae17-f93bce8b3ed3/IGVFFI2415XAUE.fastq.gz
IGVFFI2858BCQB	raw	IGVFDS3140XYDB	C37	7	reads	fastq	3029132040	b72ecd2dd87e257010227811dd5c3370	https://api.data.igvf.org/sequence-files/IGVFFI2858BCQB/@@download/IGVFFI2858BCQB.fastq.gz	s3://igvf-public/2024/11/16/daa457e0-e173-4b20-a009-7da70ec48019/IGVFFI2858BCQB.fastq.gz
IGVFFI3152GMOL	raw	IGVFDS3140XYDB	C37	7	reads	fastq	3010271398	a68c7ee0ce9466c531119f1e4f151e18	https://api.data.igvf.org/sequence-files/IGVFFI3152GMOL/@@download/IGVFFI3152GMOL.fastq.gz	s3://igvf-public/2024/11/16/8232a41a-6437-4332-ad21-c05b6e1227a8/IGVFFI3152GMOL.fastq.gz
IGVFFI3625GHKS	raw	IGVFDS3140XYDB	C37	7	reads	fastq	3053963298	283891de97d2d1c6a62050d038b4c503	https://api.data.igvf.org/sequence-files/IGVFFI3625GHKS/@@download/IGVFFI3625GHKS.fastq.gz	s3://igvf-public/2024/11/16/094a1ed6-f71b-4acf-bd70-93ebfd6f6f3a/IGVFFI3625GHKS.fastq.gz
IGVFFI4724QNJY	raw	IGVFDS3140XYDB	C37	7	reads	fastq	2843670729	dc8ea20551d6730169c0acc6414292d8	https://api.data.igvf.org/sequence-files/IGVFFI4724QNJY/@@download/IGVFFI4724QNJY.fastq.gz	s3://igvf-public/2024/11/16/e381f33f-695a-4534-94cc-12f6f0c2144d/IGVFFI4724QNJY.fastq.gz
IGVFFI6396LUZG	raw	IGVFDS3140XYDB	C37	7	reads	fastq	2923975147	ce4bd14e89bc0b993acd489c75f99d33	https://api.data.igvf.org/sequence-files/IGVFFI6396LUZG/@@download/IGVFFI6396LUZG.fastq.gz	s3://igvf-public/2024/11/16/56cecd8d-2eeb-4f0d-ae9b-ceeda1e0463c/IGVFFI6396LUZG.fastq.gz
IGVFFI6619EWUD	raw	IGVFDS3140XYDB	C37	7	reads	fastq	3017284020	f0048655bb6f4cdc4d8e1511c88a386d	https://api.data.igvf.org/sequence-files/IGVFFI6619EWUD/@@download/IGVFFI6619EWUD.fastq.gz	s3://igvf-public/2024/11/16/41face00-b8f3-4adb-8192-860ce02072e0/IGVFFI6619EWUD.fastq.gz
IGVFFI7311HPTJ	raw	IGVFDS3140XYDB	C37	7	reads	fastq	2948717869	bd3744d244d9d85adb9f940a35e39315	https://api.data.igvf.org/sequence-files/IGVFFI7311HPTJ/@@download/IGVFFI7311HPTJ.fastq.gz	s3://igvf-public/2024/11/16/4d00d59d-cccf-4784-b362-6e37a45e5c57/IGVFFI7311HPTJ.fastq.gz
IGVFFI7415HLAJ	raw	IGVFDS3140XYDB	C37	7	reads	fastq	2954740069	9cf23868f82c55bbb365b37f22ca51dd	https://api.data.igvf.org/sequence-files/IGVFFI7415HLAJ/@@download/IGVFFI7415HLAJ.fastq.gz	s3://igvf-public/2024/11/16/87531b48-452b-4a1c-bb92-a1e5d3a7c5fa/IGVFFI7415HLAJ.fastq.gz
IGVFFI7494MHEG	raw	IGVFDS3140XYDB	C37	7	reads	fastq	3039390377	79616de93ef840245ad62face39ef09d	https://api.data.igvf.org/sequence-files/IGVFFI7494MHEG/@@download/IGVFFI7494MHEG.fastq.gz	s3://igvf-public/2024/11/16/8f835909-993e-4b52-866e-0d2944628f89/IGVFFI7494MHEG.fastq.gz
IGVFFI8923UCZV	raw	IGVFDS3140XYDB	C37	7	reads	fastq	3104352967	34a9763c8f722fc03ab6f97c9787a04f	https://api.data.igvf.org/sequence-files/IGVFFI8923UCZV/@@download/IGVFFI8923UCZV.fastq.gz	s3://igvf-public/2024/11/16/045ea14c-a119-4a00-8212-d3b682e5609f/IGVFFI8923UCZV.fastq.gz
IGVFFI9866UIIC	raw	IGVFDS3140XYDB	C37	7	reads	fastq	2908068294	c53f5e3ff28b31c158647449a11bf41a	https://api.data.igvf.org/sequence-files/IGVFFI9866UIIC/@@download/IGVFFI9866UIIC.fastq.gz	s3://igvf-public/2024/11/16/ef3e34b2-ad6e-4420-a5f3-8034e18e33f4/IGVFFI9866UIIC.fastq.gz
IGVFFI9915ANJL	raw	IGVFDS3140XYDB	C37	7	reads	fastq	2861021051	82945a1a98a6476bc3b705b78b7e20b9	https://api.data.igvf.org/sequence-files/IGVFFI9915ANJL/@@download/IGVFFI9915ANJL.fastq.gz	s3://igvf-public/2024/11/16/e5ed1e6c-bc8f-4219-bb6a-09aef30f434c/IGVFFI9915ANJL.fastq.gz
IGVFFI0713CHLR	raw	IGVFDS6481RUDF	C37	9	reads	fastq	2327978875	188b9a2a2f61a78118b5f97cf877b698	https://api.data.igvf.org/sequence-files/IGVFFI0713CHLR/@@download/IGVFFI0713CHLR.fastq.gz	s3://igvf-public/2024/11/16/18f905e5-ac87-45c5-b98d-0fc785b19dcf/IGVFFI0713CHLR.fastq.gz
IGVFFI1623IEWH	raw	IGVFDS6481RUDF	C37	9	reads	fastq	2447414577	3d25c02d13354c6e1bc2452d2b6cd7f3	https://api.data.igvf.org/sequence-files/IGVFFI1623IEWH/@@download/IGVFFI1623IEWH.fastq.gz	s3://igvf-public/2024/11/16/63d40dbb-da45-4a1e-9479-e94955696006/IGVFFI1623IEWH.fastq.gz
IGVFFI2454IZEI	raw	IGVFDS6481RUDF	C37	9	reads	fastq	2422207866	8065209474a0f323167965b534cae0eb	https://api.data.igvf.org/sequence-files/IGVFFI2454IZEI/@@download/IGVFFI2454IZEI.fastq.gz	s3://igvf-public/2024/11/16/93e44a40-d125-474e-888a-96a03b155361/IGVFFI2454IZEI.fastq.gz
IGVFFI2748JBXN	raw	IGVFDS6481RUDF	C37	9	reads	fastq	2364519593	5233522f9cd075e65490514259438178	https://api.data.igvf.org/sequence-files/IGVFFI2748JBXN/@@download/IGVFFI2748JBXN.fastq.gz	s3://igvf-public/2024/11/16/ab45fb98-902b-4288-9102-be06b098fa77/IGVFFI2748JBXN.fastq.gz
IGVFFI3094VVCM	raw	IGVFDS6481RUDF	C37	9	reads	fastq	2399796896	5e6323768880cd990e1e559d1626b342	https://api.data.igvf.org/sequence-files/IGVFFI3094VVCM/@@download/IGVFFI3094VVCM.fastq.gz	s3://igvf-public/2024/11/16/b5ddc560-55b0-4d03-8866-858b9ee96a0a/IGVFFI3094VVCM.fastq.gz
IGVFFI3626ILEB	raw	IGVFDS6481RUDF	C37	9	reads	fastq	2397394057	34213c7c2efd13243f54979028afc7cb	https://api.data.igvf.org/sequence-files/IGVFFI3626ILEB/@@download/IGVFFI3626ILEB.fastq.gz	s3://igvf-public/2024/11/16/755dcad8-ad21-4466-a8b9-da1a33849ae8/IGVFFI3626ILEB.fastq.gz
IGVFFI3754KRWU	raw	IGVFDS6481RUDF	C37	9	reads	fastq	2291016099	0f585ff30b70e5a953630d5b08b47e0e	https://api.data.igvf.org/sequence-files/IGVFFI3754KRWU/@@download/IGVFFI3754KRWU.fastq.gz	s3://igvf-public/2024/11/16/7fd1ea3f-ca2e-4595-91c7-9261135195b9/IGVFFI3754KRWU.fastq.gz
IGVFFI6139IOOJ	raw	IGVFDS6481RUDF	C37	9	reads	fastq	2390617475	113eefab79cfcbf415b5e32b4fba8d26	https://api.data.igvf.org/sequence-files/IGVFFI6139IOOJ/@@download/IGVFFI6139IOOJ.fastq.gz	s3://igvf-public/2024/11/16/83f5b2e3-d846-46da-9232-66751ad88b9f/IGVFFI6139IOOJ.fastq.gz
IGVFFI6158JXAE	raw	IGVFDS6481RUDF	C37	9	reads	fastq	2252413890	dc7770052bdb20f64fbf4d9b7620345b	https://api.data.igvf.org/sequence-files/IGVFFI6158JXAE/@@download/IGVFFI6158JXAE.fastq.gz	s3://igvf-public/2024/11/16/4d2bffd1-1f44-469b-92ae-357b8e45639a/IGVFFI6158JXAE.fastq.gz
IGVFFI6680TRBH	raw	IGVFDS6481RUDF	C37	9	reads	fastq	2332187338	d5be50c166e87fe815638d81f85bc82c	https://api.data.igvf.org/sequence-files/IGVFFI6680TRBH/@@download/IGVFFI6680TRBH.fastq.gz	s3://igvf-public/2024/11/16/e8d2956c-f688-4ffb-ae35-4a2db558da0a/IGVFFI6680TRBH.fastq.gz
IGVFFI6685ODWB	raw	IGVFDS6481RUDF	C37	9	reads	fastq	2350679697	91773ceeda526558d89f43297814e6f1	https://api.data.igvf.org/sequence-files/IGVFFI6685ODWB/@@download/IGVFFI6685ODWB.fastq.gz	s3://igvf-public/2024/11/16/6792c111-7433-44d6-ac52-1c3bb9d32815/IGVFFI6685ODWB.fastq.gz
IGVFFI7254MFQS	raw	IGVFDS6481RUDF	C37	9	reads	fastq	2365245721	06ef14af3b3fad0ebcc31778e16465ef	https://api.data.igvf.org/sequence-files/IGVFFI7254MFQS/@@download/IGVFFI7254MFQS.fastq.gz	s3://igvf-public/2024/11/16/6410fb22-df9f-4d2e-861f-44a475cf900a/IGVFFI7254MFQS.fastq.gz
IGVFFI7449YADQ	raw	IGVFDS6481RUDF	C37	9	reads	fastq	2385026712	910472d8f97a8d49566d9f3c6b3242c5	https://api.data.igvf.org/sequence-files/IGVFFI7449YADQ/@@download/IGVFFI7449YADQ.fastq.gz	s3://igvf-public/2024/11/16/4aa59274-e22b-4eeb-8fde-7aba9184f387/IGVFFI7449YADQ.fastq.gz
IGVFFI7993EOOO	raw	IGVFDS6481RUDF	C37	9	reads	fastq	2292483959	dae4d80ae1346cf39972167a47e52dc2	https://api.data.igvf.org/sequence-files/IGVFFI7993EOOO/@@download/IGVFFI7993EOOO.fastq.gz	s3://igvf-public/2024/11/16/71d31036-3930-4ea2-9a3f-1a1b3e955c85/IGVFFI7993EOOO.fastq.gz
IGVFFI9087PKPV	raw	IGVFDS6481RUDF	C37	9	reads	fastq	2426623347	50042c48e796a7bf15b7a239142c9ab5	https://api.data.igvf.org/sequence-files/IGVFFI9087PKPV/@@download/IGVFFI9087PKPV.fastq.gz	s3://igvf-public/2024/11/16/76cdeb39-c80d-4fe9-b39f-c596167302cf/IGVFFI9087PKPV.fastq.gz
IGVFFI9475PSDE	raw	IGVFDS6481RUDF	C37	9	reads	fastq	2463266206	121a228ba822c4b98e17eb3f2f01d0ce	https://api.data.igvf.org/sequence-files/IGVFFI9475PSDE/@@download/IGVFFI9475PSDE.fastq.gz	s3://igvf-public/2024/11/16/1fd2a652-48d5-4429-8905-bfaecfa1caaf/IGVFFI9475PSDE.fastq.gz
IGVFFI0257AFQL	raw	IGVFDS5562PVFA	C38	0	reads	fastq	2694220277	2e9e819bd783f9e10a4f828e54ec569b	https://api.data.igvf.org/sequence-files/IGVFFI0257AFQL/@@download/IGVFFI0257AFQL.fastq.gz	s3://igvf-public/2024/11/16/b2f4a84d-cd5a-4d14-921a-931f0fabb4c4/IGVFFI0257AFQL.fastq.gz
IGVFFI1339FFFP	raw	IGVFDS5562PVFA	C38	0	reads	fastq	2693769961	2005bc06fe01e6a9d8b052098a640743	https://api.data.igvf.org/sequence-files/IGVFFI1339FFFP/@@download/IGVFFI1339FFFP.fastq.gz	s3://igvf-public/2024/11/16/8e2e9141-2bd1-463b-ac83-64febb618492/IGVFFI1339FFFP.fastq.gz
IGVFFI2001JXCZ	raw	IGVFDS5562PVFA	C38	0	reads	fastq	2574119962	359109dbcb4589f72818f4857f9f3ad2	https://api.data.igvf.org/sequence-files/IGVFFI2001JXCZ/@@download/IGVFFI2001JXCZ.fastq.gz	s3://igvf-public/2024/11/16/b11031fe-0650-4a9e-b2dd-52b991c7ee36/IGVFFI2001JXCZ.fastq.gz
IGVFFI2612OUGB	raw	IGVFDS5562PVFA	C38	0	reads	fastq	2703308730	f175ab65d12fa75958364ab76d7acf99	https://api.data.igvf.org/sequence-files/IGVFFI2612OUGB/@@download/IGVFFI2612OUGB.fastq.gz	s3://igvf-public/2024/11/16/dd338866-ca33-4646-8013-0fd530879672/IGVFFI2612OUGB.fastq.gz
IGVFFI5295WLXB	raw	IGVFDS5562PVFA	C38	0	reads	fastq	2648298911	bbd57bb7d09968b04f5b1e2c2f62051d	https://api.data.igvf.org/sequence-files/IGVFFI5295WLXB/@@download/IGVFFI5295WLXB.fastq.gz	s3://igvf-public/2024/11/16/684ad3a7-37f1-4ac7-97ca-1348d9d4c137/IGVFFI5295WLXB.fastq.gz
IGVFFI5389VDPV	raw	IGVFDS5562PVFA	C38	0	reads	fastq	2774703511	6f61501e0006c4cc8ffe9e639706f3da	https://api.data.igvf.org/sequence-files/IGVFFI5389VDPV/@@download/IGVFFI5389VDPV.fastq.gz	s3://igvf-public/2024/11/16/b8e48554-db0e-4137-b3c8-7e0635a7d198/IGVFFI5389VDPV.fastq.gz
IGVFFI5507FPFX	raw	IGVFDS5562PVFA	C38	0	reads	fastq	2618507042	35c40d33feca5e25b8b67bf6b648ecca	https://api.data.igvf.org/sequence-files/IGVFFI5507FPFX/@@download/IGVFFI5507FPFX.fastq.gz	s3://igvf-public/2024/11/16/a3288eca-6300-4637-9fa7-d3920e2a6c48/IGVFFI5507FPFX.fastq.gz
IGVFFI5652UTVG	raw	IGVFDS5562PVFA	C38	0	reads	fastq	2679352130	6acf3ddbe2297b04d474b7f3cea8a22c	https://api.data.igvf.org/sequence-files/IGVFFI5652UTVG/@@download/IGVFFI5652UTVG.fastq.gz	s3://igvf-public/2024/11/16/af57edc9-f520-4e7f-92bc-a5d6ffe9e257/IGVFFI5652UTVG.fastq.gz
IGVFFI5967FRGV	raw	IGVFDS5562PVFA	C38	0	reads	fastq	2695527750	03c32b1342dd8a7fa9a84caa80227904	https://api.data.igvf.org/sequence-files/IGVFFI5967FRGV/@@download/IGVFFI5967FRGV.fastq.gz	s3://igvf-public/2024/11/16/5315e995-8502-4f93-8c4e-35d6ebc33ea5/IGVFFI5967FRGV.fastq.gz
IGVFFI6712NZWE	raw	IGVFDS5562PVFA	C38	0	reads	fastq	2715577908	713891b703422e4ffcedc1872ec4a343	https://api.data.igvf.org/sequence-files/IGVFFI6712NZWE/@@download/IGVFFI6712NZWE.fastq.gz	s3://igvf-public/2024/11/16/429b8730-52a4-44ac-acd9-91f7bee4fa4b/IGVFFI6712NZWE.fastq.gz
IGVFFI6745DGFM	raw	IGVFDS5562PVFA	C38	0	reads	fastq	2653873014	57157e0fe547106fe3128ad1d7f9554c	https://api.data.igvf.org/sequence-files/IGVFFI6745DGFM/@@download/IGVFFI6745DGFM.fastq.gz	s3://igvf-public/2024/11/16/a0d0f0db-427a-4f26-91b6-23f451a4d50e/IGVFFI6745DGFM.fastq.gz
IGVFFI6747TDZR	raw	IGVFDS5562PVFA	C38	0	reads	fastq	2585547532	839d351de3e57620bd02d3e89ac573c9	https://api.data.igvf.org/sequence-files/IGVFFI6747TDZR/@@download/IGVFFI6747TDZR.fastq.gz	s3://igvf-public/2024/11/16/fc94acfe-e80c-46d0-a74b-bafe3f69b89c/IGVFFI6747TDZR.fastq.gz
IGVFFI7958ZIJC	raw	IGVFDS5562PVFA	C38	0	reads	fastq	2736291603	b2d0148ec6e9d72fa0e23b5563b1bcb2	https://api.data.igvf.org/sequence-files/IGVFFI7958ZIJC/@@download/IGVFFI7958ZIJC.fastq.gz	s3://igvf-public/2024/11/16/7357a9fc-f7e6-42dd-a2b7-67cd305bfa5f/IGVFFI7958ZIJC.fastq.gz
IGVFFI8035KPSS	raw	IGVFDS5562PVFA	C38	0	reads	fastq	2544127954	e7e72b3dea08d9525c0728d9eb7db6ca	https://api.data.igvf.org/sequence-files/IGVFFI8035KPSS/@@download/IGVFFI8035KPSS.fastq.gz	s3://igvf-public/2024/11/16/75785f0d-c00a-4d14-9cbc-adbb86b794e2/IGVFFI8035KPSS.fastq.gz
IGVFFI9079FZFC	raw	IGVFDS5562PVFA	C38	0	reads	fastq	2744429407	47303d1d39d24747f0b3b0be8f62405c	https://api.data.igvf.org/sequence-files/IGVFFI9079FZFC/@@download/IGVFFI9079FZFC.fastq.gz	s3://igvf-public/2024/11/16/3489398e-1dfb-4ef7-b8fa-fc28fb7e2f9a/IGVFFI9079FZFC.fastq.gz
IGVFFI9688EEZO	raw	IGVFDS5562PVFA	C38	0	reads	fastq	2636767135	94f769d70214d4a94bd4bdbbcc4ecb6f	https://api.data.igvf.org/sequence-files/IGVFFI9688EEZO/@@download/IGVFFI9688EEZO.fastq.gz	s3://igvf-public/2024/11/16/8812ab52-4a4e-45bf-b29d-f59a2ba5eea3/IGVFFI9688EEZO.fastq.gz
IGVFFI0049ASTF	raw	IGVFDS6022TZAV	C38	12	reads	fastq	3128103893	3d5c017859580c89c46c2261dbeb77c6	https://api.data.igvf.org/sequence-files/IGVFFI0049ASTF/@@download/IGVFFI0049ASTF.fastq.gz	s3://igvf-public/2024/11/17/48102b11-efbf-4628-b77c-b7bc24d84817/IGVFFI0049ASTF.fastq.gz
IGVFFI0099ZFLK	raw	IGVFDS6022TZAV	C38	12	reads	fastq	3145896048	f67228c1d97022faca0282658a05444a	https://api.data.igvf.org/sequence-files/IGVFFI0099ZFLK/@@download/IGVFFI0099ZFLK.fastq.gz	s3://igvf-public/2024/11/17/6c2666aa-5c36-4d9a-ab42-f9f2214fc4d5/IGVFFI0099ZFLK.fastq.gz
IGVFFI0556BQRL	raw	IGVFDS6022TZAV	C38	12	reads	fastq	3120563103	18239a02cf9d16d489a01e3d3bf69ebb	https://api.data.igvf.org/sequence-files/IGVFFI0556BQRL/@@download/IGVFFI0556BQRL.fastq.gz	s3://igvf-public/2024/11/17/2a24300e-6e90-4c23-a082-e5cc7ab16715/IGVFFI0556BQRL.fastq.gz
IGVFFI0817AOTS	raw	IGVFDS6022TZAV	C38	12	reads	fastq	3264532243	14c3bfe890311f8b5dd7a87f6d545e23	https://api.data.igvf.org/sequence-files/IGVFFI0817AOTS/@@download/IGVFFI0817AOTS.fastq.gz	s3://igvf-public/2024/11/17/c9b70fc8-f395-49f1-ada8-31b20b4fbca1/IGVFFI0817AOTS.fastq.gz
IGVFFI1075ZISR	raw	IGVFDS6022TZAV	C38	12	reads	fastq	3145460093	32c99b963e95a0338b101190d1974dde	https://api.data.igvf.org/sequence-files/IGVFFI1075ZISR/@@download/IGVFFI1075ZISR.fastq.gz	s3://igvf-public/2024/11/17/d4fc5945-9e42-419a-863f-a012cd285d54/IGVFFI1075ZISR.fastq.gz
IGVFFI1738OKVC	raw	IGVFDS6022TZAV	C38	12	reads	fastq	3295357996	4041297eb523e303199685955a051451	https://api.data.igvf.org/sequence-files/IGVFFI1738OKVC/@@download/IGVFFI1738OKVC.fastq.gz	s3://igvf-public/2024/11/17/411ade65-ab6a-4810-a9e1-0ec441d8403c/IGVFFI1738OKVC.fastq.gz
IGVFFI2272RHXS	raw	IGVFDS6022TZAV	C38	12	reads	fastq	3251212408	42a98454b46c18b9d8b5f80c77dda689	https://api.data.igvf.org/sequence-files/IGVFFI2272RHXS/@@download/IGVFFI2272RHXS.fastq.gz	s3://igvf-public/2024/11/17/e202d90d-d0c2-4726-bd24-14a457e26e62/IGVFFI2272RHXS.fastq.gz
IGVFFI2791OSRK	raw	IGVFDS6022TZAV	C38	12	reads	fastq	3221306168	a63712380129764834676bd7c489cc0a	https://api.data.igvf.org/sequence-files/IGVFFI2791OSRK/@@download/IGVFFI2791OSRK.fastq.gz	s3://igvf-public/2024/11/17/434e7959-9871-4829-9667-ea0cdeba5004/IGVFFI2791OSRK.fastq.gz
IGVFFI4729UYMM	raw	IGVFDS6022TZAV	C38	12	reads	fastq	3005218361	939d6facf8adafcd75c610331a041c86	https://api.data.igvf.org/sequence-files/IGVFFI4729UYMM/@@download/IGVFFI4729UYMM.fastq.gz	s3://igvf-public/2024/11/16/28c9e250-2567-4238-a213-a9efbaec6497/IGVFFI4729UYMM.fastq.gz
IGVFFI4944LAEH	raw	IGVFDS6022TZAV	C38	12	reads	fastq	3177328143	1ea8504dd2bf8a7ee74724f81a5f2f16	https://api.data.igvf.org/sequence-files/IGVFFI4944LAEH/@@download/IGVFFI4944LAEH.fastq.gz	s3://igvf-public/2024/11/17/1fda5aa2-b880-451d-b5ae-7ce8eca71918/IGVFFI4944LAEH.fastq.gz
IGVFFI5952BXNO	raw	IGVFDS6022TZAV	C38	12	reads	fastq	3068594550	1b0f79a01eaf29bf1269cb3c2efa77f0	https://api.data.igvf.org/sequence-files/IGVFFI5952BXNO/@@download/IGVFFI5952BXNO.fastq.gz	s3://igvf-public/2024/11/16/08f36e42-2283-4b07-85de-98bf2a297346/IGVFFI5952BXNO.fastq.gz
IGVFFI5968MOIE	raw	IGVFDS6022TZAV	C38	12	reads	fastq	3173295636	2528e04ea208cf96b96b00ad593d0608	https://api.data.igvf.org/sequence-files/IGVFFI5968MOIE/@@download/IGVFFI5968MOIE.fastq.gz	s3://igvf-public/2024/11/17/ccc77a1e-2986-45d9-bf94-2203d2916f10/IGVFFI5968MOIE.fastq.gz
IGVFFI5975KWNE	raw	IGVFDS6022TZAV	C38	12	reads	fastq	3055071415	3e02592d2c12106e0a5122e050701151	https://api.data.igvf.org/sequence-files/IGVFFI5975KWNE/@@download/IGVFFI5975KWNE.fastq.gz	s3://igvf-public/2024/11/17/483cbe5b-f383-40bb-b7b1-a708fab344df/IGVFFI5975KWNE.fastq.gz
IGVFFI6625SZKP	raw	IGVFDS6022TZAV	C38	12	reads	fastq	3240921528	cc3059db2252621a3e729368d44aef54	https://api.data.igvf.org/sequence-files/IGVFFI6625SZKP/@@download/IGVFFI6625SZKP.fastq.gz	s3://igvf-public/2024/11/17/5ce2ffb4-cde4-47ca-80c7-a15f2c0edd14/IGVFFI6625SZKP.fastq.gz
IGVFFI7518EVWY	raw	IGVFDS6022TZAV	C38	12	reads	fastq	3240689775	181507139fc24bd90d6a8e22f0807a56	https://api.data.igvf.org/sequence-files/IGVFFI7518EVWY/@@download/IGVFFI7518EVWY.fastq.gz	s3://igvf-public/2024/11/17/bc46bd09-ba97-4b15-bad1-0d53474d24a0/IGVFFI7518EVWY.fastq.gz
IGVFFI7789FMIA	raw	IGVFDS6022TZAV	C38	12	reads	fastq	3197930381	d0eca1af47fc75afd7667c18a724930c	https://api.data.igvf.org/sequence-files/IGVFFI7789FMIA/@@download/IGVFFI7789FMIA.fastq.gz	s3://igvf-public/2024/11/17/d5368ff3-4228-495d-9c18-5fcedc461e09/IGVFFI7789FMIA.fastq.gz
IGVFFI0566HIUD	raw	IGVFDS4538IFHF	C38	14	reads	fastq	2665818926	f5016a7e14eab3678733fd976b55ce24	https://api.data.igvf.org/sequence-files/IGVFFI0566HIUD/@@download/IGVFFI0566HIUD.fastq.gz	s3://igvf-public/2024/11/17/e46f572a-59d3-4157-857a-72465f8aead6/IGVFFI0566HIUD.fastq.gz
IGVFFI0574KYCM	raw	IGVFDS4538IFHF	C38	14	reads	fastq	2727469533	bb3881200631e056ae9fc377378bdbf6	https://api.data.igvf.org/sequence-files/IGVFFI0574KYCM/@@download/IGVFFI0574KYCM.fastq.gz	s3://igvf-public/2024/11/17/dad562d6-3b7a-4b45-b2ac-ac7d68334fc2/IGVFFI0574KYCM.fastq.gz
IGVFFI0709KCGI	raw	IGVFDS4538IFHF	C38	14	reads	fastq	2612112703	b3ae6c86f3f2bb334162a4e9b56d8f14	https://api.data.igvf.org/sequence-files/IGVFFI0709KCGI/@@download/IGVFFI0709KCGI.fastq.gz	s3://igvf-public/2024/11/17/709a9ad3-237f-43c5-9f5c-3f554306a2f7/IGVFFI0709KCGI.fastq.gz
IGVFFI1356ZWDH	raw	IGVFDS4538IFHF	C38	14	reads	fastq	2624228889	74924a8d73e089cdcef54bdf4638ecf9	https://api.data.igvf.org/sequence-files/IGVFFI1356ZWDH/@@download/IGVFFI1356ZWDH.fastq.gz	s3://igvf-public/2024/11/17/b7f3576a-5078-4eaa-a876-5c78fcd5d810/IGVFFI1356ZWDH.fastq.gz
IGVFFI1763XXUT	raw	IGVFDS4538IFHF	C38	14	reads	fastq	2697790928	289dd20f6fb84dd8f25a58f6e3f99990	https://api.data.igvf.org/sequence-files/IGVFFI1763XXUT/@@download/IGVFFI1763XXUT.fastq.gz	s3://igvf-public/2024/11/17/43cce528-903e-4dd0-89a2-9e41595dc5a0/IGVFFI1763XXUT.fastq.gz
IGVFFI1825BLUM	raw	IGVFDS4538IFHF	C38	14	reads	fastq	2655161666	1dae3c2c4fb31054497294470a58973c	https://api.data.igvf.org/sequence-files/IGVFFI1825BLUM/@@download/IGVFFI1825BLUM.fastq.gz	s3://igvf-public/2024/11/17/68066a2b-f840-4fe5-9508-568930ed5532/IGVFFI1825BLUM.fastq.gz
IGVFFI2011JDFB	raw	IGVFDS4538IFHF	C38	14	reads	fastq	2704154294	17b26ff5f0fa45d26724f9649d54c5db	https://api.data.igvf.org/sequence-files/IGVFFI2011JDFB/@@download/IGVFFI2011JDFB.fastq.gz	s3://igvf-public/2024/11/17/34e33eac-3236-4362-9be0-0356cfab35a6/IGVFFI2011JDFB.fastq.gz
IGVFFI2089JXSQ	raw	IGVFDS4538IFHF	C38	14	reads	fastq	2768727472	8694cb42fc1414605cde0bc940ac26ba	https://api.data.igvf.org/sequence-files/IGVFFI2089JXSQ/@@download/IGVFFI2089JXSQ.fastq.gz	s3://igvf-public/2024/11/17/de1740b9-acc1-497e-85e6-597648e609f7/IGVFFI2089JXSQ.fastq.gz
IGVFFI2314ZANQ	raw	IGVFDS4538IFHF	C38	14	reads	fastq	2732008981	4b60ed91a0550da9a17debe525604b1f	https://api.data.igvf.org/sequence-files/IGVFFI2314ZANQ/@@download/IGVFFI2314ZANQ.fastq.gz	s3://igvf-public/2024/11/17/6db3fb0e-1ef2-4e51-ad4e-db1f118997c3/IGVFFI2314ZANQ.fastq.gz
IGVFFI2975BARF	raw	IGVFDS4538IFHF	C38	14	reads	fastq	2767625176	280158525fcddc3adf4bbe36617e704d	https://api.data.igvf.org/sequence-files/IGVFFI2975BARF/@@download/IGVFFI2975BARF.fastq.gz	s3://igvf-public/2024/11/17/210a49f3-577f-4125-8d99-7419acd93ac0/IGVFFI2975BARF.fastq.gz
IGVFFI4129BIKJ	raw	IGVFDS4538IFHF	C38	14	reads	fastq	2806749972	867091b9f78fe3769d2cf258230476b3	https://api.data.igvf.org/sequence-files/IGVFFI4129BIKJ/@@download/IGVFFI4129BIKJ.fastq.gz	s3://igvf-public/2024/11/17/a818ebf8-6057-4f46-87d6-f57c17ba4ac5/IGVFFI4129BIKJ.fastq.gz
IGVFFI4482KZUO	raw	IGVFDS4538IFHF	C38	14	reads	fastq	2767503425	1df7040611c046efdde10f20012f5d2c	https://api.data.igvf.org/sequence-files/IGVFFI4482KZUO/@@download/IGVFFI4482KZUO.fastq.gz	s3://igvf-public/2024/11/17/2d0df047-0067-4ec6-a49f-a5e100024334/IGVFFI4482KZUO.fastq.gz
IGVFFI4784HZFC	raw	IGVFDS4538IFHF	C38	14	reads	fastq	2691177684	1d039bb30237ddc2c03be84c142ba31b	https://api.data.igvf.org/sequence-files/IGVFFI4784HZFC/@@download/IGVFFI4784HZFC.fastq.gz	s3://igvf-public/2024/11/17/efebc67b-5e75-46d2-941d-129dc92bde45/IGVFFI4784HZFC.fastq.gz
IGVFFI6155HIDP	raw	IGVFDS4538IFHF	C38	14	reads	fastq	2744230053	f8336a6d90cf430fd22fa387a640fbb7	https://api.data.igvf.org/sequence-files/IGVFFI6155HIDP/@@download/IGVFFI6155HIDP.fastq.gz	s3://igvf-public/2024/11/17/52cfd592-e61b-481a-af36-82b548a30f02/IGVFFI6155HIDP.fastq.gz
IGVFFI7224XGPR	raw	IGVFDS4538IFHF	C38	14	reads	fastq	2571754459	287bd41b1e0b416491a412bf651546c7	https://api.data.igvf.org/sequence-files/IGVFFI7224XGPR/@@download/IGVFFI7224XGPR.fastq.gz	s3://igvf-public/2024/11/17/7550084f-7155-44f2-96c5-070f14aff5d7/IGVFFI7224XGPR.fastq.gz
IGVFFI7917ZLRM	raw	IGVFDS4538IFHF	C38	14	reads	fastq	2667836678	e4c1ced5ef0d6bbb095efa3f74403638	https://api.data.igvf.org/sequence-files/IGVFFI7917ZLRM/@@download/IGVFFI7917ZLRM.fastq.gz	s3://igvf-public/2024/11/17/48cdbe40-0da6-4c67-a5c2-c0e520f1291d/IGVFFI7917ZLRM.fastq.gz
IGVFFI1075HDIL	raw	IGVFDS7395LBWF	C38	1	reads	fastq	3519875128	2b8a1a4b5dc7559aaa20557c3a0c2fbc	https://api.data.igvf.org/sequence-files/IGVFFI1075HDIL/@@download/IGVFFI1075HDIL.fastq.gz	s3://igvf-public/2024/11/15/00d43a64-f634-4516-9a6b-532de6becd24/IGVFFI1075HDIL.fastq.gz
IGVFFI1700YKJQ	raw	IGVFDS7395LBWF	C38	1	reads	fastq	3478435630	5e83364e12b6f87b062737ac81fe6aba	https://api.data.igvf.org/sequence-files/IGVFFI1700YKJQ/@@download/IGVFFI1700YKJQ.fastq.gz	s3://igvf-public/2024/11/15/c215839a-c970-4afa-a603-a6bba669a31b/IGVFFI1700YKJQ.fastq.gz
IGVFFI3891CLVB	raw	IGVFDS7395LBWF	C38	1	reads	fastq	3399473925	b009eca44c69372e87fc8cd0a9ba1e95	https://api.data.igvf.org/sequence-files/IGVFFI3891CLVB/@@download/IGVFFI3891CLVB.fastq.gz	s3://igvf-public/2024/11/15/75e62dd2-be5b-485f-82c1-bf4a27e0b969/IGVFFI3891CLVB.fastq.gz
IGVFFI4458ZQUU	raw	IGVFDS7395LBWF	C38	1	reads	fastq	3512455034	e2bfbfc6112d2ac2282ce33ef3b62cd2	https://api.data.igvf.org/sequence-files/IGVFFI4458ZQUU/@@download/IGVFFI4458ZQUU.fastq.gz	s3://igvf-public/2024/11/15/8d7c24b4-48b9-4b20-96aa-50702a0d9294/IGVFFI4458ZQUU.fastq.gz
IGVFFI5083WFLV	raw	IGVFDS7395LBWF	C38	1	reads	fastq	3380380181	b75ba0770396da03f1358db95f017c17	https://api.data.igvf.org/sequence-files/IGVFFI5083WFLV/@@download/IGVFFI5083WFLV.fastq.gz	s3://igvf-public/2024/11/15/5a51bf9a-c11e-4359-858f-a0346dd954fa/IGVFFI5083WFLV.fastq.gz
IGVFFI6352AIKH	raw	IGVFDS7395LBWF	C38	1	reads	fastq	3491459326	3bc7721117daecff4554dc13a4e69bc7	https://api.data.igvf.org/sequence-files/IGVFFI6352AIKH/@@download/IGVFFI6352AIKH.fastq.gz	s3://igvf-public/2024/11/15/fe31bbd0-5da0-466e-a1e6-488338ed25c7/IGVFFI6352AIKH.fastq.gz
IGVFFI6594BRGV	raw	IGVFDS7395LBWF	C38	1	reads	fastq	3503858484	c0d721dc2f17f220b1e4d95f510a7666	https://api.data.igvf.org/sequence-files/IGVFFI6594BRGV/@@download/IGVFFI6594BRGV.fastq.gz	s3://igvf-public/2024/11/15/3b135e31-f848-4d6c-ab82-c369e169a5d5/IGVFFI6594BRGV.fastq.gz
IGVFFI7287GDVC	raw	IGVFDS7395LBWF	C38	1	reads	fastq	3446938953	91e7213aa06ee4ceb827f7d94e3101e2	https://api.data.igvf.org/sequence-files/IGVFFI7287GDVC/@@download/IGVFFI7287GDVC.fastq.gz	s3://igvf-public/2024/11/15/1f23a263-cc8d-4a4a-bd49-55bfdad90f77/IGVFFI7287GDVC.fastq.gz
IGVFFI7338CNLK	raw	IGVFDS7395LBWF	C38	1	reads	fastq	3533630624	ad643ca50a195d6ccf6c20fd4eb18d68	https://api.data.igvf.org/sequence-files/IGVFFI7338CNLK/@@download/IGVFFI7338CNLK.fastq.gz	s3://igvf-public/2024/11/15/80c5c26a-0778-43b4-997c-fd378e99b31e/IGVFFI7338CNLK.fastq.gz
IGVFFI8121WPSC	raw	IGVFDS7395LBWF	C38	1	reads	fastq	3472367141	d1a8c212499987ef026bc5db0dc86c46	https://api.data.igvf.org/sequence-files/IGVFFI8121WPSC/@@download/IGVFFI8121WPSC.fastq.gz	s3://igvf-public/2024/11/15/2652f008-df42-4570-8fac-b6af3d906ac2/IGVFFI8121WPSC.fastq.gz
IGVFFI8503RARK	raw	IGVFDS7395LBWF	C38	1	reads	fastq	3475827112	bce26f0fd26ff9aac702c41ab1bd8850	https://api.data.igvf.org/sequence-files/IGVFFI8503RARK/@@download/IGVFFI8503RARK.fastq.gz	s3://igvf-public/2024/11/15/7782b782-d284-4dd0-9b8d-e3750af48415/IGVFFI8503RARK.fastq.gz
IGVFFI8542AWMH	raw	IGVFDS7395LBWF	C38	1	reads	fastq	3514913250	ef9ff9dfe3fb5cb03628f7f7f3e0d79d	https://api.data.igvf.org/sequence-files/IGVFFI8542AWMH/@@download/IGVFFI8542AWMH.fastq.gz	s3://igvf-public/2024/11/15/3cf49ff3-0dbf-46cf-b700-01f13f1f7481/IGVFFI8542AWMH.fastq.gz
IGVFFI9066VBLN	raw	IGVFDS7395LBWF	C38	1	reads	fastq	3528346383	fd5e6b323d1a2a780242fb9c395a5625	https://api.data.igvf.org/sequence-files/IGVFFI9066VBLN/@@download/IGVFFI9066VBLN.fastq.gz	s3://igvf-public/2024/11/15/c94e1c7e-fb69-43ed-bcb9-f28ea7bbcf3b/IGVFFI9066VBLN.fastq.gz
IGVFFI9511VJLP	raw	IGVFDS7395LBWF	C38	1	reads	fastq	3471604650	2f5f5b43427c69707f48cb5a197f4196	https://api.data.igvf.org/sequence-files/IGVFFI9511VJLP/@@download/IGVFFI9511VJLP.fastq.gz	s3://igvf-public/2024/11/15/a90a4e5a-3385-40ec-a9cb-4e49a5caf375/IGVFFI9511VJLP.fastq.gz
IGVFFI9587BBAE	raw	IGVFDS7395LBWF	C38	1	reads	fastq	3442344478	118627257d85b60580933feb8cd8c20f	https://api.data.igvf.org/sequence-files/IGVFFI9587BBAE/@@download/IGVFFI9587BBAE.fastq.gz	s3://igvf-public/2024/11/15/c2eddc7d-8ae1-49cb-9d9a-c22f7b503a5c/IGVFFI9587BBAE.fastq.gz
IGVFFI9978CNOI	raw	IGVFDS7395LBWF	C38	1	reads	fastq	3462905266	c51b3ec1ab66faa26b60dc623b4f578d	https://api.data.igvf.org/sequence-files/IGVFFI9978CNOI/@@download/IGVFFI9978CNOI.fastq.gz	s3://igvf-public/2024/11/15/19838ca1-4f3f-4383-a5f3-972bb2e6bc0a/IGVFFI9978CNOI.fastq.gz
IGVFFI1336HGXA	raw	IGVFDS1989TSQP	C38	3	reads	fastq	2648451706	9b90806bb034824646c3d0666554749e	https://api.data.igvf.org/sequence-files/IGVFFI1336HGXA/@@download/IGVFFI1336HGXA.fastq.gz	s3://igvf-public/2024/11/18/a0533f3d-c247-4c2b-b0c3-733616ccd608/IGVFFI1336HGXA.fastq.gz
IGVFFI1377BTNZ	raw	IGVFDS1989TSQP	C38	3	reads	fastq	2531068737	bfc4fd758a72179eb65ab6780ce5db76	https://api.data.igvf.org/sequence-files/IGVFFI1377BTNZ/@@download/IGVFFI1377BTNZ.fastq.gz	s3://igvf-public/2024/11/18/4a88c965-1d5c-40cc-9244-abd9dcb7fe1c/IGVFFI1377BTNZ.fastq.gz
IGVFFI1999IICS	raw	IGVFDS1989TSQP	C38	3	reads	fastq	2564539687	1cd2705d12765dfe1c92175308ebe901	https://api.data.igvf.org/sequence-files/IGVFFI1999IICS/@@download/IGVFFI1999IICS.fastq.gz	s3://igvf-public/2024/11/18/17738cc2-c003-42fb-a51c-b3dc0bbc5226/IGVFFI1999IICS.fastq.gz
IGVFFI2432PPXT	raw	IGVFDS1989TSQP	C38	3	reads	fastq	2607687585	3a1e301d109cb8c779c77e38597542b0	https://api.data.igvf.org/sequence-files/IGVFFI2432PPXT/@@download/IGVFFI2432PPXT.fastq.gz	s3://igvf-public/2024/11/18/4f4159b5-cd12-4a59-acbb-d9cfa557aca4/IGVFFI2432PPXT.fastq.gz
IGVFFI2780MCHC	raw	IGVFDS1989TSQP	C38	3	reads	fastq	2566485789	a84cb45cb1af4a29f086e9ad2bc52bfe	https://api.data.igvf.org/sequence-files/IGVFFI2780MCHC/@@download/IGVFFI2780MCHC.fastq.gz	s3://igvf-public/2024/11/18/36de0822-9c87-449d-9b39-5c1290ff60f4/IGVFFI2780MCHC.fastq.gz
IGVFFI3073NTNE	raw	IGVFDS1989TSQP	C38	3	reads	fastq	2682762342	da34763d4bf818413512502cb52035ec	https://api.data.igvf.org/sequence-files/IGVFFI3073NTNE/@@download/IGVFFI3073NTNE.fastq.gz	s3://igvf-public/2024/11/18/7dc47c7b-7bcb-4138-9e62-7b7eb619e5f1/IGVFFI3073NTNE.fastq.gz
IGVFFI3134SKPW	raw	IGVFDS1989TSQP	C38	3	reads	fastq	2644872111	4536c85463cc07d62d181323f46fc4c5	https://api.data.igvf.org/sequence-files/IGVFFI3134SKPW/@@download/IGVFFI3134SKPW.fastq.gz	s3://igvf-public/2024/11/18/dbfc8298-4826-4ddc-998e-068d5a3fae93/IGVFFI3134SKPW.fastq.gz
IGVFFI4438LKCF	raw	IGVFDS1989TSQP	C38	3	reads	fastq	2628398604	a5dff7420d4cd7e4bb3b4d53305bd57e	https://api.data.igvf.org/sequence-files/IGVFFI4438LKCF/@@download/IGVFFI4438LKCF.fastq.gz	s3://igvf-public/2024/11/18/58d2802b-eadf-4df8-b6e7-3bb6597b9036/IGVFFI4438LKCF.fastq.gz
IGVFFI5220IEFT	raw	IGVFDS1989TSQP	C38	3	reads	fastq	2551956459	9209ace04a18b335c3b33223a689323f	https://api.data.igvf.org/sequence-files/IGVFFI5220IEFT/@@download/IGVFFI5220IEFT.fastq.gz	s3://igvf-public/2024/11/18/892ef57b-806e-486d-9d14-2dcb95ceaa48/IGVFFI5220IEFT.fastq.gz
IGVFFI5404VXLJ	raw	IGVFDS1989TSQP	C38	3	reads	fastq	2598092834	416b395df426a85681c33704e9a911e0	https://api.data.igvf.org/sequence-files/IGVFFI5404VXLJ/@@download/IGVFFI5404VXLJ.fastq.gz	s3://igvf-public/2024/11/18/c92b1b94-9b0e-449d-9d91-10a8c8e989a1/IGVFFI5404VXLJ.fastq.gz
IGVFFI7023FPGJ	raw	IGVFDS1989TSQP	C38	3	reads	fastq	2634279817	c8db2a8013bffe8f896b53788c2c0de6	https://api.data.igvf.org/sequence-files/IGVFFI7023FPGJ/@@download/IGVFFI7023FPGJ.fastq.gz	s3://igvf-public/2024/11/18/da5a4382-3fe5-47e9-96b6-01f88f5de135/IGVFFI7023FPGJ.fastq.gz
IGVFFI7049IGVP	raw	IGVFDS1989TSQP	C38	3	reads	fastq	2539276544	5fca3a18deba62f37837caebdaffa5a9	https://api.data.igvf.org/sequence-files/IGVFFI7049IGVP/@@download/IGVFFI7049IGVP.fastq.gz	s3://igvf-public/2024/11/18/0cccc8ad-c480-4553-ac4f-58370e9cf32c/IGVFFI7049IGVP.fastq.gz
IGVFFI7201GKMI	raw	IGVFDS1989TSQP	C38	3	reads	fastq	2560977041	10557dab53bc932b3fae05c5c993893a	https://api.data.igvf.org/sequence-files/IGVFFI7201GKMI/@@download/IGVFFI7201GKMI.fastq.gz	s3://igvf-public/2024/11/18/adc2556d-6c57-4efa-9cfb-ce95ed552a6a/IGVFFI7201GKMI.fastq.gz
IGVFFI7235LRPD	raw	IGVFDS1989TSQP	C38	3	reads	fastq	2552157785	944edc592c18d6cee7da853d3aa26951	https://api.data.igvf.org/sequence-files/IGVFFI7235LRPD/@@download/IGVFFI7235LRPD.fastq.gz	s3://igvf-public/2024/11/18/2f643019-077b-4073-a97c-93e86bdf6715/IGVFFI7235LRPD.fastq.gz
IGVFFI7335JPOJ	raw	IGVFDS1989TSQP	C38	3	reads	fastq	2598140357	aeb324ae6927121966a8f87bfb702c24	https://api.data.igvf.org/sequence-files/IGVFFI7335JPOJ/@@download/IGVFFI7335JPOJ.fastq.gz	s3://igvf-public/2024/11/18/708a1f1f-ed81-4410-9c5d-b02d19bbc867/IGVFFI7335JPOJ.fastq.gz
IGVFFI9152ISPL	raw	IGVFDS1989TSQP	C38	3	reads	fastq	2651220820	bb86610912d71a4c1ada7408acbc1ce1	https://api.data.igvf.org/sequence-files/IGVFFI9152ISPL/@@download/IGVFFI9152ISPL.fastq.gz	s3://igvf-public/2024/11/18/1870fb0b-3e1b-4169-90dd-8315c002b362/IGVFFI9152ISPL.fastq.gz
IGVFFI0307CSXE	raw	IGVFDS1811BKZP	C38	5	reads	fastq	2670220997	9b34916e9d06a3b4cc01a559bd280f70	https://api.data.igvf.org/sequence-files/IGVFFI0307CSXE/@@download/IGVFFI0307CSXE.fastq.gz	s3://igvf-public/2024/11/17/e9e83875-d33c-4462-bd38-638042c276ef/IGVFFI0307CSXE.fastq.gz
IGVFFI0599GHZE	raw	IGVFDS1811BKZP	C38	5	reads	fastq	2732818880	6275dce754693500daf4cc0d2f89c6c0	https://api.data.igvf.org/sequence-files/IGVFFI0599GHZE/@@download/IGVFFI0599GHZE.fastq.gz	s3://igvf-public/2024/11/17/e67c3808-d1b5-433d-9fc3-908d83f510b7/IGVFFI0599GHZE.fastq.gz
IGVFFI0967TCIZ	raw	IGVFDS1811BKZP	C38	5	reads	fastq	2629498481	42abf4471b3b5296e74f85bba0270541	https://api.data.igvf.org/sequence-files/IGVFFI0967TCIZ/@@download/IGVFFI0967TCIZ.fastq.gz	s3://igvf-public/2024/11/17/a3606de3-ba01-4d9b-a2ba-ec2f91bd78e0/IGVFFI0967TCIZ.fastq.gz
IGVFFI1106KELZ	raw	IGVFDS1811BKZP	C38	5	reads	fastq	2635394654	4ad02fd27846042c9a2db7dc0aa21260	https://api.data.igvf.org/sequence-files/IGVFFI1106KELZ/@@download/IGVFFI1106KELZ.fastq.gz	s3://igvf-public/2024/11/17/ebc3c9cd-d419-49a0-aa05-b04b38cc6cc8/IGVFFI1106KELZ.fastq.gz
IGVFFI2353ZXIY	raw	IGVFDS1811BKZP	C38	5	reads	fastq	2757727021	31f7eb26caaae94999cd5daa658af7bc	https://api.data.igvf.org/sequence-files/IGVFFI2353ZXIY/@@download/IGVFFI2353ZXIY.fastq.gz	s3://igvf-public/2024/11/17/d3d50bff-f61d-452d-9e83-37ca346894ee/IGVFFI2353ZXIY.fastq.gz
IGVFFI3061KCIJ	raw	IGVFDS1811BKZP	C38	5	reads	fastq	2702830257	0bd2209985759428b1b51821604b8bd8	https://api.data.igvf.org/sequence-files/IGVFFI3061KCIJ/@@download/IGVFFI3061KCIJ.fastq.gz	s3://igvf-public/2024/11/17/bce08288-0543-487a-b8f7-4991c86ee122/IGVFFI3061KCIJ.fastq.gz
IGVFFI3184GKRT	raw	IGVFDS1811BKZP	C38	5	reads	fastq	2585033482	c61033b6f79e79c0e5ec6868043f2b58	https://api.data.igvf.org/sequence-files/IGVFFI3184GKRT/@@download/IGVFFI3184GKRT.fastq.gz	s3://igvf-public/2024/11/17/22aec857-2653-439f-87f9-81dfefd20e17/IGVFFI3184GKRT.fastq.gz
IGVFFI3187SAWG	raw	IGVFDS1811BKZP	C38	5	reads	fastq	2785188677	0a43a59bbfb3f78cad18a12138706bb6	https://api.data.igvf.org/sequence-files/IGVFFI3187SAWG/@@download/IGVFFI3187SAWG.fastq.gz	s3://igvf-public/2024/11/17/cf809eed-ea63-45f2-a363-6b951c86ec9f/IGVFFI3187SAWG.fastq.gz
IGVFFI3372JFIQ	raw	IGVFDS1811BKZP	C38	5	reads	fastq	2715720930	d68ff5fedaed2937a32a7e33045a151b	https://api.data.igvf.org/sequence-files/IGVFFI3372JFIQ/@@download/IGVFFI3372JFIQ.fastq.gz	s3://igvf-public/2024/11/17/a2a6c3bc-c67f-4a18-ad41-b9d8ea47a1fe/IGVFFI3372JFIQ.fastq.gz
IGVFFI4361BOTN	raw	IGVFDS1811BKZP	C38	5	reads	fastq	2766224261	c0240bf6b33287d823c22d5d5a6f2127	https://api.data.igvf.org/sequence-files/IGVFFI4361BOTN/@@download/IGVFFI4361BOTN.fastq.gz	s3://igvf-public/2024/11/17/17ff20f6-1ba7-40b7-bc78-38ecf86bbcdd/IGVFFI4361BOTN.fastq.gz
IGVFFI4412COCD	raw	IGVFDS1811BKZP	C38	5	reads	fastq	2815780487	51949a07f8b40f669a2e5982ef34a17f	https://api.data.igvf.org/sequence-files/IGVFFI4412COCD/@@download/IGVFFI4412COCD.fastq.gz	s3://igvf-public/2024/11/17/4dacf806-2a5c-4f45-9640-dba78a5a1a5d/IGVFFI4412COCD.fastq.gz
IGVFFI4573APCF	raw	IGVFDS1811BKZP	C38	5	reads	fastq	2828683301	94a5f6ff4731e8877a66d7c09daa90c9	https://api.data.igvf.org/sequence-files/IGVFFI4573APCF/@@download/IGVFFI4573APCF.fastq.gz	s3://igvf-public/2024/11/17/7a018582-37b9-4435-b98f-4e29ff768e8f/IGVFFI4573APCF.fastq.gz
IGVFFI5660XPHU	raw	IGVFDS1811BKZP	C38	5	reads	fastq	2705265376	fb3f1c3cbbb7947fb0653fc089ad75e0	https://api.data.igvf.org/sequence-files/IGVFFI5660XPHU/@@download/IGVFFI5660XPHU.fastq.gz	s3://igvf-public/2024/11/17/5d043a51-f0a4-4255-979a-3658dad3c882/IGVFFI5660XPHU.fastq.gz
IGVFFI6167UYRN	raw	IGVFDS1811BKZP	C38	5	reads	fastq	2625206184	67060c94364ea9306cf7ea86a604a959	https://api.data.igvf.org/sequence-files/IGVFFI6167UYRN/@@download/IGVFFI6167UYRN.fastq.gz	s3://igvf-public/2024/11/17/ca6a550a-638a-47bd-b528-ff86d598def7/IGVFFI6167UYRN.fastq.gz
IGVFFI6611UDBB	raw	IGVFDS1811BKZP	C38	5	reads	fastq	2679256181	8097de63cc85fa3ce48c5026160e92d2	https://api.data.igvf.org/sequence-files/IGVFFI6611UDBB/@@download/IGVFFI6611UDBB.fastq.gz	s3://igvf-public/2024/11/17/2fd5b15e-a207-4386-9bd9-e93849aed521/IGVFFI6611UDBB.fastq.gz
IGVFFI6662HFEU	raw	IGVFDS1811BKZP	C38	5	reads	fastq	2745465343	a2a44da86223b8fe67ca345393dce763	https://api.data.igvf.org/sequence-files/IGVFFI6662HFEU/@@download/IGVFFI6662HFEU.fastq.gz	s3://igvf-public/2024/11/17/6ff33814-37b7-4916-bf8c-17e798b0a2d3/IGVFFI6662HFEU.fastq.gz
IGVFFI0502FFZW	raw	IGVFDS4954EITX	C38	7	reads	fastq	2646308811	0b9e17b254f48e00f2e7ef4de345e22a	https://api.data.igvf.org/sequence-files/IGVFFI0502FFZW/@@download/IGVFFI0502FFZW.fastq.gz	s3://igvf-public/2024/11/18/879c5fdf-cb93-4976-a1c0-beb1f4d8c5e5/IGVFFI0502FFZW.fastq.gz
IGVFFI1008WAPR	raw	IGVFDS4954EITX	C38	7	reads	fastq	2601499235	7bbf8235d3c8c18727229e6a474a4eed	https://api.data.igvf.org/sequence-files/IGVFFI1008WAPR/@@download/IGVFFI1008WAPR.fastq.gz	s3://igvf-public/2024/11/18/8a701be6-a99f-442a-8fa8-705d14daeac9/IGVFFI1008WAPR.fastq.gz
IGVFFI2282LGOK	raw	IGVFDS4954EITX	C38	7	reads	fastq	2633899744	a9d9a17d18322a9382b3fe28f3c75034	https://api.data.igvf.org/sequence-files/IGVFFI2282LGOK/@@download/IGVFFI2282LGOK.fastq.gz	s3://igvf-public/2024/11/18/6d93e55a-1e8b-4f13-bf08-65acbe4950a7/IGVFFI2282LGOK.fastq.gz
IGVFFI2358LHRB	raw	IGVFDS4954EITX	C38	7	reads	fastq	2622862166	5f52100a64deae0b7df0ecc87d104e91	https://api.data.igvf.org/sequence-files/IGVFFI2358LHRB/@@download/IGVFFI2358LHRB.fastq.gz	s3://igvf-public/2024/11/18/79c6c2c1-23df-4d2f-b70b-07c235318e48/IGVFFI2358LHRB.fastq.gz
IGVFFI2469PLFS	raw	IGVFDS4954EITX	C38	7	reads	fastq	2675109072	790f69d7d391ae23d699372ad78a9ec4	https://api.data.igvf.org/sequence-files/IGVFFI2469PLFS/@@download/IGVFFI2469PLFS.fastq.gz	s3://igvf-public/2024/11/18/3168d4b4-3487-4388-9b8a-8d6d1af4a86d/IGVFFI2469PLFS.fastq.gz
IGVFFI3003PPNR	raw	IGVFDS4954EITX	C38	7	reads	fastq	2680782046	91b93806fd50822ac9b3a3a1dc06653a	https://api.data.igvf.org/sequence-files/IGVFFI3003PPNR/@@download/IGVFFI3003PPNR.fastq.gz	s3://igvf-public/2024/11/18/6551ce58-9ece-4906-b6d0-cddf258aae38/IGVFFI3003PPNR.fastq.gz
IGVFFI5776ZZLZ	raw	IGVFDS4954EITX	C38	7	reads	fastq	2645610394	a37dd4f0271a268cac2353d9c456a127	https://api.data.igvf.org/sequence-files/IGVFFI5776ZZLZ/@@download/IGVFFI5776ZZLZ.fastq.gz	s3://igvf-public/2024/11/18/4b6c49e3-82ca-4adf-877a-ce93b5a280b3/IGVFFI5776ZZLZ.fastq.gz
IGVFFI6186WCQN	raw	IGVFDS4954EITX	C38	7	reads	fastq	2624864828	2fc9f92c419cc28f0f31d026f001db32	https://api.data.igvf.org/sequence-files/IGVFFI6186WCQN/@@download/IGVFFI6186WCQN.fastq.gz	s3://igvf-public/2024/11/18/4483f6e9-edbe-4e24-8569-6816cb0dbdb2/IGVFFI6186WCQN.fastq.gz
IGVFFI6416XYRF	raw	IGVFDS4954EITX	C38	7	reads	fastq	2622798319	ee9afe99d9486624b6a2b902497a9a22	https://api.data.igvf.org/sequence-files/IGVFFI6416XYRF/@@download/IGVFFI6416XYRF.fastq.gz	s3://igvf-public/2024/11/18/787fa76d-b151-4f75-a163-233184079e47/IGVFFI6416XYRF.fastq.gz
IGVFFI6454EHMG	raw	IGVFDS4954EITX	C38	7	reads	fastq	2686625005	9a1d28339d4e248633f82c10b3aef23c	https://api.data.igvf.org/sequence-files/IGVFFI6454EHMG/@@download/IGVFFI6454EHMG.fastq.gz	s3://igvf-public/2024/11/18/eb9a2e2a-27cd-4cde-bcc5-1fe3db75a0ab/IGVFFI6454EHMG.fastq.gz
IGVFFI8665GLRZ	raw	IGVFDS4954EITX	C38	7	reads	fastq	2595667877	a1541fe0d8af2a2569f01859b17ccd0f	https://api.data.igvf.org/sequence-files/IGVFFI8665GLRZ/@@download/IGVFFI8665GLRZ.fastq.gz	s3://igvf-public/2024/11/18/fdff6ad6-37ea-423a-8ff1-39dafff96aa1/IGVFFI8665GLRZ.fastq.gz
IGVFFI9209SXJD	raw	IGVFDS4954EITX	C38	7	reads	fastq	2634635728	5718d5c80e7a1fda1121ea972c99a28f	https://api.data.igvf.org/sequence-files/IGVFFI9209SXJD/@@download/IGVFFI9209SXJD.fastq.gz	s3://igvf-public/2024/11/19/c8a718f1-f7bd-4c59-9290-b85b1641a8c5/IGVFFI9209SXJD.fastq.gz
IGVFFI9396DLRF	raw	IGVFDS4954EITX	C38	7	reads	fastq	2670734437	188db301386ee79c28af4743ea834a59	https://api.data.igvf.org/sequence-files/IGVFFI9396DLRF/@@download/IGVFFI9396DLRF.fastq.gz	s3://igvf-public/2024/11/18/be844769-c303-41e1-b943-09865b9d366a/IGVFFI9396DLRF.fastq.gz
IGVFFI9415IZHG	raw	IGVFDS4954EITX	C38	7	reads	fastq	2616202815	25ba27d8fa048b1d197f5198be38d019	https://api.data.igvf.org/sequence-files/IGVFFI9415IZHG/@@download/IGVFFI9415IZHG.fastq.gz	s3://igvf-public/2024/11/18/cc9fd95b-6a33-4c9f-b005-e9d45057607a/IGVFFI9415IZHG.fastq.gz
IGVFFI9750AGVK	raw	IGVFDS4954EITX	C38	7	reads	fastq	2702596821	1019ea83969aa7a874eae87967b2b0dd	https://api.data.igvf.org/sequence-files/IGVFFI9750AGVK/@@download/IGVFFI9750AGVK.fastq.gz	s3://igvf-public/2024/11/18/a99b9cb5-a980-47a3-a32b-c52501e5c402/IGVFFI9750AGVK.fastq.gz
IGVFFI9794BDND	raw	IGVFDS4954EITX	C38	7	reads	fastq	2597151466	49d8e55d1912e279a2c5896de4232d8a	https://api.data.igvf.org/sequence-files/IGVFFI9794BDND/@@download/IGVFFI9794BDND.fastq.gz	s3://igvf-public/2024/11/19/32699774-b1f4-4f69-ae4d-3361431ae024/IGVFFI9794BDND.fastq.gz
IGVFFI0674BWNB	raw	IGVFDS8293KTMP	C38	9	reads	fastq	3392753669	d9d2140779f609d11c99be14078854ba	https://api.data.igvf.org/sequence-files/IGVFFI0674BWNB/@@download/IGVFFI0674BWNB.fastq.gz	s3://igvf-public/2024/11/15/7b493c8d-e612-4c53-a1ff-389e827d813d/IGVFFI0674BWNB.fastq.gz
IGVFFI2150EGOD	raw	IGVFDS8293KTMP	C38	9	reads	fastq	3329006819	c530940fcb777b44be7ff56d5699233b	https://api.data.igvf.org/sequence-files/IGVFFI2150EGOD/@@download/IGVFFI2150EGOD.fastq.gz	s3://igvf-public/2024/11/15/1968cfd9-6523-47cf-b42a-4625f3946d0a/IGVFFI2150EGOD.fastq.gz
IGVFFI2754RNXP	raw	IGVFDS8293KTMP	C38	9	reads	fastq	3318181133	069a4fd413013c2b2c6533ab1d757c22	https://api.data.igvf.org/sequence-files/IGVFFI2754RNXP/@@download/IGVFFI2754RNXP.fastq.gz	s3://igvf-public/2024/11/15/80252887-f101-497d-a028-0e16a0ee40c2/IGVFFI2754RNXP.fastq.gz
IGVFFI2881SIWK	raw	IGVFDS8293KTMP	C38	9	reads	fastq	3328040644	64e0f9118e572d7ff277842e6b2f9fdf	https://api.data.igvf.org/sequence-files/IGVFFI2881SIWK/@@download/IGVFFI2881SIWK.fastq.gz	s3://igvf-public/2024/11/15/c0536c5c-fcaa-433b-93e4-792779c99183/IGVFFI2881SIWK.fastq.gz
IGVFFI2916VNYA	raw	IGVFDS8293KTMP	C38	9	reads	fastq	3254363706	e3dbcd8cec2384051614e492665bdd1a	https://api.data.igvf.org/sequence-files/IGVFFI2916VNYA/@@download/IGVFFI2916VNYA.fastq.gz	s3://igvf-public/2024/11/15/641dbaca-c774-479d-81f7-d6f213c4c020/IGVFFI2916VNYA.fastq.gz
IGVFFI3412PXDV	raw	IGVFDS8293KTMP	C38	9	reads	fastq	3247622632	d4e7293bdbadc5e41c521c1dd77b9dff	https://api.data.igvf.org/sequence-files/IGVFFI3412PXDV/@@download/IGVFFI3412PXDV.fastq.gz	s3://igvf-public/2024/11/15/1ff72d8b-2a9b-4e67-9c62-ffba3fbc2d9f/IGVFFI3412PXDV.fastq.gz
IGVFFI4092TTDE	raw	IGVFDS8293KTMP	C38	9	reads	fastq	3313894213	ac96a2a7093d36e73bc63970ba37f44e	https://api.data.igvf.org/sequence-files/IGVFFI4092TTDE/@@download/IGVFFI4092TTDE.fastq.gz	s3://igvf-public/2024/11/15/6bc386ec-72bc-4bcd-93fc-be13264ef3c5/IGVFFI4092TTDE.fastq.gz
IGVFFI4248ZCQI	raw	IGVFDS8293KTMP	C38	9	reads	fastq	3268106563	b9c1bf79c865d18b2048641c4a1333f0	https://api.data.igvf.org/sequence-files/IGVFFI4248ZCQI/@@download/IGVFFI4248ZCQI.fastq.gz	s3://igvf-public/2024/11/15/610079ed-32b1-4ec8-a89a-60daf6aed8c9/IGVFFI4248ZCQI.fastq.gz
IGVFFI4280CBOT	raw	IGVFDS8293KTMP	C38	9	reads	fastq	3310035925	6f370e7a1752d47b7c6004227ed2f262	https://api.data.igvf.org/sequence-files/IGVFFI4280CBOT/@@download/IGVFFI4280CBOT.fastq.gz	s3://igvf-public/2024/11/15/2aab8a60-7505-4e00-9635-503c46495668/IGVFFI4280CBOT.fastq.gz
IGVFFI5845QXMT	raw	IGVFDS8293KTMP	C38	9	reads	fastq	3360977345	7b240f874289e21124ee143217347be8	https://api.data.igvf.org/sequence-files/IGVFFI5845QXMT/@@download/IGVFFI5845QXMT.fastq.gz	s3://igvf-public/2024/11/15/06b80801-ef3e-476b-88f6-cd61738387d5/IGVFFI5845QXMT.fastq.gz
IGVFFI6030BYUK	raw	IGVFDS8293KTMP	C38	9	reads	fastq	3359696808	ce32e55326a6fe484009afc1c38c31b6	https://api.data.igvf.org/sequence-files/IGVFFI6030BYUK/@@download/IGVFFI6030BYUK.fastq.gz	s3://igvf-public/2024/11/15/259d09ab-e46e-4824-b3ce-2cd8224a2ce1/IGVFFI6030BYUK.fastq.gz
IGVFFI6948QLLX	raw	IGVFDS8293KTMP	C38	9	reads	fastq	3293510176	83e2da04e694c00784e9dc633121ac2a	https://api.data.igvf.org/sequence-files/IGVFFI6948QLLX/@@download/IGVFFI6948QLLX.fastq.gz	s3://igvf-public/2024/11/15/6dd76688-f795-41a5-af3c-fdd72f8cb6b3/IGVFFI6948QLLX.fastq.gz
IGVFFI7845PRAW	raw	IGVFDS8293KTMP	C38	9	reads	fastq	3342744799	4a3132740b8ac855049c1b1c80093d0e	https://api.data.igvf.org/sequence-files/IGVFFI7845PRAW/@@download/IGVFFI7845PRAW.fastq.gz	s3://igvf-public/2024/11/15/9ee15089-2be0-4a4c-9594-870d574a8175/IGVFFI7845PRAW.fastq.gz
IGVFFI8583HNVA	raw	IGVFDS8293KTMP	C38	9	reads	fastq	3245794693	5f62c97bbdaf72ef9766934a2c4f3304	https://api.data.igvf.org/sequence-files/IGVFFI8583HNVA/@@download/IGVFFI8583HNVA.fastq.gz	s3://igvf-public/2024/11/15/eb7b89fb-2f87-40e7-9c3a-e3b7c3c0ed22/IGVFFI8583HNVA.fastq.gz
IGVFFI8762KVPJ	raw	IGVFDS8293KTMP	C38	9	reads	fastq	3361175094	9e14ccc6783338e6ea5176fd39bb501d	https://api.data.igvf.org/sequence-files/IGVFFI8762KVPJ/@@download/IGVFFI8762KVPJ.fastq.gz	s3://igvf-public/2024/11/15/91110be3-ff7e-4b3d-bf16-384c9dd5b8b1/IGVFFI8762KVPJ.fastq.gz
IGVFFI9310NDFF	raw	IGVFDS8293KTMP	C38	9	reads	fastq	3335703173	9413f0de00b80d8d89d4628cf7587689	https://api.data.igvf.org/sequence-files/IGVFFI9310NDFF/@@download/IGVFFI9310NDFF.fastq.gz	s3://igvf-public/2024/11/15/5b67cba4-0ca8-42d1-8aae-33a43c022ebf/IGVFFI9310NDFF.fastq.gz
IGVFFI0229OWYG	raw	IGVFDS8729LTAJ	C39	0	reads	fastq	3442138805	d554bdead70ee13c7d71f627dda22081	https://api.data.igvf.org/sequence-files/IGVFFI0229OWYG/@@download/IGVFFI0229OWYG.fastq.gz	s3://igvf-public/2024/11/17/704c6565-f507-4885-be63-4d655369d64d/IGVFFI0229OWYG.fastq.gz
IGVFFI0499KNHL	raw	IGVFDS8729LTAJ	C39	0	reads	fastq	3332704013	139f87d28e8f591ec439dbfe0eec8492	https://api.data.igvf.org/sequence-files/IGVFFI0499KNHL/@@download/IGVFFI0499KNHL.fastq.gz	s3://igvf-public/2024/11/17/ba785075-4302-4865-a7b5-d11f7db5e1e9/IGVFFI0499KNHL.fastq.gz
IGVFFI0823FVLU	raw	IGVFDS8729LTAJ	C39	0	reads	fastq	3294410768	25131a7feb3f0f2d2f51022cfb5e1d1a	https://api.data.igvf.org/sequence-files/IGVFFI0823FVLU/@@download/IGVFFI0823FVLU.fastq.gz	s3://igvf-public/2024/11/17/22ab5963-ddbb-431f-8589-1866de8d19f5/IGVFFI0823FVLU.fastq.gz
IGVFFI1638USRV	raw	IGVFDS8729LTAJ	C39	0	reads	fastq	3430332809	80a22eb4ce0b57bfc70898edaa6c5c76	https://api.data.igvf.org/sequence-files/IGVFFI1638USRV/@@download/IGVFFI1638USRV.fastq.gz	s3://igvf-public/2024/11/17/4391de6a-36e2-42ca-bf48-fb91afdec599/IGVFFI1638USRV.fastq.gz
IGVFFI1754LETO	raw	IGVFDS8729LTAJ	C39	0	reads	fastq	3480011143	5b0e6cd337d6217502f546f9501cd7e4	https://api.data.igvf.org/sequence-files/IGVFFI1754LETO/@@download/IGVFFI1754LETO.fastq.gz	s3://igvf-public/2024/11/17/552c9de8-dfbe-497c-98d0-8e229d152692/IGVFFI1754LETO.fastq.gz
IGVFFI2965VAMY	raw	IGVFDS8729LTAJ	C39	0	reads	fastq	3308544777	b223a7400c3ed3bb376be80182cc73e6	https://api.data.igvf.org/sequence-files/IGVFFI2965VAMY/@@download/IGVFFI2965VAMY.fastq.gz	s3://igvf-public/2024/11/17/e06df31d-94a8-4383-a3d5-1615f8bfbaec/IGVFFI2965VAMY.fastq.gz
IGVFFI3372TIQC	raw	IGVFDS8729LTAJ	C39	0	reads	fastq	3422523244	219da32989a4f76db951644d8d1227db	https://api.data.igvf.org/sequence-files/IGVFFI3372TIQC/@@download/IGVFFI3372TIQC.fastq.gz	s3://igvf-public/2024/11/17/deae254d-1cf4-411d-95f3-30c193c96288/IGVFFI3372TIQC.fastq.gz
IGVFFI3545HELW	raw	IGVFDS8729LTAJ	C39	0	reads	fastq	3235064130	8ca94e367828c1e836d62af66899de5c	https://api.data.igvf.org/sequence-files/IGVFFI3545HELW/@@download/IGVFFI3545HELW.fastq.gz	s3://igvf-public/2024/11/17/71add84c-3501-4e91-a8c2-82cde1b417fa/IGVFFI3545HELW.fastq.gz
IGVFFI3997WWTW	raw	IGVFDS8729LTAJ	C39	0	reads	fastq	3243215648	4bc7bad89b781e8080f62c83abcf2ff5	https://api.data.igvf.org/sequence-files/IGVFFI3997WWTW/@@download/IGVFFI3997WWTW.fastq.gz	s3://igvf-public/2024/11/17/36234477-db07-4956-b9cd-62e2e6ab595d/IGVFFI3997WWTW.fastq.gz
IGVFFI4842RODY	raw	IGVFDS8729LTAJ	C39	0	reads	fastq	3391387313	831aef84a839a80d1240ca290ee90ddd	https://api.data.igvf.org/sequence-files/IGVFFI4842RODY/@@download/IGVFFI4842RODY.fastq.gz	s3://igvf-public/2024/11/17/4393c8e0-33dc-4fb1-8583-2ec6da7489f6/IGVFFI4842RODY.fastq.gz
IGVFFI5664DDDV	raw	IGVFDS8729LTAJ	C39	0	reads	fastq	3394600456	b52923d3c5b9d10c118d994932e35e7c	https://api.data.igvf.org/sequence-files/IGVFFI5664DDDV/@@download/IGVFFI5664DDDV.fastq.gz	s3://igvf-public/2024/11/17/5d48ab39-a53b-4998-b972-2cb6cbdbe2ae/IGVFFI5664DDDV.fastq.gz
IGVFFI6820WMNN	raw	IGVFDS8729LTAJ	C39	0	reads	fastq	3334719743	fb3a732a25b340a0fc1ab583b161e1f2	https://api.data.igvf.org/sequence-files/IGVFFI6820WMNN/@@download/IGVFFI6820WMNN.fastq.gz	s3://igvf-public/2024/11/17/965e7bb3-45c2-4560-9ae8-995077c8aa2f/IGVFFI6820WMNN.fastq.gz
IGVFFI6945DPTH	raw	IGVFDS8729LTAJ	C39	0	reads	fastq	3185419095	edfdd34ab5cdbc08d79b7970a82a529d	https://api.data.igvf.org/sequence-files/IGVFFI6945DPTH/@@download/IGVFFI6945DPTH.fastq.gz	s3://igvf-public/2024/11/17/33f8aa1d-30b4-4081-8ec8-5e318ce931da/IGVFFI6945DPTH.fastq.gz
IGVFFI9474WJXC	raw	IGVFDS8729LTAJ	C39	0	reads	fastq	3363356426	4828035766e1378cef4a47da2280b50c	https://api.data.igvf.org/sequence-files/IGVFFI9474WJXC/@@download/IGVFFI9474WJXC.fastq.gz	s3://igvf-public/2024/11/17/a9e3bafb-2f20-4484-8611-28772e5ef65b/IGVFFI9474WJXC.fastq.gz
IGVFFI9737WIYQ	raw	IGVFDS8729LTAJ	C39	0	reads	fastq	3419487010	63ce45765bfef81d56cd80798efc924e	https://api.data.igvf.org/sequence-files/IGVFFI9737WIYQ/@@download/IGVFFI9737WIYQ.fastq.gz	s3://igvf-public/2024/11/17/36ec5f9e-fd66-45c3-8372-fb55e2706925/IGVFFI9737WIYQ.fastq.gz
IGVFFI9757AMUH	raw	IGVFDS8729LTAJ	C39	0	reads	fastq	3361240293	7cf742408417bdb0bd016b8143d2b316	https://api.data.igvf.org/sequence-files/IGVFFI9757AMUH/@@download/IGVFFI9757AMUH.fastq.gz	s3://igvf-public/2024/11/17/11f5175d-9de7-4c74-b8fd-5e1c470df35c/IGVFFI9757AMUH.fastq.gz
IGVFFI0579NKQZ	raw	IGVFDS4429VWLZ	C39	12	reads	fastq	3195700232	e4b250db90e7598d66c8b4c9156dc455	https://api.data.igvf.org/sequence-files/IGVFFI0579NKQZ/@@download/IGVFFI0579NKQZ.fastq.gz	s3://igvf-public/2024/11/17/36f7e387-6fa6-4046-b625-72465d41def4/IGVFFI0579NKQZ.fastq.gz
IGVFFI1347QYEY	raw	IGVFDS4429VWLZ	C39	12	reads	fastq	3185026041	3816b45d3e0d540c84eaee440f320aa7	https://api.data.igvf.org/sequence-files/IGVFFI1347QYEY/@@download/IGVFFI1347QYEY.fastq.gz	s3://igvf-public/2024/11/17/d84c3577-dec0-4928-9236-1d5aea58152b/IGVFFI1347QYEY.fastq.gz
IGVFFI1938NMDZ	raw	IGVFDS4429VWLZ	C39	12	reads	fastq	3107671878	0e087a3fd2e677881b2700760adb431e	https://api.data.igvf.org/sequence-files/IGVFFI1938NMDZ/@@download/IGVFFI1938NMDZ.fastq.gz	s3://igvf-public/2024/11/17/1793113c-06f0-48a0-8a64-07104bb62500/IGVFFI1938NMDZ.fastq.gz
IGVFFI2611OCPU	raw	IGVFDS4429VWLZ	C39	12	reads	fastq	3147152184	dfc965dc5a7665249e602a5b2428ac6d	https://api.data.igvf.org/sequence-files/IGVFFI2611OCPU/@@download/IGVFFI2611OCPU.fastq.gz	s3://igvf-public/2024/11/17/fe4b0e92-14a6-4a75-8dce-701fb1fbbde6/IGVFFI2611OCPU.fastq.gz
IGVFFI2846APAT	raw	IGVFDS4429VWLZ	C39	12	reads	fastq	3197663217	9a1f2df894ea19931c05ed32fb8b395a	https://api.data.igvf.org/sequence-files/IGVFFI2846APAT/@@download/IGVFFI2846APAT.fastq.gz	s3://igvf-public/2024/11/17/5818e7ee-d8a7-4528-a97d-3affe4a871de/IGVFFI2846APAT.fastq.gz
IGVFFI3405IDVD	raw	IGVFDS4429VWLZ	C39	12	reads	fastq	3098570292	6b262491ee945487fdd61726d3541d56	https://api.data.igvf.org/sequence-files/IGVFFI3405IDVD/@@download/IGVFFI3405IDVD.fastq.gz	s3://igvf-public/2024/11/17/67b81bed-383e-4bac-988f-7bb743f7be8e/IGVFFI3405IDVD.fastq.gz
IGVFFI3713SEQP	raw	IGVFDS4429VWLZ	C39	12	reads	fastq	3232808016	3e57c47b17b55e50b57218aed6b8ec9e	https://api.data.igvf.org/sequence-files/IGVFFI3713SEQP/@@download/IGVFFI3713SEQP.fastq.gz	s3://igvf-public/2024/11/17/3f1fd3fd-412a-4d94-9d99-d683acb29921/IGVFFI3713SEQP.fastq.gz
IGVFFI3939RCIP	raw	IGVFDS4429VWLZ	C39	12	reads	fastq	3251541203	3c15d857494d9ea6b54ff67dc9e0b51a	https://api.data.igvf.org/sequence-files/IGVFFI3939RCIP/@@download/IGVFFI3939RCIP.fastq.gz	s3://igvf-public/2024/11/17/9c8a2079-ee4d-4d98-943c-04ee984c9c82/IGVFFI3939RCIP.fastq.gz
IGVFFI4038UNIV	raw	IGVFDS4429VWLZ	C39	12	reads	fastq	3052903636	bc762c9840dfd372c932b5bd4c292e63	https://api.data.igvf.org/sequence-files/IGVFFI4038UNIV/@@download/IGVFFI4038UNIV.fastq.gz	s3://igvf-public/2024/11/17/1bafdacc-5d78-4cba-b35c-281a1b348ec4/IGVFFI4038UNIV.fastq.gz
IGVFFI4654TYHJ	raw	IGVFDS4429VWLZ	C39	12	reads	fastq	3004848076	10629b215cc01d761fee385ad8afe3e6	https://api.data.igvf.org/sequence-files/IGVFFI4654TYHJ/@@download/IGVFFI4654TYHJ.fastq.gz	s3://igvf-public/2024/11/17/fb607ba3-705d-4d17-a92c-1f7fc1b5536c/IGVFFI4654TYHJ.fastq.gz
IGVFFI4958OJTZ	raw	IGVFDS4429VWLZ	C39	12	reads	fastq	3181272403	d6dd5121eb023e64b8d50198afee166f	https://api.data.igvf.org/sequence-files/IGVFFI4958OJTZ/@@download/IGVFFI4958OJTZ.fastq.gz	s3://igvf-public/2024/11/17/a70ba8b0-ad4f-4453-88e4-c9701b1898b5/IGVFFI4958OJTZ.fastq.gz
IGVFFI5386BUQU	raw	IGVFDS4429VWLZ	C39	12	reads	fastq	3158241148	e5a307a739d9df371c3d8325a67c2514	https://api.data.igvf.org/sequence-files/IGVFFI5386BUQU/@@download/IGVFFI5386BUQU.fastq.gz	s3://igvf-public/2024/11/17/57269569-f32f-428e-87d0-ebae2555b65b/IGVFFI5386BUQU.fastq.gz
IGVFFI5753FVJW	raw	IGVFDS4429VWLZ	C39	12	reads	fastq	3262369322	09b80cad2c1b9f25f8ecb38cd7c74951	https://api.data.igvf.org/sequence-files/IGVFFI5753FVJW/@@download/IGVFFI5753FVJW.fastq.gz	s3://igvf-public/2024/11/17/849537ac-973e-4a56-925d-c328c488ab85/IGVFFI5753FVJW.fastq.gz
IGVFFI6325XSMR	raw	IGVFDS4429VWLZ	C39	12	reads	fastq	3047723233	9119c7c7d53b97a37b3cb284404f9cb8	https://api.data.igvf.org/sequence-files/IGVFFI6325XSMR/@@download/IGVFFI6325XSMR.fastq.gz	s3://igvf-public/2024/11/17/029a737f-324d-49f5-b500-ac50908182d0/IGVFFI6325XSMR.fastq.gz
IGVFFI6343YBGM	raw	IGVFDS4429VWLZ	C39	12	reads	fastq	3214419435	fedb23276275f523f4dbdc9cc5da9438	https://api.data.igvf.org/sequence-files/IGVFFI6343YBGM/@@download/IGVFFI6343YBGM.fastq.gz	s3://igvf-public/2024/11/17/49dbfda3-118e-417d-878d-d42ca00d2729/IGVFFI6343YBGM.fastq.gz
IGVFFI8286XUPV	raw	IGVFDS4429VWLZ	C39	12	reads	fastq	3122386612	b8397777bab017bb5a7611fac57188a2	https://api.data.igvf.org/sequence-files/IGVFFI8286XUPV/@@download/IGVFFI8286XUPV.fastq.gz	s3://igvf-public/2024/11/17/e67fe165-e2d4-4200-b500-cc4baaa36506/IGVFFI8286XUPV.fastq.gz
IGVFFI0959DFDX	raw	IGVFDS7606ECSX	C39	14	reads	fastq	2797779830	3fe7e5542a94618d8f1eeb2cbec22d0e	https://api.data.igvf.org/sequence-files/IGVFFI0959DFDX/@@download/IGVFFI0959DFDX.fastq.gz	s3://igvf-public/2024/11/17/313e7142-d3b8-480c-a9e9-d11d1b56a951/IGVFFI0959DFDX.fastq.gz
IGVFFI2422WTGH	raw	IGVFDS7606ECSX	C39	14	reads	fastq	2904793710	8dd5330c23825e6b2aeaf9c6f224b625	https://api.data.igvf.org/sequence-files/IGVFFI2422WTGH/@@download/IGVFFI2422WTGH.fastq.gz	s3://igvf-public/2024/11/17/c51fae6a-7f5e-433b-8d8d-cb74d6b821cd/IGVFFI2422WTGH.fastq.gz
IGVFFI3026GVWR	raw	IGVFDS7606ECSX	C39	14	reads	fastq	2925688426	8d6dc29aef0127979e74042feb888738	https://api.data.igvf.org/sequence-files/IGVFFI3026GVWR/@@download/IGVFFI3026GVWR.fastq.gz	s3://igvf-public/2024/11/17/5f2c983c-2202-4d04-b397-e288fe8b7489/IGVFFI3026GVWR.fastq.gz
IGVFFI3063EPJI	raw	IGVFDS7606ECSX	C39	14	reads	fastq	2852983024	c216f44f3f1d9254703e7957e1ba2661	https://api.data.igvf.org/sequence-files/IGVFFI3063EPJI/@@download/IGVFFI3063EPJI.fastq.gz	s3://igvf-public/2024/11/17/a288a49d-2da3-4260-aadc-d8259f37f99f/IGVFFI3063EPJI.fastq.gz
IGVFFI3516UBXF	raw	IGVFDS7606ECSX	C39	14	reads	fastq	2973408025	251431abefcfd6f405cf5b5bf113783f	https://api.data.igvf.org/sequence-files/IGVFFI3516UBXF/@@download/IGVFFI3516UBXF.fastq.gz	s3://igvf-public/2024/11/17/1ab7f0c7-3ee4-481c-8cf4-9b57311414ab/IGVFFI3516UBXF.fastq.gz
IGVFFI3575TGLX	raw	IGVFDS7606ECSX	C39	14	reads	fastq	2876351129	8f54e02c6f39d699b35fcf94d1f1315c	https://api.data.igvf.org/sequence-files/IGVFFI3575TGLX/@@download/IGVFFI3575TGLX.fastq.gz	s3://igvf-public/2024/11/17/7921cbc6-499b-4b1f-a835-6129a52341ae/IGVFFI3575TGLX.fastq.gz
IGVFFI4565EKNC	raw	IGVFDS7606ECSX	C39	14	reads	fastq	2932114462	468eac1a31f995eff8ffc22cf429df92	https://api.data.igvf.org/sequence-files/IGVFFI4565EKNC/@@download/IGVFFI4565EKNC.fastq.gz	s3://igvf-public/2024/11/17/90948ead-ff8d-4212-8015-5f022adb0ccd/IGVFFI4565EKNC.fastq.gz
IGVFFI4778HVIU	raw	IGVFDS7606ECSX	C39	14	reads	fastq	2893659810	844d0be1d6cd8a322d78ef686c40336b	https://api.data.igvf.org/sequence-files/IGVFFI4778HVIU/@@download/IGVFFI4778HVIU.fastq.gz	s3://igvf-public/2024/11/17/fd7a0f9a-b327-4209-a420-dbafa58f9138/IGVFFI4778HVIU.fastq.gz
IGVFFI5263IBLI	raw	IGVFDS7606ECSX	C39	14	reads	fastq	2930131526	d5a0ffb34c40443129108855411485e9	https://api.data.igvf.org/sequence-files/IGVFFI5263IBLI/@@download/IGVFFI5263IBLI.fastq.gz	s3://igvf-public/2024/11/17/8602f5ef-2715-46fd-9008-1beba05cdab5/IGVFFI5263IBLI.fastq.gz
IGVFFI6530GMVH	raw	IGVFDS7606ECSX	C39	14	reads	fastq	2898576913	716cf49153986b1184f139a4ca2726c2	https://api.data.igvf.org/sequence-files/IGVFFI6530GMVH/@@download/IGVFFI6530GMVH.fastq.gz	s3://igvf-public/2024/11/17/600f8e43-4e07-4249-91b1-22b196adbe4a/IGVFFI6530GMVH.fastq.gz
IGVFFI6688ALWT	raw	IGVFDS7606ECSX	C39	14	reads	fastq	2818220986	d748f1a5d2c11104a06a78e31ee1f4af	https://api.data.igvf.org/sequence-files/IGVFFI6688ALWT/@@download/IGVFFI6688ALWT.fastq.gz	s3://igvf-public/2024/11/17/a1aeadd4-eda6-405d-a5e1-8dbd0412ebff/IGVFFI6688ALWT.fastq.gz
IGVFFI7139KPMD	raw	IGVFDS7606ECSX	C39	14	reads	fastq	2896930047	a85a7cc57c28eab5c6d609bea368a8c5	https://api.data.igvf.org/sequence-files/IGVFFI7139KPMD/@@download/IGVFFI7139KPMD.fastq.gz	s3://igvf-public/2024/11/17/acb2ddc6-c686-4003-9e4c-f039f5937ac6/IGVFFI7139KPMD.fastq.gz
IGVFFI7885DHZL	raw	IGVFDS7606ECSX	C39	14	reads	fastq	2770549563	8b6e542cffe3f66ed0daef9d27d360a1	https://api.data.igvf.org/sequence-files/IGVFFI7885DHZL/@@download/IGVFFI7885DHZL.fastq.gz	s3://igvf-public/2024/11/17/99476606-6ef2-4a7e-8f5e-07ee66eee512/IGVFFI7885DHZL.fastq.gz
IGVFFI8039ZLER	raw	IGVFDS7606ECSX	C39	14	reads	fastq	2751242904	840603e54f3cfed7ce5159616ccf7c63	https://api.data.igvf.org/sequence-files/IGVFFI8039ZLER/@@download/IGVFFI8039ZLER.fastq.gz	s3://igvf-public/2024/11/17/26022808-e216-411a-bf5a-4da05e057c73/IGVFFI8039ZLER.fastq.gz
IGVFFI9192KIZR	raw	IGVFDS7606ECSX	C39	14	reads	fastq	2853267438	b79a6d051bacdc9c97b33da1b1df9d3d	https://api.data.igvf.org/sequence-files/IGVFFI9192KIZR/@@download/IGVFFI9192KIZR.fastq.gz	s3://igvf-public/2024/11/17/facb845e-98b9-43d1-acc2-b0ec4eda75e2/IGVFFI9192KIZR.fastq.gz
IGVFFI9367LIUX	raw	IGVFDS7606ECSX	C39	14	reads	fastq	2884151206	3aefd20152c4c1147fe8246f0d0c9603	https://api.data.igvf.org/sequence-files/IGVFFI9367LIUX/@@download/IGVFFI9367LIUX.fastq.gz	s3://igvf-public/2024/11/17/09bb74e1-85d9-4cc5-bcb6-5886d717559f/IGVFFI9367LIUX.fastq.gz
IGVFFI0186FKKJ	raw	IGVFDS0635LULZ	C39	16	reads	fastq	2642702198	bf2323690bd24c30433882a832202f08	https://api.data.igvf.org/sequence-files/IGVFFI0186FKKJ/@@download/IGVFFI0186FKKJ.fastq.gz	s3://igvf-public/2024/11/19/a9d9fc72-c3f8-43ef-a145-e5e40928de37/IGVFFI0186FKKJ.fastq.gz
IGVFFI0231IWEL	raw	IGVFDS0635LULZ	C39	16	reads	fastq	2740268563	c78b35c826e492aa91f5d01bcbd4a8f4	https://api.data.igvf.org/sequence-files/IGVFFI0231IWEL/@@download/IGVFFI0231IWEL.fastq.gz	s3://igvf-public/2024/11/19/d77425d5-43ee-4e73-950d-6b388e04a762/IGVFFI0231IWEL.fastq.gz
IGVFFI0240RIJV	raw	IGVFDS0635LULZ	C39	16	reads	fastq	2666417355	914442f267eae86480f7f3721ced9a52	https://api.data.igvf.org/sequence-files/IGVFFI0240RIJV/@@download/IGVFFI0240RIJV.fastq.gz	s3://igvf-public/2024/11/19/77258cc3-2fe7-482a-9617-6210d4e69099/IGVFFI0240RIJV.fastq.gz
IGVFFI0296UJYX	raw	IGVFDS0635LULZ	C39	16	reads	fastq	2698618158	8dd4ddc381c01aba730f2a818fcf726f	https://api.data.igvf.org/sequence-files/IGVFFI0296UJYX/@@download/IGVFFI0296UJYX.fastq.gz	s3://igvf-public/2024/11/19/38144852-d282-496f-8a32-98c6234e184a/IGVFFI0296UJYX.fastq.gz
IGVFFI0668MPYF	raw	IGVFDS0635LULZ	C39	16	reads	fastq	2637028742	84bed068b57def972f411450ce1c392f	https://api.data.igvf.org/sequence-files/IGVFFI0668MPYF/@@download/IGVFFI0668MPYF.fastq.gz	s3://igvf-public/2024/11/19/9c42bd8b-ec49-4a7c-ace4-45fcc294e59f/IGVFFI0668MPYF.fastq.gz
IGVFFI0748RFPP	raw	IGVFDS0635LULZ	C39	16	reads	fastq	2733291896	5962e788494ac6188fbaf530ca56a90d	https://api.data.igvf.org/sequence-files/IGVFFI0748RFPP/@@download/IGVFFI0748RFPP.fastq.gz	s3://igvf-public/2024/11/19/47981826-6806-4c24-b30d-22cd7fd21c93/IGVFFI0748RFPP.fastq.gz
IGVFFI1245NEGW	raw	IGVFDS0635LULZ	C39	16	reads	fastq	2656185444	84697afcdf9988f4222e4ec5f9a5944c	https://api.data.igvf.org/sequence-files/IGVFFI1245NEGW/@@download/IGVFFI1245NEGW.fastq.gz	s3://igvf-public/2024/11/19/2b186b7a-eb54-4aef-9b58-3e3612e73b7b/IGVFFI1245NEGW.fastq.gz
IGVFFI1330XNXA	raw	IGVFDS0635LULZ	C39	16	reads	fastq	2648742398	172ee0e04dd172f049d74a8332c90af6	https://api.data.igvf.org/sequence-files/IGVFFI1330XNXA/@@download/IGVFFI1330XNXA.fastq.gz	s3://igvf-public/2024/11/19/6092f652-95f2-438f-aac0-fba2680d3cfe/IGVFFI1330XNXA.fastq.gz
IGVFFI3545BXVL	raw	IGVFDS0635LULZ	C39	16	reads	fastq	2747262002	ee6c931451a493e4b5f0ae2e84010982	https://api.data.igvf.org/sequence-files/IGVFFI3545BXVL/@@download/IGVFFI3545BXVL.fastq.gz	s3://igvf-public/2024/11/19/a24c240f-75c9-4d5d-a5cd-621a64a1af45/IGVFFI3545BXVL.fastq.gz
IGVFFI4105LPRJ	raw	IGVFDS0635LULZ	C39	16	reads	fastq	2706121678	5509b51f2d31044684495c7d574b0d44	https://api.data.igvf.org/sequence-files/IGVFFI4105LPRJ/@@download/IGVFFI4105LPRJ.fastq.gz	s3://igvf-public/2024/11/19/b8174c79-b87a-4323-a93c-e8885f009ecd/IGVFFI4105LPRJ.fastq.gz
IGVFFI6663SCGI	raw	IGVFDS0635LULZ	C39	16	reads	fastq	2624453155	492df50609610f06fdf8fb0c2a9a5137	https://api.data.igvf.org/sequence-files/IGVFFI6663SCGI/@@download/IGVFFI6663SCGI.fastq.gz	s3://igvf-public/2024/11/19/1b7b0986-9481-41a5-a4aa-f59291af9e22/IGVFFI6663SCGI.fastq.gz
IGVFFI7084VABW	raw	IGVFDS0635LULZ	C39	16	reads	fastq	2696852924	353f1127f61a0a91eadd5db75c2aa91e	https://api.data.igvf.org/sequence-files/IGVFFI7084VABW/@@download/IGVFFI7084VABW.fastq.gz	s3://igvf-public/2024/11/19/72b7b393-aeee-40bc-b409-68a604381502/IGVFFI7084VABW.fastq.gz
IGVFFI7794HGHW	raw	IGVFDS0635LULZ	C39	16	reads	fastq	2713468730	3fafa5dd446c49bb35275dfef55311ac	https://api.data.igvf.org/sequence-files/IGVFFI7794HGHW/@@download/IGVFFI7794HGHW.fastq.gz	s3://igvf-public/2024/11/19/2323e070-ac1a-4db4-a6ce-30bcdf990596/IGVFFI7794HGHW.fastq.gz
IGVFFI9024PQDS	raw	IGVFDS0635LULZ	C39	16	reads	fastq	2762357799	d5ba0f3343208f9bcc4175ffb50b7ee7	https://api.data.igvf.org/sequence-files/IGVFFI9024PQDS/@@download/IGVFFI9024PQDS.fastq.gz	s3://igvf-public/2024/11/19/ef31dcc7-bcaa-41ff-a467-3ea936fd1742/IGVFFI9024PQDS.fastq.gz
IGVFFI9267DHSG	raw	IGVFDS0635LULZ	C39	16	reads	fastq	2784806457	f54bb83d02d864893a2487323eb423bb	https://api.data.igvf.org/sequence-files/IGVFFI9267DHSG/@@download/IGVFFI9267DHSG.fastq.gz	s3://igvf-public/2024/11/19/c3066695-c9db-46b0-bcc5-4b94db8c4fb4/IGVFFI9267DHSG.fastq.gz
IGVFFI9635WYIJ	raw	IGVFDS0635LULZ	C39	16	reads	fastq	2800654943	286927ad99b7e1b2aba1e23278e7eb1e	https://api.data.igvf.org/sequence-files/IGVFFI9635WYIJ/@@download/IGVFFI9635WYIJ.fastq.gz	s3://igvf-public/2024/11/19/ce18010e-724d-41a8-a22a-d4a7be155acb/IGVFFI9635WYIJ.fastq.gz
IGVFFI1429GOKP	raw	IGVFDS1180HGHV	C39	18	reads	fastq	3394435497	8e96a011d36291571c1b1ace3c08cc37	https://api.data.igvf.org/sequence-files/IGVFFI1429GOKP/@@download/IGVFFI1429GOKP.fastq.gz	s3://igvf-public/2024/11/16/405492d1-d70a-43ed-91f9-a5e610cb72a9/IGVFFI1429GOKP.fastq.gz
IGVFFI1504AMHS	raw	IGVFDS1180HGHV	C39	18	reads	fastq	3380557164	03e694f1f5ec8636e77e049cf7b0c643	https://api.data.igvf.org/sequence-files/IGVFFI1504AMHS/@@download/IGVFFI1504AMHS.fastq.gz	s3://igvf-public/2024/11/16/5ff284c4-8ade-4ae6-9d54-4ac485656521/IGVFFI1504AMHS.fastq.gz
IGVFFI1531ZGEZ	raw	IGVFDS1180HGHV	C39	18	reads	fastq	3360851303	0ea1cb15f4a77ddeef8665aa1a7643d4	https://api.data.igvf.org/sequence-files/IGVFFI1531ZGEZ/@@download/IGVFFI1531ZGEZ.fastq.gz	s3://igvf-public/2024/11/16/29f583de-42fc-4b9e-ae0f-6f6de0aeb07b/IGVFFI1531ZGEZ.fastq.gz
IGVFFI1948ABFI	raw	IGVFDS1180HGHV	C39	18	reads	fastq	3284143176	1780d17fed6624acf6386e990ab37f60	https://api.data.igvf.org/sequence-files/IGVFFI1948ABFI/@@download/IGVFFI1948ABFI.fastq.gz	s3://igvf-public/2024/11/16/2242a4a0-44a2-4f96-9391-533b8c9b118d/IGVFFI1948ABFI.fastq.gz
IGVFFI2269KBLE	raw	IGVFDS1180HGHV	C39	18	reads	fastq	3244367685	efa96520f7b99a1662d54ad45d58ced5	https://api.data.igvf.org/sequence-files/IGVFFI2269KBLE/@@download/IGVFFI2269KBLE.fastq.gz	s3://igvf-public/2024/11/15/25fd6b2c-0d98-4233-86b3-eee4ac656816/IGVFFI2269KBLE.fastq.gz
IGVFFI2680GVSJ	raw	IGVFDS1180HGHV	C39	18	reads	fastq	3242747134	f2628f81a08d3788ad0d4b8487e72d4d	https://api.data.igvf.org/sequence-files/IGVFFI2680GVSJ/@@download/IGVFFI2680GVSJ.fastq.gz	s3://igvf-public/2024/11/15/dda7d707-05a4-4319-8002-8dd958ecd768/IGVFFI2680GVSJ.fastq.gz
IGVFFI3088RDRS	raw	IGVFDS1180HGHV	C39	18	reads	fastq	3369568982	7275f31c0a0be0dae7922589c9dc90da	https://api.data.igvf.org/sequence-files/IGVFFI3088RDRS/@@download/IGVFFI3088RDRS.fastq.gz	s3://igvf-public/2024/11/16/514e0f52-b0f5-4b83-9a3d-71ec5c2e9612/IGVFFI3088RDRS.fastq.gz
IGVFFI3244BHJO	raw	IGVFDS1180HGHV	C39	18	reads	fastq	3317761258	0031748a389fd9b9748799f64aae8e6b	https://api.data.igvf.org/sequence-files/IGVFFI3244BHJO/@@download/IGVFFI3244BHJO.fastq.gz	s3://igvf-public/2024/11/15/d3658ce1-3de6-4d9e-a515-204a87d3be38/IGVFFI3244BHJO.fastq.gz
IGVFFI3947RBWS	raw	IGVFDS1180HGHV	C39	18	reads	fastq	3391566617	efef5b18308e9d24ce177ac3c2054bbb	https://api.data.igvf.org/sequence-files/IGVFFI3947RBWS/@@download/IGVFFI3947RBWS.fastq.gz	s3://igvf-public/2024/11/16/9480f3f8-0708-48a2-b1c8-4cd710c8b17c/IGVFFI3947RBWS.fastq.gz
IGVFFI4244MFMO	raw	IGVFDS1180HGHV	C39	18	reads	fastq	3304540447	d8eecb04c296a744eaa647fc526001ae	https://api.data.igvf.org/sequence-files/IGVFFI4244MFMO/@@download/IGVFFI4244MFMO.fastq.gz	s3://igvf-public/2024/11/15/7df74384-2dba-4aa7-8a17-ccada135663f/IGVFFI4244MFMO.fastq.gz
IGVFFI4668BJML	raw	IGVFDS1180HGHV	C39	18	reads	fastq	3318842553	8246a23926ef160338cbe5e7ea29acae	https://api.data.igvf.org/sequence-files/IGVFFI4668BJML/@@download/IGVFFI4668BJML.fastq.gz	s3://igvf-public/2024/11/15/b5872263-fa0e-413d-a5c4-fc727d3d6a27/IGVFFI4668BJML.fastq.gz
IGVFFI5093IZKN	raw	IGVFDS1180HGHV	C39	18	reads	fastq	3299276456	766b36d718b4b71036ee0eed7622d7a1	https://api.data.igvf.org/sequence-files/IGVFFI5093IZKN/@@download/IGVFFI5093IZKN.fastq.gz	s3://igvf-public/2024/11/16/7d349a28-d3eb-45ea-bf37-ae13cdb6c36e/IGVFFI5093IZKN.fastq.gz
IGVFFI5451PEMK	raw	IGVFDS1180HGHV	C39	18	reads	fastq	3332243684	aa8aa906cb766ef13fd042116df0e8fb	https://api.data.igvf.org/sequence-files/IGVFFI5451PEMK/@@download/IGVFFI5451PEMK.fastq.gz	s3://igvf-public/2024/11/15/a0c24fdd-fc0f-47d2-a523-587302892c4b/IGVFFI5451PEMK.fastq.gz
IGVFFI5906ISBB	raw	IGVFDS1180HGHV	C39	18	reads	fastq	3324064845	8293111788e4561c1768e1b0864e332c	https://api.data.igvf.org/sequence-files/IGVFFI5906ISBB/@@download/IGVFFI5906ISBB.fastq.gz	s3://igvf-public/2024/11/16/c105c2ac-3930-47b5-81a1-7d44124ebfe8/IGVFFI5906ISBB.fastq.gz
IGVFFI8621ZPNS	raw	IGVFDS1180HGHV	C39	18	reads	fastq	3377798571	65c5d814fb9046e36daa4a195b8a6458	https://api.data.igvf.org/sequence-files/IGVFFI8621ZPNS/@@download/IGVFFI8621ZPNS.fastq.gz	s3://igvf-public/2024/11/16/5a126790-87a7-4eed-a07d-bc39b0b49e06/IGVFFI8621ZPNS.fastq.gz
IGVFFI8859OEIL	raw	IGVFDS1180HGHV	C39	18	reads	fastq	3316390771	401e55eab62a4ee7e40831bc9728a218	https://api.data.igvf.org/sequence-files/IGVFFI8859OEIL/@@download/IGVFFI8859OEIL.fastq.gz	s3://igvf-public/2024/11/15/dc4590e9-945d-47d3-bb29-a6a9349ac6a4/IGVFFI8859OEIL.fastq.gz
IGVFFI3190RDKP	raw	IGVFDS4418VLDF	C39	1	reads	fastq	2818838485	d03f1a311018e249a34a26f0c029183f	https://api.data.igvf.org/sequence-files/IGVFFI3190RDKP/@@download/IGVFFI3190RDKP.fastq.gz	s3://igvf-public/2024/11/17/5ca53d11-a12b-402a-a7d2-d164a086dc1b/IGVFFI3190RDKP.fastq.gz
IGVFFI3515XSAX	raw	IGVFDS4418VLDF	C39	1	reads	fastq	2755391409	ea5b5948e2c5a252090c6de9a8873e52	https://api.data.igvf.org/sequence-files/IGVFFI3515XSAX/@@download/IGVFFI3515XSAX.fastq.gz	s3://igvf-public/2024/11/17/4d8f94c2-7790-49c5-830b-85a3a567d2a1/IGVFFI3515XSAX.fastq.gz
IGVFFI3837GWXG	raw	IGVFDS4418VLDF	C39	1	reads	fastq	2768184083	16c7b6914b2e2cce3166ab01f209d23a	https://api.data.igvf.org/sequence-files/IGVFFI3837GWXG/@@download/IGVFFI3837GWXG.fastq.gz	s3://igvf-public/2024/11/17/6d1bfd8f-07be-4a7f-b48d-8ded02a910c2/IGVFFI3837GWXG.fastq.gz
IGVFFI4249ZULU	raw	IGVFDS4418VLDF	C39	1	reads	fastq	2872061844	86da49f97d0f74e2334ef11336a3b2e2	https://api.data.igvf.org/sequence-files/IGVFFI4249ZULU/@@download/IGVFFI4249ZULU.fastq.gz	s3://igvf-public/2024/11/17/538aebef-8d7e-492f-97af-1c19ff939b6b/IGVFFI4249ZULU.fastq.gz
IGVFFI4309AZNI	raw	IGVFDS4418VLDF	C39	1	reads	fastq	2706948477	8319ccadbebc607e6aeb25e790fbc067	https://api.data.igvf.org/sequence-files/IGVFFI4309AZNI/@@download/IGVFFI4309AZNI.fastq.gz	s3://igvf-public/2024/11/17/b4bbc47e-d328-40ce-a77c-b407435bb974/IGVFFI4309AZNI.fastq.gz
IGVFFI4777MCFF	raw	IGVFDS4418VLDF	C39	1	reads	fastq	2847807426	ebd6cbbab690f63c1552e215962856fe	https://api.data.igvf.org/sequence-files/IGVFFI4777MCFF/@@download/IGVFFI4777MCFF.fastq.gz	s3://igvf-public/2024/11/17/a46f5c59-8a77-4bc7-aa63-aba77b1ec524/IGVFFI4777MCFF.fastq.gz
IGVFFI5444MOBM	raw	IGVFDS4418VLDF	C39	1	reads	fastq	2844487365	59b0e871ed403bab39829e374d862d15	https://api.data.igvf.org/sequence-files/IGVFFI5444MOBM/@@download/IGVFFI5444MOBM.fastq.gz	s3://igvf-public/2024/11/17/8e3f87dc-91c2-4e93-b131-daf385aad786/IGVFFI5444MOBM.fastq.gz
IGVFFI5733RAUU	raw	IGVFDS4418VLDF	C39	1	reads	fastq	2784321010	5f0b591aad63acf636e02cc896f5ff79	https://api.data.igvf.org/sequence-files/IGVFFI5733RAUU/@@download/IGVFFI5733RAUU.fastq.gz	s3://igvf-public/2024/11/17/dd989bb1-bf33-4ba6-943c-dfc120b9f87f/IGVFFI5733RAUU.fastq.gz
IGVFFI6781SJOX	raw	IGVFDS4418VLDF	C39	1	reads	fastq	2794478363	0d6d3457bebb62c105708f91624781d1	https://api.data.igvf.org/sequence-files/IGVFFI6781SJOX/@@download/IGVFFI6781SJOX.fastq.gz	s3://igvf-public/2024/11/17/9209a028-c72e-4828-ad53-2b465e1ab8b5/IGVFFI6781SJOX.fastq.gz
IGVFFI7069EDYF	raw	IGVFDS4418VLDF	C39	1	reads	fastq	2919217324	b020dae4a3457280e737bd9c653e4c8b	https://api.data.igvf.org/sequence-files/IGVFFI7069EDYF/@@download/IGVFFI7069EDYF.fastq.gz	s3://igvf-public/2024/11/17/ff696084-4c76-4866-9a1a-42d9a8049582/IGVFFI7069EDYF.fastq.gz
IGVFFI7618CYKM	raw	IGVFDS4418VLDF	C39	1	reads	fastq	2837530526	4ff0895eaa0500e1c6a5ed7e44467a2c	https://api.data.igvf.org/sequence-files/IGVFFI7618CYKM/@@download/IGVFFI7618CYKM.fastq.gz	s3://igvf-public/2024/11/17/c6fe39dc-b120-4283-850b-190a1fe5f47c/IGVFFI7618CYKM.fastq.gz
IGVFFI8588VISO	raw	IGVFDS4418VLDF	C39	1	reads	fastq	2703706665	948634f3389f1af25c335707f9a142ae	https://api.data.igvf.org/sequence-files/IGVFFI8588VISO/@@download/IGVFFI8588VISO.fastq.gz	s3://igvf-public/2024/11/17/ea02d014-6d14-4fd6-bd96-48c94b61b01b/IGVFFI8588VISO.fastq.gz
IGVFFI8745SCQK	raw	IGVFDS4418VLDF	C39	1	reads	fastq	2759471637	cd67c4445282c836ef9cd98b69a00610	https://api.data.igvf.org/sequence-files/IGVFFI8745SCQK/@@download/IGVFFI8745SCQK.fastq.gz	s3://igvf-public/2024/11/17/ea82eed0-48e4-4572-800e-20fd23426aba/IGVFFI8745SCQK.fastq.gz
IGVFFI8944QZLN	raw	IGVFDS4418VLDF	C39	1	reads	fastq	2655906444	e4fe669206ba223b263e2b73ab8a5f49	https://api.data.igvf.org/sequence-files/IGVFFI8944QZLN/@@download/IGVFFI8944QZLN.fastq.gz	s3://igvf-public/2024/11/17/c6ddf1aa-3649-4bdd-8db5-1e14d77d0319/IGVFFI8944QZLN.fastq.gz
IGVFFI9240WWXY	raw	IGVFDS4418VLDF	C39	1	reads	fastq	2838622751	38f512e9bf0109c3a45e925a6b597ef2	https://api.data.igvf.org/sequence-files/IGVFFI9240WWXY/@@download/IGVFFI9240WWXY.fastq.gz	s3://igvf-public/2024/11/17/bd1dfa59-1302-4ce0-b6b7-8e8feb805a33/IGVFFI9240WWXY.fastq.gz
IGVFFI9432CWOR	raw	IGVFDS4418VLDF	C39	1	reads	fastq	2889758240	2eb0c48b774a755608bffbad80def0a1	https://api.data.igvf.org/sequence-files/IGVFFI9432CWOR/@@download/IGVFFI9432CWOR.fastq.gz	s3://igvf-public/2024/11/17/850551ce-97a2-4783-b52c-ce8bf7112ef1/IGVFFI9432CWOR.fastq.gz
IGVFFI1223RIEE	raw	IGVFDS3823QNVI	C39	3	reads	fastq	2607319686	2096ad251d6c11f4ce27717c40f4d145	https://api.data.igvf.org/sequence-files/IGVFFI1223RIEE/@@download/IGVFFI1223RIEE.fastq.gz	s3://igvf-public/2024/11/19/8487c02d-9bc5-42bd-8d05-38e5b1ff1867/IGVFFI1223RIEE.fastq.gz
IGVFFI1316EQAV	raw	IGVFDS3823QNVI	C39	3	reads	fastq	2588617507	9e0f5df4d6357042b5ec59fa143fe272	https://api.data.igvf.org/sequence-files/IGVFFI1316EQAV/@@download/IGVFFI1316EQAV.fastq.gz	s3://igvf-public/2024/11/19/ce074eb9-b22d-4f0b-b0fd-9a484692040c/IGVFFI1316EQAV.fastq.gz
IGVFFI1659HAKW	raw	IGVFDS3823QNVI	C39	3	reads	fastq	2537740813	d41bee7dbed3c4e90c9537d976ee2241	https://api.data.igvf.org/sequence-files/IGVFFI1659HAKW/@@download/IGVFFI1659HAKW.fastq.gz	s3://igvf-public/2024/11/19/2d176801-664d-40d2-8d33-e174dc40abfc/IGVFFI1659HAKW.fastq.gz
IGVFFI1744BXCF	raw	IGVFDS3823QNVI	C39	3	reads	fastq	2539449175	c45c4f3f40f71b357fa7d791d96ec908	https://api.data.igvf.org/sequence-files/IGVFFI1744BXCF/@@download/IGVFFI1744BXCF.fastq.gz	s3://igvf-public/2024/11/19/420e500b-5dbc-4e3a-b36f-2cd4f872ae12/IGVFFI1744BXCF.fastq.gz
IGVFFI1849YIKZ	raw	IGVFDS3823QNVI	C39	3	reads	fastq	2612613287	c84e513e4db6d995a41414bafa66843d	https://api.data.igvf.org/sequence-files/IGVFFI1849YIKZ/@@download/IGVFFI1849YIKZ.fastq.gz	s3://igvf-public/2024/11/19/794e8c03-f18e-4db4-975e-5394462f3e38/IGVFFI1849YIKZ.fastq.gz
IGVFFI1922WYXT	raw	IGVFDS3823QNVI	C39	3	reads	fastq	2574547619	459f98a4025d13c02d845d22a79f5df6	https://api.data.igvf.org/sequence-files/IGVFFI1922WYXT/@@download/IGVFFI1922WYXT.fastq.gz	s3://igvf-public/2024/11/19/194ff0b1-17e7-4ae9-9cba-0bdce37b6f21/IGVFFI1922WYXT.fastq.gz
IGVFFI2089LWFS	raw	IGVFDS3823QNVI	C39	3	reads	fastq	2649514369	38437a578ee1deddca5774c43dbaa69e	https://api.data.igvf.org/sequence-files/IGVFFI2089LWFS/@@download/IGVFFI2089LWFS.fastq.gz	s3://igvf-public/2024/11/19/e6065cb4-153f-48aa-9ce8-d2bc1aa9449b/IGVFFI2089LWFS.fastq.gz
IGVFFI2674UUIH	raw	IGVFDS3823QNVI	C39	3	reads	fastq	2653295160	2d674e1b2fcfa93ede53fdb3bdd73b00	https://api.data.igvf.org/sequence-files/IGVFFI2674UUIH/@@download/IGVFFI2674UUIH.fastq.gz	s3://igvf-public/2024/11/19/38f6ecfc-b830-4742-a90f-0a518ba7d7b4/IGVFFI2674UUIH.fastq.gz
IGVFFI5080XEJQ	raw	IGVFDS3823QNVI	C39	3	reads	fastq	2655576854	097c6b343d6e8b920850a8d79aadf1b9	https://api.data.igvf.org/sequence-files/IGVFFI5080XEJQ/@@download/IGVFFI5080XEJQ.fastq.gz	s3://igvf-public/2024/11/19/74a27e46-aae9-4358-8510-56067316b1e4/IGVFFI5080XEJQ.fastq.gz
IGVFFI5158VCSX	raw	IGVFDS3823QNVI	C39	3	reads	fastq	2548828626	31d05bfcc5e2cf9ece05989286a707b0	https://api.data.igvf.org/sequence-files/IGVFFI5158VCSX/@@download/IGVFFI5158VCSX.fastq.gz	s3://igvf-public/2024/11/19/ce07d37b-d59d-4d54-8129-9021ba7542fe/IGVFFI5158VCSX.fastq.gz
IGVFFI5313OMNC	raw	IGVFDS3823QNVI	C39	3	reads	fastq	2565269840	d8bd42d81c11b167fcaf2466aa55682e	https://api.data.igvf.org/sequence-files/IGVFFI5313OMNC/@@download/IGVFFI5313OMNC.fastq.gz	s3://igvf-public/2024/11/19/038f0199-f913-4f10-8e9d-2ded364e2563/IGVFFI5313OMNC.fastq.gz
IGVFFI7037MZAM	raw	IGVFDS3823QNVI	C39	3	reads	fastq	2562678850	2190bb62c634ef41c94501d5ccdab84d	https://api.data.igvf.org/sequence-files/IGVFFI7037MZAM/@@download/IGVFFI7037MZAM.fastq.gz	s3://igvf-public/2024/11/19/419a3b49-edde-4757-9c9d-08108b253778/IGVFFI7037MZAM.fastq.gz
IGVFFI7324JCPH	raw	IGVFDS3823QNVI	C39	3	reads	fastq	2675401111	d00fe33455befa86afb868a80bbbbd96	https://api.data.igvf.org/sequence-files/IGVFFI7324JCPH/@@download/IGVFFI7324JCPH.fastq.gz	s3://igvf-public/2024/11/19/607b36c0-45bc-4158-bd9f-7179a68fc5f4/IGVFFI7324JCPH.fastq.gz
IGVFFI7650MZET	raw	IGVFDS3823QNVI	C39	3	reads	fastq	2640943213	be35789961aba17c26a9353a9000a2f7	https://api.data.igvf.org/sequence-files/IGVFFI7650MZET/@@download/IGVFFI7650MZET.fastq.gz	s3://igvf-public/2024/11/19/52eba771-437f-4a29-86c7-815e07b3ec56/IGVFFI7650MZET.fastq.gz
IGVFFI7870QEKR	raw	IGVFDS3823QNVI	C39	3	reads	fastq	2539815182	22c4e1981f9f978ce787eb5bffec3587	https://api.data.igvf.org/sequence-files/IGVFFI7870QEKR/@@download/IGVFFI7870QEKR.fastq.gz	s3://igvf-public/2024/11/19/71f1c564-8829-466b-916c-cb8afa8d9aeb/IGVFFI7870QEKR.fastq.gz
IGVFFI9259CTAN	raw	IGVFDS3823QNVI	C39	3	reads	fastq	2608150512	ced4c2eff9a586c6fa0b7f9702354791	https://api.data.igvf.org/sequence-files/IGVFFI9259CTAN/@@download/IGVFFI9259CTAN.fastq.gz	s3://igvf-public/2024/11/19/5a370642-7668-4bf4-90ca-88fea469545f/IGVFFI9259CTAN.fastq.gz
IGVFFI0300MREM	raw	IGVFDS2160BCQF	C39	5	reads	fastq	2016403248	3c3086c32e05998784053749471fe3ce	https://api.data.igvf.org/sequence-files/IGVFFI0300MREM/@@download/IGVFFI0300MREM.fastq.gz	s3://igvf-public/2024/11/16/3ddbbdf1-a880-4191-bf75-d6a36f6b9357/IGVFFI0300MREM.fastq.gz
IGVFFI0574KMLM	raw	IGVFDS2160BCQF	C39	5	reads	fastq	2065055550	171720f30b0fa24bcbc722a2ffddfdf6	https://api.data.igvf.org/sequence-files/IGVFFI0574KMLM/@@download/IGVFFI0574KMLM.fastq.gz	s3://igvf-public/2024/11/16/622507e2-a089-4ebb-baa3-ed49792cc97a/IGVFFI0574KMLM.fastq.gz
IGVFFI0963XPFG	raw	IGVFDS2160BCQF	C39	5	reads	fastq	2064828512	45f740ef495a9cec8af482d64a71be59	https://api.data.igvf.org/sequence-files/IGVFFI0963XPFG/@@download/IGVFFI0963XPFG.fastq.gz	s3://igvf-public/2024/11/16/cbdc3d95-8047-47b8-8582-7d6d5a12057e/IGVFFI0963XPFG.fastq.gz
IGVFFI0989MLMY	raw	IGVFDS2160BCQF	C39	5	reads	fastq	2059324341	ff114665017fda473873b26bdc6940d4	https://api.data.igvf.org/sequence-files/IGVFFI0989MLMY/@@download/IGVFFI0989MLMY.fastq.gz	s3://igvf-public/2024/11/16/768178be-40ab-4124-bd12-f92102e967bb/IGVFFI0989MLMY.fastq.gz
IGVFFI1078XBJO	raw	IGVFDS2160BCQF	C39	5	reads	fastq	2011823720	823119b2fb936bbde7e540a87e9957fd	https://api.data.igvf.org/sequence-files/IGVFFI1078XBJO/@@download/IGVFFI1078XBJO.fastq.gz	s3://igvf-public/2024/11/16/25291204-5692-4f3c-824f-03ff09217e85/IGVFFI1078XBJO.fastq.gz
IGVFFI1259CRGX	raw	IGVFDS2160BCQF	C39	5	reads	fastq	2056911351	07dc48c40143a2cce141221a3e4b5fd8	https://api.data.igvf.org/sequence-files/IGVFFI1259CRGX/@@download/IGVFFI1259CRGX.fastq.gz	s3://igvf-public/2024/11/16/d65689fc-c902-4fdd-987c-018a4364f4eb/IGVFFI1259CRGX.fastq.gz
IGVFFI2180YWVV	raw	IGVFDS2160BCQF	C39	5	reads	fastq	2011325299	99b56deae1ac63bbf8b3ed5d53902aea	https://api.data.igvf.org/sequence-files/IGVFFI2180YWVV/@@download/IGVFFI2180YWVV.fastq.gz	s3://igvf-public/2024/11/16/7865f4a5-a7ac-4261-b307-dcf73ca23973/IGVFFI2180YWVV.fastq.gz
IGVFFI2843AERA	raw	IGVFDS2160BCQF	C39	5	reads	fastq	1964819632	36e1038f0173a401cb5394cad45429b3	https://api.data.igvf.org/sequence-files/IGVFFI2843AERA/@@download/IGVFFI2843AERA.fastq.gz	s3://igvf-public/2024/11/16/aaebb4e6-9863-493d-b025-8e1479b25d28/IGVFFI2843AERA.fastq.gz
IGVFFI3154CXDA	raw	IGVFDS2160BCQF	C39	5	reads	fastq	1878710991	847f4794bd330335212c9d5867674bb0	https://api.data.igvf.org/sequence-files/IGVFFI3154CXDA/@@download/IGVFFI3154CXDA.fastq.gz	s3://igvf-public/2024/11/16/1ccfc071-4c44-4f04-b8aa-c3d0a7843e42/IGVFFI3154CXDA.fastq.gz
IGVFFI4742BPRN	raw	IGVFDS2160BCQF	C39	5	reads	fastq	1955504048	e1a4c85fbbf486c4af4c849fe1d32ea7	https://api.data.igvf.org/sequence-files/IGVFFI4742BPRN/@@download/IGVFFI4742BPRN.fastq.gz	s3://igvf-public/2024/11/16/f5b6b503-a4c5-4128-9a29-e023c05b7a18/IGVFFI4742BPRN.fastq.gz
IGVFFI4889AVXD	raw	IGVFDS2160BCQF	C39	5	reads	fastq	1921522095	700f012c7e030d78c55aa060d723f739	https://api.data.igvf.org/sequence-files/IGVFFI4889AVXD/@@download/IGVFFI4889AVXD.fastq.gz	s3://igvf-public/2024/11/16/daf14983-4b24-4dd6-b67b-1ef3664283f9/IGVFFI4889AVXD.fastq.gz
IGVFFI6181VSDD	raw	IGVFDS2160BCQF	C39	5	reads	fastq	1837692656	35ee1f006745bf22984cf6a2630f7fe8	https://api.data.igvf.org/sequence-files/IGVFFI6181VSDD/@@download/IGVFFI6181VSDD.fastq.gz	s3://igvf-public/2024/11/16/d59d0561-ad1f-4030-8ced-8c4a0d2e3110/IGVFFI6181VSDD.fastq.gz
IGVFFI6629IDZI	raw	IGVFDS2160BCQF	C39	5	reads	fastq	2012373298	29e4c79bc0888a43b8dad9065991f8b5	https://api.data.igvf.org/sequence-files/IGVFFI6629IDZI/@@download/IGVFFI6629IDZI.fastq.gz	s3://igvf-public/2024/11/16/84156417-bb1d-4e19-9d34-1bc3a1516000/IGVFFI6629IDZI.fastq.gz
IGVFFI8711VTKL	raw	IGVFDS2160BCQF	C39	5	reads	fastq	2010201727	cea849f19e31a901fc126421fd6e3a93	https://api.data.igvf.org/sequence-files/IGVFFI8711VTKL/@@download/IGVFFI8711VTKL.fastq.gz	s3://igvf-public/2024/11/16/7a012da4-2dd5-4900-9025-5754d8fd4f4e/IGVFFI8711VTKL.fastq.gz
IGVFFI9303ITMK	raw	IGVFDS2160BCQF	C39	5	reads	fastq	2005969116	50d515aefbfa212fc20936072673145c	https://api.data.igvf.org/sequence-files/IGVFFI9303ITMK/@@download/IGVFFI9303ITMK.fastq.gz	s3://igvf-public/2024/11/16/89801c5d-1ac0-4f2e-9396-6ff287c75c3c/IGVFFI9303ITMK.fastq.gz
IGVFFI9884YGWM	raw	IGVFDS2160BCQF	C39	5	reads	fastq	1889582723	5de40bdfc7d939bf319c204b591c731a	https://api.data.igvf.org/sequence-files/IGVFFI9884YGWM/@@download/IGVFFI9884YGWM.fastq.gz	s3://igvf-public/2024/11/16/c3acd14a-862f-4576-ac18-b161923946bb/IGVFFI9884YGWM.fastq.gz
IGVFFI0095SYIW	raw	IGVFDS4922GNDX	C39	7	reads	fastq	2828310968	8d98a5c0ac94d49ab8f6fadaba743ee4	https://api.data.igvf.org/sequence-files/IGVFFI0095SYIW/@@download/IGVFFI0095SYIW.fastq.gz	s3://igvf-public/2024/11/16/a55d7b25-c7a6-409a-8139-4f492e93f0d9/IGVFFI0095SYIW.fastq.gz
IGVFFI0397DFOL	raw	IGVFDS4922GNDX	C39	7	reads	fastq	2853600230	4097e6f07df5f3efe3e7a1fac22395c1	https://api.data.igvf.org/sequence-files/IGVFFI0397DFOL/@@download/IGVFFI0397DFOL.fastq.gz	s3://igvf-public/2024/11/16/6f37b7ba-d472-42ec-ad83-a02d9bc67877/IGVFFI0397DFOL.fastq.gz
IGVFFI1155QLOI	raw	IGVFDS4922GNDX	C39	7	reads	fastq	2878791289	f6103e20a19a6e55d8f6f8fb6cedfc22	https://api.data.igvf.org/sequence-files/IGVFFI1155QLOI/@@download/IGVFFI1155QLOI.fastq.gz	s3://igvf-public/2024/11/16/d99ab3d8-05d1-45cd-b6b4-6351d727666b/IGVFFI1155QLOI.fastq.gz
IGVFFI1921DJPW	raw	IGVFDS4922GNDX	C39	7	reads	fastq	2769499793	8618c9918d89d187a2f9b5fa02755663	https://api.data.igvf.org/sequence-files/IGVFFI1921DJPW/@@download/IGVFFI1921DJPW.fastq.gz	s3://igvf-public/2024/11/16/7e756587-a861-4999-a556-a1075d4e9470/IGVFFI1921DJPW.fastq.gz
IGVFFI2484OXWD	raw	IGVFDS4922GNDX	C39	7	reads	fastq	2840632575	495c092f93c4e65acce75cb5386c0f30	https://api.data.igvf.org/sequence-files/IGVFFI2484OXWD/@@download/IGVFFI2484OXWD.fastq.gz	s3://igvf-public/2024/11/16/400eccac-d0e9-48d4-bbb3-cdc6b109c49a/IGVFFI2484OXWD.fastq.gz
IGVFFI3086CMIE	raw	IGVFDS4922GNDX	C39	7	reads	fastq	2827044958	c3cb4b2a8999fb97a4dcb34135bef005	https://api.data.igvf.org/sequence-files/IGVFFI3086CMIE/@@download/IGVFFI3086CMIE.fastq.gz	s3://igvf-public/2024/11/16/37ccdfd1-97b0-4e2e-abf9-b88e27d2d925/IGVFFI3086CMIE.fastq.gz
IGVFFI3860DVWM	raw	IGVFDS4922GNDX	C39	7	reads	fastq	2752320471	9267ae05c65bb2ea8edab289050601f0	https://api.data.igvf.org/sequence-files/IGVFFI3860DVWM/@@download/IGVFFI3860DVWM.fastq.gz	s3://igvf-public/2024/11/16/6ea121e5-d3c6-4104-9915-e5901109b542/IGVFFI3860DVWM.fastq.gz
IGVFFI4246ADVB	raw	IGVFDS4922GNDX	C39	7	reads	fastq	2770018859	8c12e05a46f364d4800899efe17d6392	https://api.data.igvf.org/sequence-files/IGVFFI4246ADVB/@@download/IGVFFI4246ADVB.fastq.gz	s3://igvf-public/2024/11/16/a5765e2b-ee36-4fec-9921-f77727e8e092/IGVFFI4246ADVB.fastq.gz
IGVFFI4508WNFY	raw	IGVFDS4922GNDX	C39	7	reads	fastq	2798983143	07a5babd79810fe76f1a53027d0568bf	https://api.data.igvf.org/sequence-files/IGVFFI4508WNFY/@@download/IGVFFI4508WNFY.fastq.gz	s3://igvf-public/2024/11/16/65c3292c-cca4-400b-8278-a47b60326cd5/IGVFFI4508WNFY.fastq.gz
IGVFFI5689PGMS	raw	IGVFDS4922GNDX	C39	7	reads	fastq	2873081837	4ebb9bf0f9e0bc33655e0dbd7dc778f0	https://api.data.igvf.org/sequence-files/IGVFFI5689PGMS/@@download/IGVFFI5689PGMS.fastq.gz	s3://igvf-public/2024/11/16/88025c77-2368-43ed-ac41-ee1e04b13cac/IGVFFI5689PGMS.fastq.gz
IGVFFI5905ATMD	raw	IGVFDS4922GNDX	C39	7	reads	fastq	2837699164	b3f0a3502058f9785fa6223b90ec0440	https://api.data.igvf.org/sequence-files/IGVFFI5905ATMD/@@download/IGVFFI5905ATMD.fastq.gz	s3://igvf-public/2024/11/16/8c3b9389-5f84-4cdc-be97-b1b36182c900/IGVFFI5905ATMD.fastq.gz
IGVFFI8036VTEP	raw	IGVFDS4922GNDX	C39	7	reads	fastq	2849117480	b4a6f969289a4818f2ab7d698eabbfe5	https://api.data.igvf.org/sequence-files/IGVFFI8036VTEP/@@download/IGVFFI8036VTEP.fastq.gz	s3://igvf-public/2024/11/16/31c02abd-2dda-485d-8d6f-56a5596b234e/IGVFFI8036VTEP.fastq.gz
IGVFFI8110JZDW	raw	IGVFDS4922GNDX	C39	7	reads	fastq	2856401946	d2685cd76ae8568d5ab51d8b6a548d3d	https://api.data.igvf.org/sequence-files/IGVFFI8110JZDW/@@download/IGVFFI8110JZDW.fastq.gz	s3://igvf-public/2024/11/16/3236af17-4130-4c7a-9770-06ea647a1a82/IGVFFI8110JZDW.fastq.gz
IGVFFI8318JGBE	raw	IGVFDS4922GNDX	C39	7	reads	fastq	2905226017	3c693d88286281a3fbb5c3ecd8475e15	https://api.data.igvf.org/sequence-files/IGVFFI8318JGBE/@@download/IGVFFI8318JGBE.fastq.gz	s3://igvf-public/2024/11/16/413f349d-ded7-427f-9ceb-a242d02e9340/IGVFFI8318JGBE.fastq.gz
IGVFFI8608IGNF	raw	IGVFDS4922GNDX	C39	7	reads	fastq	2809723772	8892aac7e207c26faab459eec72a8d0f	https://api.data.igvf.org/sequence-files/IGVFFI8608IGNF/@@download/IGVFFI8608IGNF.fastq.gz	s3://igvf-public/2024/11/16/4c3627e8-0938-4347-8be7-62237e117beb/IGVFFI8608IGNF.fastq.gz
IGVFFI8851ZCOU	raw	IGVFDS4922GNDX	C39	7	reads	fastq	2826688128	445d3fdfb6bdec9cb7d59552f05ce362	https://api.data.igvf.org/sequence-files/IGVFFI8851ZCOU/@@download/IGVFFI8851ZCOU.fastq.gz	s3://igvf-public/2024/11/16/736786d0-3156-4739-868a-2ad21ff1b04c/IGVFFI8851ZCOU.fastq.gz
IGVFFI0405YMON	raw	IGVFDS9196PDRB	C39	9	reads	fastq	3518182079	ebc71f4a88005728b9d0fba5ab5c6940	https://api.data.igvf.org/sequence-files/IGVFFI0405YMON/@@download/IGVFFI0405YMON.fastq.gz	s3://igvf-public/2024/11/18/99123464-9a70-4e77-927b-82b67b7ddd03/IGVFFI0405YMON.fastq.gz
IGVFFI0575PBZP	raw	IGVFDS9196PDRB	C39	9	reads	fastq	3451734344	f8540d0943364baf65362a3d42733194	https://api.data.igvf.org/sequence-files/IGVFFI0575PBZP/@@download/IGVFFI0575PBZP.fastq.gz	s3://igvf-public/2024/11/18/a725127a-619a-4cdb-9e89-6c374f56d5ea/IGVFFI0575PBZP.fastq.gz
IGVFFI1036VXVV	raw	IGVFDS9196PDRB	C39	9	reads	fastq	3372459599	72d51e719a4a7af37d44eb29a893a0fa	https://api.data.igvf.org/sequence-files/IGVFFI1036VXVV/@@download/IGVFFI1036VXVV.fastq.gz	s3://igvf-public/2024/11/18/355c2aed-2df6-47db-aea8-21287026b165/IGVFFI1036VXVV.fastq.gz
IGVFFI2054TJPO	raw	IGVFDS9196PDRB	C39	9	reads	fastq	3313476310	34ba707aad21585918b1e65e26147d30	https://api.data.igvf.org/sequence-files/IGVFFI2054TJPO/@@download/IGVFFI2054TJPO.fastq.gz	s3://igvf-public/2024/11/18/445dc713-31e4-478b-a50f-7a86159fccf1/IGVFFI2054TJPO.fastq.gz
IGVFFI2281JWJS	raw	IGVFDS9196PDRB	C39	9	reads	fastq	3429017978	ffec426c3b0107e24b8f740e5d773a48	https://api.data.igvf.org/sequence-files/IGVFFI2281JWJS/@@download/IGVFFI2281JWJS.fastq.gz	s3://igvf-public/2024/11/18/cf378d52-e54c-40f0-bf27-9e821a3087c6/IGVFFI2281JWJS.fastq.gz
IGVFFI2424JMXS	raw	IGVFDS9196PDRB	C39	9	reads	fastq	3266626408	76bdd144a4f7fe335726575eaaf8b46a	https://api.data.igvf.org/sequence-files/IGVFFI2424JMXS/@@download/IGVFFI2424JMXS.fastq.gz	s3://igvf-public/2024/11/17/b7d403d2-0c5f-471b-8122-4a5312f6ecdc/IGVFFI2424JMXS.fastq.gz
IGVFFI2481VZHT	raw	IGVFDS9196PDRB	C39	9	reads	fastq	3530010366	7af497206a1bad9c3e7bdfbca04e7363	https://api.data.igvf.org/sequence-files/IGVFFI2481VZHT/@@download/IGVFFI2481VZHT.fastq.gz	s3://igvf-public/2024/11/18/ac047afe-2a33-4383-964a-c4e1ed75732a/IGVFFI2481VZHT.fastq.gz
IGVFFI4042QBZQ	raw	IGVFDS9196PDRB	C39	9	reads	fastq	3409021529	0efe465a9e273135ab40640df305fdc2	https://api.data.igvf.org/sequence-files/IGVFFI4042QBZQ/@@download/IGVFFI4042QBZQ.fastq.gz	s3://igvf-public/2024/11/17/7da038de-7b49-447f-b02e-aa6521bde63d/IGVFFI4042QBZQ.fastq.gz
IGVFFI4058NAXU	raw	IGVFDS9196PDRB	C39	9	reads	fastq	3487485562	616ae0935ec3f5821eeeff67c6095921	https://api.data.igvf.org/sequence-files/IGVFFI4058NAXU/@@download/IGVFFI4058NAXU.fastq.gz	s3://igvf-public/2024/11/18/9da17c56-ab29-499a-9e2c-03b7eca328cf/IGVFFI4058NAXU.fastq.gz
IGVFFI5897TTFO	raw	IGVFDS9196PDRB	C39	9	reads	fastq	3576811102	c50079fcaf240ba18ede39cbd19c97df	https://api.data.igvf.org/sequence-files/IGVFFI5897TTFO/@@download/IGVFFI5897TTFO.fastq.gz	s3://igvf-public/2024/11/18/8f8d8837-3c5a-4d8d-9d58-817cd8d32c6a/IGVFFI5897TTFO.fastq.gz
IGVFFI7196VYNX	raw	IGVFDS9196PDRB	C39	9	reads	fastq	3496259248	4497bb49f07af2981461dff12f17c1ff	https://api.data.igvf.org/sequence-files/IGVFFI7196VYNX/@@download/IGVFFI7196VYNX.fastq.gz	s3://igvf-public/2024/11/17/74f7ec9c-d4fc-4224-8e2e-74110ce327e9/IGVFFI7196VYNX.fastq.gz
IGVFFI7429JLVG	raw	IGVFDS9196PDRB	C39	9	reads	fastq	3534081428	084fa2df4ce9da95c8dab202fd45069c	https://api.data.igvf.org/sequence-files/IGVFFI7429JLVG/@@download/IGVFFI7429JLVG.fastq.gz	s3://igvf-public/2024/11/18/6c656957-3c04-4e23-ab2e-f1661baaf2c2/IGVFFI7429JLVG.fastq.gz
IGVFFI7682ELAV	raw	IGVFDS9196PDRB	C39	9	reads	fastq	3475739633	feb5fa53ee87d5971333541c6411a10e	https://api.data.igvf.org/sequence-files/IGVFFI7682ELAV/@@download/IGVFFI7682ELAV.fastq.gz	s3://igvf-public/2024/11/18/9ccbe42a-1281-4e93-8f6a-50173d689ced/IGVFFI7682ELAV.fastq.gz
IGVFFI9216KLOV	raw	IGVFDS9196PDRB	C39	9	reads	fastq	3446988649	ecf1e22c74dc46523a7e82e19237ef88	https://api.data.igvf.org/sequence-files/IGVFFI9216KLOV/@@download/IGVFFI9216KLOV.fastq.gz	s3://igvf-public/2024/11/17/9104bee2-89a6-48bd-8f15-c33cde9430e0/IGVFFI9216KLOV.fastq.gz
IGVFFI9478IFDS	raw	IGVFDS9196PDRB	C39	9	reads	fastq	3542664039	4cf7bc1d123a596c105ceceb03fedbe4	https://api.data.igvf.org/sequence-files/IGVFFI9478IFDS/@@download/IGVFFI9478IFDS.fastq.gz	s3://igvf-public/2024/11/18/d09f0cf8-83ef-4e3f-93e4-c330a181f9d4/IGVFFI9478IFDS.fastq.gz
IGVFFI9488BLRX	raw	IGVFDS9196PDRB	C39	9	reads	fastq	3323022524	79cd192397be68df0b7bd35dff8353a6	https://api.data.igvf.org/sequence-files/IGVFFI9488BLRX/@@download/IGVFFI9488BLRX.fastq.gz	s3://igvf-public/2024/11/17/ea2221e1-1737-4c2c-bf92-3b6476718158/IGVFFI9488BLRX.fastq.gz
IGVFFI0412JJWO	analysis-ready	IGVFDS6501PVZQ	A8;C29;C38	6;13;30	cell annotations	tsv	485646	1a620951e7ce5c17c25537b4f38b3b18	https://api.data.igvf.org/tabular-files/IGVFFI0412JJWO/@@download/IGVFFI0412JJWO.tsv.gz	s3://igvf-public/2026/07/23/5112df2c-5f7e-4d5b-8a7a-4d927b4cf9ba/IGVFFI0412JJWO.csv.gz
IGVFFI2804FOOR	analysis-ready	IGVFDS6501PVZQ	A8;C29;C38	6;13;30	cell by gene matrix	h5ad	236100424	76051c35d55538ed95c4150705c9abf0	https://api.data.igvf.org/matrix-files/IGVFFI2804FOOR/@@download/IGVFFI2804FOOR.h5ad	s3://igvf-public/2026/07/23/dd521eb5-2289-455e-a2b9-6c74afe5df8d/IGVFFI2804FOOR.h5ad
IGVFFI3564FUQJ	analysis-ready	IGVFDS6501PVZQ	A8;C29;C38	6;13;30	cell by gene matrix	h5ad	608294323	e7a48259aecbba91212a8f3394e8d56f	https://api.data.igvf.org/matrix-files/IGVFFI3564FUQJ/@@download/IGVFFI3564FUQJ.h5ad	s3://igvf-public/2026/07/23/f79286f5-aeed-4e2c-aaba-d86a104d1f8f/IGVFFI3564FUQJ.h5ad
IGVFFI9846GOMO	analysis-ready	IGVFDS6501PVZQ	A8;C29;C38	6;13;30	cell by gene matrix	h5ad	5538687155	7e22cec235c4ef18ee627ccf6153e90a	https://api.data.igvf.org/matrix-files/IGVFFI9846GOMO/@@download/IGVFFI9846GOMO.h5ad	s3://igvf-public/2026/07/23/9b42e5a7-0ddb-4ebe-8f5a-6a52fdc82d5a/IGVFFI9846GOMO.h5ad
IGVFFI0141IRIZ	processed	IGVFDS2554EAVT	A8	30	cell by gene matrix	h5ad	28505458	3c8bd680470e10fd19a5fe4d99bcb42b	https://api.data.igvf.org/matrix-files/IGVFFI0141IRIZ/@@download/IGVFFI0141IRIZ.h5ad	s3://igvf-public/2026/07/22/60e7ab1b-a579-4440-9dd7-4a7f8465c4d3/IGVFFI0141IRIZ.h5ad
IGVFFI2567NMXK	processed	IGVFDS2554EAVT	A8	30	post-segmentation transcript and cell locations	csv	3012	4c2d5f1d645a4983b4a314533938b214	https://api.data.igvf.org/tabular-files/IGVFFI2567NMXK/@@download/IGVFFI2567NMXK.csv.gz	s3://igvf-public/2026/08/03/911586e4-d222-4129-95c6-67a70349aebf/IGVFFI2567NMXK.csv.gz
IGVFFI8045ALSM	processed	IGVFDS2554EAVT	A8	30	spatial transcriptomics cell metadata	csv	2946197	31513f7a4b277f49280dda38fb93e814	https://api.data.igvf.org/tabular-files/IGVFFI8045ALSM/@@download/IGVFFI8045ALSM.csv.gz	s3://igvf-public/2026/08/03/ee82b251-7201-4aa1-bc7b-93804b59c9ef/IGVFFI8045ALSM.csv.gz
IGVFFI9313GBQC	processed	IGVFDS2554EAVT	A8	30	spatial transcriptomics slide-level cell boundaries	csv	9283966	d1529f1b934dabb00b58650a8f20d729	https://api.data.igvf.org/tabular-files/IGVFFI9313GBQC/@@download/IGVFFI9313GBQC.csv.gz	s3://igvf-public/2026/08/03/d09fd161-6838-4ff7-a423-26a993ea5c0c/IGVFFI9313GBQC.csv.gz
IGVFFI9636OUJT	processed	IGVFDS2554EAVT	A8	30	spatial transcriptomics slide-level transcripts	csv	1070194107	9b1e00d49f7b4daeff73a2994fc12827	https://api.data.igvf.org/tabular-files/IGVFFI9636OUJT/@@download/IGVFFI9636OUJT.csv.gz	s3://igvf-public/2026/08/03/af61b5c1-4053-4424-a0f2-f64e8e0328f0/IGVFFI9636OUJT.csv.gz
IGVFFI0193NCHO	processed	IGVFDS9028YESM	A8	30	cell by gene matrix	h5ad	31905317	2665d808109aa3ac05e85152cefe1721	https://api.data.igvf.org/matrix-files/IGVFFI0193NCHO/@@download/IGVFFI0193NCHO.h5ad	s3://igvf-public/2026/07/22/58803930-c6b1-4346-8493-0eb09ad05b12/IGVFFI0193NCHO.h5ad
IGVFFI7917OSJZ	processed	IGVFDS9028YESM	A8	30	post-segmentation transcript and cell locations	csv	3005	e48dd1a6efdbf49bc9350d198ddef4ee	https://api.data.igvf.org/tabular-files/IGVFFI7917OSJZ/@@download/IGVFFI7917OSJZ.csv.gz	s3://igvf-public/2026/08/03/f555963b-271e-46ac-bbe1-15c590d6c6bd/IGVFFI7917OSJZ.csv.gz
IGVFFI4065EQJY	processed	IGVFDS9028YESM	A8	30	spatial transcriptomics cell metadata	csv	3425892	1a92368c7eaaffa54637a59fc73bb60e	https://api.data.igvf.org/tabular-files/IGVFFI4065EQJY/@@download/IGVFFI4065EQJY.csv.gz	s3://igvf-public/2026/08/03/04f90944-2d10-419a-96e2-389eda2df7af/IGVFFI4065EQJY.csv.gz
IGVFFI8976XMTI	processed	IGVFDS9028YESM	A8	30	spatial transcriptomics slide-level cell boundaries	csv	9931297	e0f900a9f2945cc1741b31f03d731d6b	https://api.data.igvf.org/tabular-files/IGVFFI8976XMTI/@@download/IGVFFI8976XMTI.csv.gz	s3://igvf-public/2026/08/03/d32ae975-5645-436e-996d-75c17180acf8/IGVFFI8976XMTI.csv.gz
IGVFFI7330UBKX	processed	IGVFDS9028YESM	A8	30	spatial transcriptomics slide-level transcripts	csv	1191685571	215139f026a11316e8a613d400d1b8e6	https://api.data.igvf.org/tabular-files/IGVFFI7330UBKX/@@download/IGVFFI7330UBKX.csv.gz	s3://igvf-public/2026/08/03/6bf4cf53-d685-401e-9b2a-e8e1d0c388ea/IGVFFI7330UBKX.csv.gz
IGVFFI3858VLGZ	processed	IGVFDS5719MCCP	C29;C38	6	cell by gene matrix	h5ad	84410349	608081d684151f35bafadc358ae71d07	https://api.data.igvf.org/matrix-files/IGVFFI3858VLGZ/@@download/IGVFFI3858VLGZ.h5ad	s3://igvf-public/2026/07/22/013b7d51-1a26-4590-8fee-42ec47528986/IGVFFI3858VLGZ.h5ad
IGVFFI0291XXVF	processed	IGVFDS5719MCCP	C29;C38	6	post-segmentation transcript and cell locations	csv	7220	e29fd85a9e3e89036ef606b690aa29aa	https://api.data.igvf.org/tabular-files/IGVFFI0291XXVF/@@download/IGVFFI0291XXVF.csv.gz	s3://igvf-public/2026/08/03/8bd54370-8ba8-4e25-be3d-6e8cc80d8f08/IGVFFI0291XXVF.csv.gz
IGVFFI2715DEKW	processed	IGVFDS5719MCCP	C29;C38	6	spatial transcriptomics cell metadata	csv	9102939	1810ac073f862b72444824db8f36a14d	https://api.data.igvf.org/tabular-files/IGVFFI2715DEKW/@@download/IGVFFI2715DEKW.csv.gz	s3://igvf-public/2026/08/03/53c721be-5a53-42ce-82b3-a9b2e3a23613/IGVFFI2715DEKW.csv.gz
IGVFFI7322RFAS	processed	IGVFDS5719MCCP	C29;C38	6	spatial transcriptomics slide-level cell boundaries	csv	29928450	46615f50e0228ba41304847b774b55a4	https://api.data.igvf.org/tabular-files/IGVFFI7322RFAS/@@download/IGVFFI7322RFAS.csv.gz	s3://igvf-public/2026/08/03/108a5ed2-7a98-41f7-abda-4272f22753f1/IGVFFI7322RFAS.csv.gz
IGVFFI8984VVFJ	processed	IGVFDS5719MCCP	C29;C38	6	spatial transcriptomics slide-level transcripts	csv	4033181743	c3570b9e3ceb67a83e3705e935126c7c	https://api.data.igvf.org/tabular-files/IGVFFI8984VVFJ/@@download/IGVFFI8984VVFJ.csv.gz	s3://igvf-public/2026/08/03/143238e6-9e84-421c-9bec-b2fa24acf174/IGVFFI8984VVFJ.csv.gz
IGVFFI3515BKBR	processed	IGVFDS1602JMXG	C29;C38	13	cell by gene matrix	h5ad	83193771	fed977e312d4b5b72d8b7f8b30cb36ce	https://api.data.igvf.org/matrix-files/IGVFFI3515BKBR/@@download/IGVFFI3515BKBR.h5ad	s3://igvf-public/2026/07/22/b5802059-3c38-4a22-8da4-7e78eee6cf03/IGVFFI3515BKBR.h5ad
IGVFFI0345NNRH	processed	IGVFDS1602JMXG	C29;C38	13	post-segmentation transcript and cell locations	csv	6526	81d2a0a5374c8ba98c63069acb4e5ad5	https://api.data.igvf.org/tabular-files/IGVFFI0345NNRH/@@download/IGVFFI0345NNRH.csv.gz	s3://igvf-public/2026/08/03/80c31e84-ef3b-4fc9-a07c-58df1a5e340e/IGVFFI0345NNRH.csv.gz
IGVFFI8166YPWK	processed	IGVFDS1602JMXG	C29;C38	13	spatial transcriptomics cell metadata	csv	8790300	dd6ab14d3842858341c1412475d08db0	https://api.data.igvf.org/tabular-files/IGVFFI8166YPWK/@@download/IGVFFI8166YPWK.csv.gz	s3://igvf-public/2026/08/03/256f1a35-ffbf-46b3-8f48-d48ed41335fc/IGVFFI8166YPWK.csv.gz
IGVFFI9730RRXB	processed	IGVFDS1602JMXG	C29;C38	13	spatial transcriptomics slide-level cell boundaries	csv	28412421	279080660c84e4d9a93ac7a037e19969	https://api.data.igvf.org/tabular-files/IGVFFI9730RRXB/@@download/IGVFFI9730RRXB.csv.gz	s3://igvf-public/2026/08/03/9e7abe3b-b162-4cfa-bfcf-e60b5e636633/IGVFFI9730RRXB.csv.gz
IGVFFI4753VBBW	processed	IGVFDS1602JMXG	C29;C38	13	spatial transcriptomics slide-level transcripts	csv	5777086548	1233b29747858876bd3c5f6a28920e5c	https://api.data.igvf.org/tabular-files/IGVFFI4753VBBW/@@download/IGVFFI4753VBBW.csv.gz	s3://igvf-public/2026/08/03/e3d100c5-7d63-4aba-8217-786b7dc82f47/IGVFFI4753VBBW.csv.gz
IGVFFI5259HIRW	processed	IGVFDS0554SOFJ	C29;C38	6	cell by gene matrix	h5ad	597233107	e183aeeb038efedfb49692d0942453ac	https://api.data.igvf.org/matrix-files/IGVFFI5259HIRW/@@download/IGVFFI5259HIRW.h5ad	s3://igvf-public/2026/07/22/b55b1cea-2f9c-4fc0-b534-eaccc8d57001/IGVFFI5259HIRW.h5ad
IGVFFI4973XJRA	processed	IGVFDS0554SOFJ	C29;C38	6	post-segmentation transcript and cell locations	csv	5675	3b3bb91359570e2e38911896759d5887	https://api.data.igvf.org/tabular-files/IGVFFI4973XJRA/@@download/IGVFFI4973XJRA.csv.gz	s3://igvf-public/2026/07/14/33a6d326-bcf2-4e33-ac03-9ea51f77ce20/IGVFFI4973XJRA.csv.gz
IGVFFI4289IJTC	processed	IGVFDS0554SOFJ	C29;C38	6	spatial transcriptomics cell metadata	csv	8642032	e96e271b4e3eab8a6008c0d6abd34205	https://api.data.igvf.org/tabular-files/IGVFFI4289IJTC/@@download/IGVFFI4289IJTC.csv.gz	s3://igvf-public/2026/07/14/b136257b-2914-404e-8da0-d3c59ddd0f72/IGVFFI4289IJTC.csv.gz
IGVFFI3113DNRP	processed	IGVFDS0554SOFJ	C29;C38	6	spatial transcriptomics slide-level cell boundaries	csv	25381171	bad893bc88262c03eebfd1c2a7af4865	https://api.data.igvf.org/tabular-files/IGVFFI3113DNRP/@@download/IGVFFI3113DNRP.csv.gz	s3://igvf-public/2026/08/03/1b325949-16ff-47dd-8a4e-81149d4d334e/IGVFFI3113DNRP.csv.gz
IGVFFI0963SFVG	processed	IGVFDS0554SOFJ	C29;C38	6	spatial transcriptomics slide-level transcripts	csv	10091086143	fb848e02b48bad98bb07464e03cf5b13	https://api.data.igvf.org/tabular-files/IGVFFI0963SFVG/@@download/IGVFFI0963SFVG.csv.gz	s3://igvf-public/2026/07/14/ab4fe8e3-474e-4a44-9441-4d90f5992726/IGVFFI0963SFVG.csv.gz
IGVFFI9827RSQT	processed	IGVFDS5238AJCW	C29;C38	13	cell by gene matrix	h5ad	504883850	a1a9b397f17993898789fe6f5972fc70	https://api.data.igvf.org/matrix-files/IGVFFI9827RSQT/@@download/IGVFFI9827RSQT.h5ad	s3://igvf-public/2026/07/22/501d7753-3416-4dfa-be58-f6394a8ec1a6/IGVFFI9827RSQT.h5ad
IGVFFI1911QWBU	processed	IGVFDS5238AJCW	C29;C38	13	post-segmentation transcript and cell locations	csv	5550	1274701d2e817271681e7b7f7dc2f59e	https://api.data.igvf.org/tabular-files/IGVFFI1911QWBU/@@download/IGVFFI1911QWBU.csv.gz	s3://igvf-public/2026/07/14/c873924f-5b35-4eb7-9924-2e9a5a678995/IGVFFI1911QWBU.csv.gz
IGVFFI5819UVUF	processed	IGVFDS5238AJCW	C29;C38	13	spatial transcriptomics cell metadata	csv	8550216	c812c7621743bb7cf1294a974f1aeb52	https://api.data.igvf.org/tabular-files/IGVFFI5819UVUF/@@download/IGVFFI5819UVUF.csv.gz	s3://igvf-public/2026/07/14/f7a51972-390d-481a-8fd0-1ee083a5e914/IGVFFI5819UVUF.csv.gz
IGVFFI4663EMBX	processed	IGVFDS5238AJCW	C29;C38	13	spatial transcriptomics slide-level cell boundaries	csv	26552816	188f5c7fefdb44638053a7bbb18c724b	https://api.data.igvf.org/tabular-files/IGVFFI4663EMBX/@@download/IGVFFI4663EMBX.csv.gz	s3://igvf-public/2026/08/03/798a6b2b-37c7-4f7e-8cd4-07f32cded3c3/IGVFFI4663EMBX.csv.gz
IGVFFI9945KSMK	processed	IGVFDS5238AJCW	C29;C38	13	spatial transcriptomics slide-level transcripts	csv	9644082162	9c67f70f73bc52f9b20b16d9e22e85db	https://api.data.igvf.org/tabular-files/IGVFFI9945KSMK/@@download/IGVFFI9945KSMK.csv.gz	s3://igvf-public/2026/07/14/8e54b153-27fe-45b6-9d7d-cf98b87eafe9/IGVFFI9945KSMK.csv.gz
IGVFFI8615LFUF	raw	IGVFDS0428XVMY	A8	30	raw field of view images	tar	28463221684	957683849bb604b3dec066a71cbe4dfc	https://api.data.igvf.org/image-files/IGVFFI8615LFUF/@@download/IGVFFI8615LFUF.tar.gz	s3://igvf-public/2026/07/22/302ec758-d582-4a78-bb98-f5118f385eed/IGVFFI8615LFUF.tar.gz
IGVFFI6609HMOQ	raw	IGVFDS3696RYEX	A8	30	raw field of view images	tar	28972061119	ec3f61f1fd2a2c5a113a120bedd293f4	https://api.data.igvf.org/image-files/IGVFFI6609HMOQ/@@download/IGVFFI6609HMOQ.tar.gz	s3://igvf-public/2026/07/22/57254d2f-26e7-4d8b-aaa7-14e6285659bf/IGVFFI6609HMOQ.tar.gz
IGVFFI6047WYIW	raw	IGVFDS1291OUJP	C29;C38	6	raw field of view images	tar	85574228244	24027b61efd9df0e2dd70f874f6f14b9	https://api.data.igvf.org/image-files/IGVFFI6047WYIW/@@download/IGVFFI6047WYIW.tar.gz	s3://igvf-public/2026/07/22/4ec88f0f-0d35-4d12-a2d2-a43abf4fecbf/IGVFFI6047WYIW.tar.gz
IGVFFI8788XVVM	raw	IGVFDS7077XANO	C29;C38	13	raw field of view images	tar	92990435801	3ad789ee096cf9d8c32d3d2ebe1521f2	https://api.data.igvf.org/image-files/IGVFFI8788XVVM/@@download/IGVFFI8788XVVM.tar.gz	s3://igvf-public/2026/07/22/e176211d-f512-4649-bd55-0428ff079fc6/IGVFFI8788XVVM.tar.gz
IGVFFI8365BBGV	raw	IGVFDS2615TOUW	C29;C38	6	raw field of view images	tar	112229242971	55585e5597b6462c2c8815747f1e33dd	https://api.data.igvf.org/image-files/IGVFFI8365BBGV/@@download/IGVFFI8365BBGV.tar.gz	s3://igvf-public/2026/07/22/3332a594-de5f-4844-b40e-bf0d64b90677/IGVFFI8365BBGV.tar.gz
IGVFFI3838LRPK	raw	IGVFDS3964LWWZ	C29;C38	13	raw field of view images	tar	103227530153	ee0ef445fe6e82321cba9dfe2245999e	https://api.data.igvf.org/image-files/IGVFFI3838LRPK/@@download/IGVFFI3838LRPK.tar.gz	s3://igvf-public/2026/07/22/52a16191-5e9f-4381-969c-60a381344878/IGVFFI3838LRPK.tar.gz
