file_accession	tier	file_set	donors	days	content_type	file_format	size_bytes	md5sum	download_url	s3_uri
IGVFFI0418MRCV	raw	IGVFDS3330GATY	C29	0	reads	fastq	2279172364	0dce2fd31166017b705225a5897e58e6	https://api.data.igvf.org/sequence-files/IGVFFI0418MRCV/@@download/IGVFFI0418MRCV.fastq.gz	s3://igvf-public/2024/11/18/b4840ab8-1ffc-4f3f-842d-caba294ab602/IGVFFI0418MRCV.fastq.gz
IGVFFI1239ZEWJ	raw	IGVFDS3330GATY	C29	0	reads	fastq	2371301240	3d18479e51fcd50d4c2e196e460e4727	https://api.data.igvf.org/sequence-files/IGVFFI1239ZEWJ/@@download/IGVFFI1239ZEWJ.fastq.gz	s3://igvf-public/2024/11/18/4ce37514-f4d4-469b-8866-f9f476fd7a7a/IGVFFI1239ZEWJ.fastq.gz
IGVFFI1444QOFX	raw	IGVFDS3330GATY	C29	0	reads	fastq	2335075205	3774a2745305abd98bb67502c3760941	https://api.data.igvf.org/sequence-files/IGVFFI1444QOFX/@@download/IGVFFI1444QOFX.fastq.gz	s3://igvf-public/2024/11/18/9d5d03ca-68c3-4c07-a7ce-e972fc53f724/IGVFFI1444QOFX.fastq.gz
IGVFFI1591YHHT	raw	IGVFDS3330GATY	C29	0	reads	fastq	2296841754	d69dfccb5fae18223b5c3b571940d262	https://api.data.igvf.org/sequence-files/IGVFFI1591YHHT/@@download/IGVFFI1591YHHT.fastq.gz	s3://igvf-public/2024/11/18/deb7bf3d-ed57-4628-9eef-4b883325d5ca/IGVFFI1591YHHT.fastq.gz
IGVFFI1884KFQZ	raw	IGVFDS3330GATY	C29	0	reads	fastq	2291346214	d74dd6a921c2f26f724307c702e8707b	https://api.data.igvf.org/sequence-files/IGVFFI1884KFQZ/@@download/IGVFFI1884KFQZ.fastq.gz	s3://igvf-public/2024/11/18/e5a9e97e-e294-424b-b12c-d30b5faf52d3/IGVFFI1884KFQZ.fastq.gz
IGVFFI4239PHTY	raw	IGVFDS3330GATY	C29	0	reads	fastq	2319771662	7b90993da61aba662738702a10851e85	https://api.data.igvf.org/sequence-files/IGVFFI4239PHTY/@@download/IGVFFI4239PHTY.fastq.gz	s3://igvf-public/2024/11/18/9289e92f-2292-454b-b373-1704bb0436aa/IGVFFI4239PHTY.fastq.gz
IGVFFI4864NQZH	raw	IGVFDS3330GATY	C29	0	reads	fastq	2314620491	c29bb5400d9174310310a8585195267f	https://api.data.igvf.org/sequence-files/IGVFFI4864NQZH/@@download/IGVFFI4864NQZH.fastq.gz	s3://igvf-public/2024/11/18/a6a1ae36-2f2b-489a-8d99-7ae0f98428a4/IGVFFI4864NQZH.fastq.gz
IGVFFI4891UDQF	raw	IGVFDS3330GATY	C29	0	reads	fastq	2303432580	c2499f5594a10d7146067a4fe625f8dc	https://api.data.igvf.org/sequence-files/IGVFFI4891UDQF/@@download/IGVFFI4891UDQF.fastq.gz	s3://igvf-public/2024/11/18/7ea81e5e-6f55-4c23-90ff-91f6f8247bf7/IGVFFI4891UDQF.fastq.gz
IGVFFI6550PBVX	raw	IGVFDS3330GATY	C29	0	reads	fastq	2430234853	54b62089575ef577aa4cb180e9d48a11	https://api.data.igvf.org/sequence-files/IGVFFI6550PBVX/@@download/IGVFFI6550PBVX.fastq.gz	s3://igvf-public/2024/11/18/fa734561-7d99-425d-ba13-7ccd4d45d49c/IGVFFI6550PBVX.fastq.gz
IGVFFI7000NPFQ	raw	IGVFDS3330GATY	C29	0	reads	fastq	2353674147	4f4a037dbc4e83b4e63ab43117f96b4e	https://api.data.igvf.org/sequence-files/IGVFFI7000NPFQ/@@download/IGVFFI7000NPFQ.fastq.gz	s3://igvf-public/2024/11/18/bde39ccf-e585-44a4-a0af-e92dcec3d4fd/IGVFFI7000NPFQ.fastq.gz
IGVFFI8548VDVP	raw	IGVFDS3330GATY	C29	0	reads	fastq	2356244030	4d4ec9078375bee5b719e886b37a689c	https://api.data.igvf.org/sequence-files/IGVFFI8548VDVP/@@download/IGVFFI8548VDVP.fastq.gz	s3://igvf-public/2024/11/18/b5948c2d-a761-496e-a6c8-e100e680304a/IGVFFI8548VDVP.fastq.gz
IGVFFI8888PKZQ	raw	IGVFDS3330GATY	C29	0	reads	fastq	2386020930	e83f811012fa8c497cef4b83efd18a2e	https://api.data.igvf.org/sequence-files/IGVFFI8888PKZQ/@@download/IGVFFI8888PKZQ.fastq.gz	s3://igvf-public/2024/11/18/e03e634b-7008-43d8-8af5-6a04de8c7397/IGVFFI8888PKZQ.fastq.gz
IGVFFI8979PJHF	raw	IGVFDS3330GATY	C29	0	reads	fastq	2360177159	f6549b90d8385ec7813252db36ebf1ed	https://api.data.igvf.org/sequence-files/IGVFFI8979PJHF/@@download/IGVFFI8979PJHF.fastq.gz	s3://igvf-public/2024/11/18/b3470aaf-91ae-4223-8bbd-938e8a6b1e41/IGVFFI8979PJHF.fastq.gz
IGVFFI9228JTEQ	raw	IGVFDS3330GATY	C29	0	reads	fastq	2270242699	393d25c591839e3bc4c9729bee99234c	https://api.data.igvf.org/sequence-files/IGVFFI9228JTEQ/@@download/IGVFFI9228JTEQ.fastq.gz	s3://igvf-public/2024/11/18/b9ad25bd-316f-4230-bbac-4f0697655dc3/IGVFFI9228JTEQ.fastq.gz
IGVFFI9707EXQW	raw	IGVFDS3330GATY	C29	0	reads	fastq	2377135112	e61a511768a29cfe01e13fadace51a14	https://api.data.igvf.org/sequence-files/IGVFFI9707EXQW/@@download/IGVFFI9707EXQW.fastq.gz	s3://igvf-public/2024/11/18/bcf36c47-c0a0-4d93-836f-3d81a59a7d52/IGVFFI9707EXQW.fastq.gz
IGVFFI9899HKHC	raw	IGVFDS3330GATY	C29	0	reads	fastq	2357399080	00ed8bc6ac75269aca27707a8151d304	https://api.data.igvf.org/sequence-files/IGVFFI9899HKHC/@@download/IGVFFI9899HKHC.fastq.gz	s3://igvf-public/2024/11/18/e3f96b1c-f182-4f7e-adc3-fc5e9c8a73c0/IGVFFI9899HKHC.fastq.gz
IGVFFI1000DHIL	raw	IGVFDS7289ZOYE	C29	12	reads	fastq	2903668766	733fca48c82b52c552103ae90475ffcf	https://api.data.igvf.org/sequence-files/IGVFFI1000DHIL/@@download/IGVFFI1000DHIL.fastq.gz	s3://igvf-public/2024/11/16/8bfe994f-c79e-44ef-8e79-f550cb08de5f/IGVFFI1000DHIL.fastq.gz
IGVFFI1381WIZJ	raw	IGVFDS7289ZOYE	C29	12	reads	fastq	2776170743	5a12672b1e24de9929c34d80b5c0af24	https://api.data.igvf.org/sequence-files/IGVFFI1381WIZJ/@@download/IGVFFI1381WIZJ.fastq.gz	s3://igvf-public/2024/11/16/d12e3bd7-673b-4d15-99d1-5da0ba6aa704/IGVFFI1381WIZJ.fastq.gz
IGVFFI2244UGMY	raw	IGVFDS7289ZOYE	C29	12	reads	fastq	2733855778	cbe26e9a39d8a27073e41d21e88d3734	https://api.data.igvf.org/sequence-files/IGVFFI2244UGMY/@@download/IGVFFI2244UGMY.fastq.gz	s3://igvf-public/2024/11/16/b525a1de-52aa-4da1-9ee9-310b5b7a751d/IGVFFI2244UGMY.fastq.gz
IGVFFI2790JUIP	raw	IGVFDS7289ZOYE	C29	12	reads	fastq	2806579034	0fe40c1e3d0955be470e52b0887f6268	https://api.data.igvf.org/sequence-files/IGVFFI2790JUIP/@@download/IGVFFI2790JUIP.fastq.gz	s3://igvf-public/2024/11/16/876497b1-6228-4f33-857f-b1cff5c21328/IGVFFI2790JUIP.fastq.gz
IGVFFI3540GJSH	raw	IGVFDS7289ZOYE	C29	12	reads	fastq	2926447634	c05a74ed5581cf155c353af67461d5a8	https://api.data.igvf.org/sequence-files/IGVFFI3540GJSH/@@download/IGVFFI3540GJSH.fastq.gz	s3://igvf-public/2024/11/16/500f3167-76b6-4334-bcde-fbb635134126/IGVFFI3540GJSH.fastq.gz
IGVFFI3845WOAH	raw	IGVFDS7289ZOYE	C29	12	reads	fastq	2855961617	754e46c92735030d3dcdf1ae6f2ec91f	https://api.data.igvf.org/sequence-files/IGVFFI3845WOAH/@@download/IGVFFI3845WOAH.fastq.gz	s3://igvf-public/2024/11/16/1d2e7ca0-30d9-40b2-bc12-d6c641c25688/IGVFFI3845WOAH.fastq.gz
IGVFFI4489UPSY	raw	IGVFDS7289ZOYE	C29	12	reads	fastq	2802358227	e74a2a1b3568e6b50d74eb38fa1f2f92	https://api.data.igvf.org/sequence-files/IGVFFI4489UPSY/@@download/IGVFFI4489UPSY.fastq.gz	s3://igvf-public/2024/11/16/41f8302f-c683-48d1-8773-8b068a88e8b7/IGVFFI4489UPSY.fastq.gz
IGVFFI5639ZYDB	raw	IGVFDS7289ZOYE	C29	12	reads	fastq	2693396242	024e91e7768e225f763d7cb856c9fe95	https://api.data.igvf.org/sequence-files/IGVFFI5639ZYDB/@@download/IGVFFI5639ZYDB.fastq.gz	s3://igvf-public/2024/11/16/f6b9311a-b842-45f5-8710-677c4c421534/IGVFFI5639ZYDB.fastq.gz
IGVFFI6504RTQF	raw	IGVFDS7289ZOYE	C29	12	reads	fastq	2868518459	5664ecbe34e8e08e71f8ea8c4cd2e960	https://api.data.igvf.org/sequence-files/IGVFFI6504RTQF/@@download/IGVFFI6504RTQF.fastq.gz	s3://igvf-public/2024/11/16/2455e18f-a618-4f22-854b-8610d7a64bbf/IGVFFI6504RTQF.fastq.gz
IGVFFI6835QCMX	raw	IGVFDS7289ZOYE	C29	12	reads	fastq	2858232426	257be0f3ca70c9246d3523c1ef5b778e	https://api.data.igvf.org/sequence-files/IGVFFI6835QCMX/@@download/IGVFFI6835QCMX.fastq.gz	s3://igvf-public/2024/11/16/cc19c054-5be6-4e11-894f-44534041bccf/IGVFFI6835QCMX.fastq.gz
IGVFFI7095FJRU	raw	IGVFDS7289ZOYE	C29	12	reads	fastq	2834928401	9ab8a445b655f45bd411f87850ef635a	https://api.data.igvf.org/sequence-files/IGVFFI7095FJRU/@@download/IGVFFI7095FJRU.fastq.gz	s3://igvf-public/2024/11/16/e0158a13-d14c-455d-bab1-61b896d1fdd9/IGVFFI7095FJRU.fastq.gz
IGVFFI7277DXGO	raw	IGVFDS7289ZOYE	C29	12	reads	fastq	2796018311	1f7ff759895872d00d050b006dd92e79	https://api.data.igvf.org/sequence-files/IGVFFI7277DXGO/@@download/IGVFFI7277DXGO.fastq.gz	s3://igvf-public/2024/11/16/6ef0b4c8-5beb-448a-ba97-5a3a3d2ea97f/IGVFFI7277DXGO.fastq.gz
IGVFFI7748KFHE	raw	IGVFDS7289ZOYE	C29	12	reads	fastq	2733085755	43791029ca4a79ddacdab993133652c9	https://api.data.igvf.org/sequence-files/IGVFFI7748KFHE/@@download/IGVFFI7748KFHE.fastq.gz	s3://igvf-public/2024/11/16/eebb6f35-11e5-4155-8887-cf65b47884b5/IGVFFI7748KFHE.fastq.gz
IGVFFI8703ZLUH	raw	IGVFDS7289ZOYE	C29	12	reads	fastq	2863439181	6009010f460d3b39f8eefcb323defb17	https://api.data.igvf.org/sequence-files/IGVFFI8703ZLUH/@@download/IGVFFI8703ZLUH.fastq.gz	s3://igvf-public/2024/11/16/0ce0fba7-5564-4f72-8015-0e14563086ef/IGVFFI8703ZLUH.fastq.gz
IGVFFI9186MCOG	raw	IGVFDS7289ZOYE	C29	12	reads	fastq	2919426172	905dae1316906d7f2e0893d989bdee64	https://api.data.igvf.org/sequence-files/IGVFFI9186MCOG/@@download/IGVFFI9186MCOG.fastq.gz	s3://igvf-public/2024/11/16/1b42cc7f-651f-4d1b-b08d-2893cb6af340/IGVFFI9186MCOG.fastq.gz
IGVFFI9698OXVX	raw	IGVFDS7289ZOYE	C29	12	reads	fastq	2857525548	d03b7bc043dceb4872eb9c8c74ef07eb	https://api.data.igvf.org/sequence-files/IGVFFI9698OXVX/@@download/IGVFFI9698OXVX.fastq.gz	s3://igvf-public/2024/11/16/0c0e3fb6-603a-4e2a-b6bc-ac2030f96387/IGVFFI9698OXVX.fastq.gz
IGVFFI0022EWKG	raw	IGVFDS6752GRBU	C29	14	reads	fastq	3018781797	7c20642441b2933629f971830074ca40	https://api.data.igvf.org/sequence-files/IGVFFI0022EWKG/@@download/IGVFFI0022EWKG.fastq.gz	s3://igvf-public/2024/11/18/11b2a8d5-7257-41bd-a47c-85dbcbb03fa9/IGVFFI0022EWKG.fastq.gz
IGVFFI0480ECYI	raw	IGVFDS6752GRBU	C29	14	reads	fastq	2926344706	bb5176d275868656ef778b9c909e1594	https://api.data.igvf.org/sequence-files/IGVFFI0480ECYI/@@download/IGVFFI0480ECYI.fastq.gz	s3://igvf-public/2024/11/18/2b45e734-c702-43f9-8d71-a44d309946a7/IGVFFI0480ECYI.fastq.gz
IGVFFI0636KXMB	raw	IGVFDS6752GRBU	C29	14	reads	fastq	3000602980	90d122c159313749f20c88fcd67eaab0	https://api.data.igvf.org/sequence-files/IGVFFI0636KXMB/@@download/IGVFFI0636KXMB.fastq.gz	s3://igvf-public/2024/11/18/72c543c8-d882-4214-bd56-402d753c5cab/IGVFFI0636KXMB.fastq.gz
IGVFFI1143IKQN	raw	IGVFDS6752GRBU	C29	14	reads	fastq	2947885148	a8288aa4177af1155fcbec6c5226956d	https://api.data.igvf.org/sequence-files/IGVFFI1143IKQN/@@download/IGVFFI1143IKQN.fastq.gz	s3://igvf-public/2024/11/18/158df68d-dbda-490a-ae40-9824b8e17a7a/IGVFFI1143IKQN.fastq.gz
IGVFFI1623XDWA	raw	IGVFDS6752GRBU	C29	14	reads	fastq	2900937740	912a512ac9c3515fb1ecb0364c2e3a61	https://api.data.igvf.org/sequence-files/IGVFFI1623XDWA/@@download/IGVFFI1623XDWA.fastq.gz	s3://igvf-public/2024/11/18/d66fcd74-d056-493c-8fbd-0de792c7d512/IGVFFI1623XDWA.fastq.gz
IGVFFI1740AOSA	raw	IGVFDS6752GRBU	C29	14	reads	fastq	3030263711	bef523ce10dfed46aa95c8e98bebcae7	https://api.data.igvf.org/sequence-files/IGVFFI1740AOSA/@@download/IGVFFI1740AOSA.fastq.gz	s3://igvf-public/2024/11/18/ad544ce1-c3ed-40c6-b80e-652ffc0afb7a/IGVFFI1740AOSA.fastq.gz
IGVFFI1857XXHT	raw	IGVFDS6752GRBU	C29	14	reads	fastq	3033132019	00b25df00fc2df6582f4255ee5d70b7f	https://api.data.igvf.org/sequence-files/IGVFFI1857XXHT/@@download/IGVFFI1857XXHT.fastq.gz	s3://igvf-public/2024/11/18/f9f2c77e-f9d9-4ef9-8e25-7a50a4dfad22/IGVFFI1857XXHT.fastq.gz
IGVFFI2018JGTW	raw	IGVFDS6752GRBU	C29	14	reads	fastq	2938238185	0e7e6fbaa12efb31458821294cde9084	https://api.data.igvf.org/sequence-files/IGVFFI2018JGTW/@@download/IGVFFI2018JGTW.fastq.gz	s3://igvf-public/2024/11/18/6de6869f-854a-41bd-8965-a6002ba433c5/IGVFFI2018JGTW.fastq.gz
IGVFFI2181IXQY	raw	IGVFDS6752GRBU	C29	14	reads	fastq	2949793148	dd23a4a4b55c2d0093e5bd0194201ff9	https://api.data.igvf.org/sequence-files/IGVFFI2181IXQY/@@download/IGVFFI2181IXQY.fastq.gz	s3://igvf-public/2024/11/18/437d21e1-8ab4-4b32-bf0c-3a8deee741b5/IGVFFI2181IXQY.fastq.gz
IGVFFI3138ZEAC	raw	IGVFDS6752GRBU	C29	14	reads	fastq	3058823241	d87d7ca437a5e302d291b1aef9e038fc	https://api.data.igvf.org/sequence-files/IGVFFI3138ZEAC/@@download/IGVFFI3138ZEAC.fastq.gz	s3://igvf-public/2024/11/18/78898939-f5c2-454a-bc02-2d24594e2fd5/IGVFFI3138ZEAC.fastq.gz
IGVFFI4442GPWG	raw	IGVFDS6752GRBU	C29	14	reads	fastq	3022354626	b9c6e409171d0a53f3738f4c41f8bd92	https://api.data.igvf.org/sequence-files/IGVFFI4442GPWG/@@download/IGVFFI4442GPWG.fastq.gz	s3://igvf-public/2024/11/18/8f76e722-b86a-4d07-bd6b-b21bbd9869c8/IGVFFI4442GPWG.fastq.gz
IGVFFI6052AQGS	raw	IGVFDS6752GRBU	C29	14	reads	fastq	2895219847	fc97e2dd898e3b9c4b4f9ac2c2205354	https://api.data.igvf.org/sequence-files/IGVFFI6052AQGS/@@download/IGVFFI6052AQGS.fastq.gz	s3://igvf-public/2024/11/18/43969359-2713-4585-b4fc-d38b0f802257/IGVFFI6052AQGS.fastq.gz
IGVFFI6294BSJB	raw	IGVFDS6752GRBU	C29	14	reads	fastq	2921954179	2811d2c867b5f2556702dfc0ca4b8cbd	https://api.data.igvf.org/sequence-files/IGVFFI6294BSJB/@@download/IGVFFI6294BSJB.fastq.gz	s3://igvf-public/2024/11/18/a42297cf-6cfb-4077-9eab-7bde37f019ed/IGVFFI6294BSJB.fastq.gz
IGVFFI7478UJQQ	raw	IGVFDS6752GRBU	C29	14	reads	fastq	2967278765	738d7c12c64496c915ad87f8974e573a	https://api.data.igvf.org/sequence-files/IGVFFI7478UJQQ/@@download/IGVFFI7478UJQQ.fastq.gz	s3://igvf-public/2024/11/18/19117d86-5c92-4e2a-8fe2-0848a4d46a30/IGVFFI7478UJQQ.fastq.gz
IGVFFI9486TZOR	raw	IGVFDS6752GRBU	C29	14	reads	fastq	2935633637	90a0a609abf934c45d7b4bb72e87b9f2	https://api.data.igvf.org/sequence-files/IGVFFI9486TZOR/@@download/IGVFFI9486TZOR.fastq.gz	s3://igvf-public/2024/11/18/5b44017d-191e-4cb3-848c-2305e8c7eacf/IGVFFI9486TZOR.fastq.gz
IGVFFI9697ABWX	raw	IGVFDS6752GRBU	C29	14	reads	fastq	2971780790	157d7c4c7edbc74436f159f418da837d	https://api.data.igvf.org/sequence-files/IGVFFI9697ABWX/@@download/IGVFFI9697ABWX.fastq.gz	s3://igvf-public/2024/11/18/72b22356-f01b-4d54-96b8-faa5f9c4ec1e/IGVFFI9697ABWX.fastq.gz
IGVFFI0121ADAO	raw	IGVFDS9131TLJM	C29	16	reads	fastq	2908250692	4885b45264a96b3ba8590d570359b34f	https://api.data.igvf.org/sequence-files/IGVFFI0121ADAO/@@download/IGVFFI0121ADAO.fastq.gz	s3://igvf-public/2024/11/16/a98debb9-90d6-45b5-ba25-3937b5db591a/IGVFFI0121ADAO.fastq.gz
IGVFFI0574OWGQ	raw	IGVFDS9131TLJM	C29	16	reads	fastq	2922998979	9ccf32be2e313ceb250770f1b9ac2c3c	https://api.data.igvf.org/sequence-files/IGVFFI0574OWGQ/@@download/IGVFFI0574OWGQ.fastq.gz	s3://igvf-public/2024/11/16/01c5152c-42e4-46d5-a74f-ae01710dd235/IGVFFI0574OWGQ.fastq.gz
IGVFFI1853HSMD	raw	IGVFDS9131TLJM	C29	16	reads	fastq	2822373745	5e56c1fe06ea38d39553f311f235dd9a	https://api.data.igvf.org/sequence-files/IGVFFI1853HSMD/@@download/IGVFFI1853HSMD.fastq.gz	s3://igvf-public/2024/11/16/cb3f4136-0d1c-4311-8f97-d4d0a66a7ec3/IGVFFI1853HSMD.fastq.gz
IGVFFI2145XVYA	raw	IGVFDS9131TLJM	C29	16	reads	fastq	2936070102	7916531b7fce24defbc89299b392d866	https://api.data.igvf.org/sequence-files/IGVFFI2145XVYA/@@download/IGVFFI2145XVYA.fastq.gz	s3://igvf-public/2024/11/16/8aa43a16-d3ac-4edc-b552-6e3af2529c99/IGVFFI2145XVYA.fastq.gz
IGVFFI2308ICAY	raw	IGVFDS9131TLJM	C29	16	reads	fastq	2937383636	61a4250febf08db059be44a8cc8bcad7	https://api.data.igvf.org/sequence-files/IGVFFI2308ICAY/@@download/IGVFFI2308ICAY.fastq.gz	s3://igvf-public/2024/11/16/d09791a8-2795-42df-baff-bed8ead2f850/IGVFFI2308ICAY.fastq.gz
IGVFFI2883GWAE	raw	IGVFDS9131TLJM	C29	16	reads	fastq	2876270308	c2fbdab3432a5e5eee038ec84da6380b	https://api.data.igvf.org/sequence-files/IGVFFI2883GWAE/@@download/IGVFFI2883GWAE.fastq.gz	s3://igvf-public/2024/11/16/1d43cb46-1286-4422-a364-5788fcc20232/IGVFFI2883GWAE.fastq.gz
IGVFFI2906IZMA	raw	IGVFDS9131TLJM	C29	16	reads	fastq	2886420314	23766ba9f752a951f2058382ca187ed0	https://api.data.igvf.org/sequence-files/IGVFFI2906IZMA/@@download/IGVFFI2906IZMA.fastq.gz	s3://igvf-public/2024/11/16/ba2cf3e6-cfad-4635-ad3e-d2b547c04795/IGVFFI2906IZMA.fastq.gz
IGVFFI3386WNUY	raw	IGVFDS9131TLJM	C29	16	reads	fastq	2870221199	327f088fc7a68749b1ec679e36c213b2	https://api.data.igvf.org/sequence-files/IGVFFI3386WNUY/@@download/IGVFFI3386WNUY.fastq.gz	s3://igvf-public/2024/11/16/1f03485b-1480-4135-8de2-e291085d7963/IGVFFI3386WNUY.fastq.gz
IGVFFI3765NKCZ	raw	IGVFDS9131TLJM	C29	16	reads	fastq	2854932777	f51bb9b6e8dddfde32810322f67dc79f	https://api.data.igvf.org/sequence-files/IGVFFI3765NKCZ/@@download/IGVFFI3765NKCZ.fastq.gz	s3://igvf-public/2024/11/16/6536ecad-a882-4dab-a2b5-7abaa6f55b23/IGVFFI3765NKCZ.fastq.gz
IGVFFI4622ZWOT	raw	IGVFDS9131TLJM	C29	16	reads	fastq	2967395883	e459b30a37949a7f73139f37899c783c	https://api.data.igvf.org/sequence-files/IGVFFI4622ZWOT/@@download/IGVFFI4622ZWOT.fastq.gz	s3://igvf-public/2024/11/16/fb07b04a-e353-4c1e-b331-26e204365b64/IGVFFI4622ZWOT.fastq.gz
IGVFFI5438FMTK	raw	IGVFDS9131TLJM	C29	16	reads	fastq	2897617013	1e26bf10b5072de7cf033109419c5249	https://api.data.igvf.org/sequence-files/IGVFFI5438FMTK/@@download/IGVFFI5438FMTK.fastq.gz	s3://igvf-public/2024/11/16/4c0fe68a-954c-4bf6-8eff-7ed0c7ee949c/IGVFFI5438FMTK.fastq.gz
IGVFFI5984WPOK	raw	IGVFDS9131TLJM	C29	16	reads	fastq	2739075758	2c0e1d6e93241a3f061a22e1ebbe7220	https://api.data.igvf.org/sequence-files/IGVFFI5984WPOK/@@download/IGVFFI5984WPOK.fastq.gz	s3://igvf-public/2024/11/16/c2e2773c-9355-4467-9547-32c09b6f8d05/IGVFFI5984WPOK.fastq.gz
IGVFFI6051UOKG	raw	IGVFDS9131TLJM	C29	16	reads	fastq	2781120037	5ccb4991b36ac8abffc03f0742ba9790	https://api.data.igvf.org/sequence-files/IGVFFI6051UOKG/@@download/IGVFFI6051UOKG.fastq.gz	s3://igvf-public/2024/11/16/318b0009-8ee7-4574-8172-09b44e33c95c/IGVFFI6051UOKG.fastq.gz
IGVFFI6106FCKT	raw	IGVFDS9131TLJM	C29	16	reads	fastq	2936670728	ee43352b408f6583cdc05c348e2f56da	https://api.data.igvf.org/sequence-files/IGVFFI6106FCKT/@@download/IGVFFI6106FCKT.fastq.gz	s3://igvf-public/2024/11/16/e6015364-2aa6-4117-a756-92b5cfe7bcb2/IGVFFI6106FCKT.fastq.gz
IGVFFI9177KBRA	raw	IGVFDS9131TLJM	C29	16	reads	fastq	2780642245	6c947ed94f2f8e06a4debca1f8fa1595	https://api.data.igvf.org/sequence-files/IGVFFI9177KBRA/@@download/IGVFFI9177KBRA.fastq.gz	s3://igvf-public/2024/11/16/94d41e52-7499-4ffd-873a-e328932b6a4f/IGVFFI9177KBRA.fastq.gz
IGVFFI9754SOQX	raw	IGVFDS9131TLJM	C29	16	reads	fastq	2841316506	49727c478e8fc66caea96e8f08c4b4be	https://api.data.igvf.org/sequence-files/IGVFFI9754SOQX/@@download/IGVFFI9754SOQX.fastq.gz	s3://igvf-public/2024/11/16/a611c86d-2cfb-4fd2-819a-0f645bbab91a/IGVFFI9754SOQX.fastq.gz
IGVFFI1356YEAX	raw	IGVFDS7377KJJR	C29	18	reads	fastq	2425036024	510b91e50ef874a394bab736e579a6f5	https://api.data.igvf.org/sequence-files/IGVFFI1356YEAX/@@download/IGVFFI1356YEAX.fastq.gz	s3://igvf-public/2024/11/18/895a9463-c253-400b-9c0d-df837d1aca95/IGVFFI1356YEAX.fastq.gz
IGVFFI1748PXEG	raw	IGVFDS7377KJJR	C29	18	reads	fastq	2416019421	d9a10b7d209731e7876e862011e7079e	https://api.data.igvf.org/sequence-files/IGVFFI1748PXEG/@@download/IGVFFI1748PXEG.fastq.gz	s3://igvf-public/2024/11/18/33cde0c1-6710-45f7-8ab5-7b4e932a4998/IGVFFI1748PXEG.fastq.gz
IGVFFI1867FAQY	raw	IGVFDS7377KJJR	C29	18	reads	fastq	2524557688	ea173004dcbc90193452a517caf39781	https://api.data.igvf.org/sequence-files/IGVFFI1867FAQY/@@download/IGVFFI1867FAQY.fastq.gz	s3://igvf-public/2024/11/18/fbd2803d-a658-4b10-b02f-adcc56980423/IGVFFI1867FAQY.fastq.gz
IGVFFI2320PDGL	raw	IGVFDS7377KJJR	C29	18	reads	fastq	2521550115	1b3f04823e8d5c7ee83988c0080258f6	https://api.data.igvf.org/sequence-files/IGVFFI2320PDGL/@@download/IGVFFI2320PDGL.fastq.gz	s3://igvf-public/2024/11/18/ee2cb986-0be9-49dd-88e2-4b6e55e8e665/IGVFFI2320PDGL.fastq.gz
IGVFFI2744IEKV	raw	IGVFDS7377KJJR	C29	18	reads	fastq	2540734904	61a8ab7971b7cab39008e114823dfbdc	https://api.data.igvf.org/sequence-files/IGVFFI2744IEKV/@@download/IGVFFI2744IEKV.fastq.gz	s3://igvf-public/2024/11/18/aa555d25-20b6-4261-a9c8-4539ad708421/IGVFFI2744IEKV.fastq.gz
IGVFFI3036XZRW	raw	IGVFDS7377KJJR	C29	18	reads	fastq	2448130525	26988138a3efe23eee9633cb2b54c060	https://api.data.igvf.org/sequence-files/IGVFFI3036XZRW/@@download/IGVFFI3036XZRW.fastq.gz	s3://igvf-public/2024/11/18/f8da2481-6854-4531-91c7-f3d6fbc77005/IGVFFI3036XZRW.fastq.gz
IGVFFI4302TZPT	raw	IGVFDS7377KJJR	C29	18	reads	fastq	2487292369	579c20320b0abd46531764d8b5d427c1	https://api.data.igvf.org/sequence-files/IGVFFI4302TZPT/@@download/IGVFFI4302TZPT.fastq.gz	s3://igvf-public/2024/11/18/1ad6c284-7bd9-40c0-9888-9305e5e47de6/IGVFFI4302TZPT.fastq.gz
IGVFFI6041VAMH	raw	IGVFDS7377KJJR	C29	18	reads	fastq	2480269769	80592d4aa72b74859e9b0e3aa8a3a8d0	https://api.data.igvf.org/sequence-files/IGVFFI6041VAMH/@@download/IGVFFI6041VAMH.fastq.gz	s3://igvf-public/2024/11/18/d64d3f10-a872-434b-9a14-473e98f8aebc/IGVFFI6041VAMH.fastq.gz
IGVFFI6508NCXG	raw	IGVFDS7377KJJR	C29	18	reads	fastq	2397792498	c06e1b7d959aa9b023f4378c21ee17f2	https://api.data.igvf.org/sequence-files/IGVFFI6508NCXG/@@download/IGVFFI6508NCXG.fastq.gz	s3://igvf-public/2024/11/18/82d724f3-7684-4a0c-ba2a-97bd7e09332f/IGVFFI6508NCXG.fastq.gz
IGVFFI6726KXLI	raw	IGVFDS7377KJJR	C29	18	reads	fastq	2474804582	0837402e2798185ba4962b212c4580cc	https://api.data.igvf.org/sequence-files/IGVFFI6726KXLI/@@download/IGVFFI6726KXLI.fastq.gz	s3://igvf-public/2024/11/18/8d794e70-a13f-4093-8cc0-4051842d32fe/IGVFFI6726KXLI.fastq.gz
IGVFFI7085BTHA	raw	IGVFDS7377KJJR	C29	18	reads	fastq	2510442052	21a6ef5395763aa6c9ce716fbe982b32	https://api.data.igvf.org/sequence-files/IGVFFI7085BTHA/@@download/IGVFFI7085BTHA.fastq.gz	s3://igvf-public/2024/11/18/cb37594b-aa61-4313-bd35-0920aed57746/IGVFFI7085BTHA.fastq.gz
IGVFFI7661LVVM	raw	IGVFDS7377KJJR	C29	18	reads	fastq	2406724142	d9d2384f4466afb926eb5698de84bf03	https://api.data.igvf.org/sequence-files/IGVFFI7661LVVM/@@download/IGVFFI7661LVVM.fastq.gz	s3://igvf-public/2024/11/18/59b66881-4468-4a35-813c-3f24e0454ddd/IGVFFI7661LVVM.fastq.gz
IGVFFI8102CRMC	raw	IGVFDS7377KJJR	C29	18	reads	fastq	2518637954	05cd86507ed4e742edef369a4a1373ba	https://api.data.igvf.org/sequence-files/IGVFFI8102CRMC/@@download/IGVFFI8102CRMC.fastq.gz	s3://igvf-public/2024/11/18/7017025e-6a75-4287-8d80-fac04ff175b5/IGVFFI8102CRMC.fastq.gz
IGVFFI9012IGWH	raw	IGVFDS7377KJJR	C29	18	reads	fastq	2403468848	1e07960789e1178c1e9d4cd60b3217b2	https://api.data.igvf.org/sequence-files/IGVFFI9012IGWH/@@download/IGVFFI9012IGWH.fastq.gz	s3://igvf-public/2024/11/18/1e2df01f-7f3d-493e-8217-165a7d70702d/IGVFFI9012IGWH.fastq.gz
IGVFFI9326XMUF	raw	IGVFDS7377KJJR	C29	18	reads	fastq	2423262684	6539a6ddbe4dae9f295c8352f99bd704	https://api.data.igvf.org/sequence-files/IGVFFI9326XMUF/@@download/IGVFFI9326XMUF.fastq.gz	s3://igvf-public/2024/11/18/18b55659-13f7-4e31-9819-96a2b5204a62/IGVFFI9326XMUF.fastq.gz
IGVFFI9519VMHD	raw	IGVFDS7377KJJR	C29	18	reads	fastq	2437531101	e0ed9a670957d6f3170c45774dc100b3	https://api.data.igvf.org/sequence-files/IGVFFI9519VMHD/@@download/IGVFFI9519VMHD.fastq.gz	s3://igvf-public/2024/11/18/3523189f-ba3f-4c90-b52b-7a9a493a95a2/IGVFFI9519VMHD.fastq.gz
IGVFFI0326VDZG	raw	IGVFDS0357HJRR	C29	1	reads	fastq	3031292903	dba6e002e990bda2562e99eadc169c4d	https://api.data.igvf.org/sequence-files/IGVFFI0326VDZG/@@download/IGVFFI0326VDZG.fastq.gz	s3://igvf-public/2024/11/16/3c932f06-e48a-4a4e-bc3c-f84fdf6744fd/IGVFFI0326VDZG.fastq.gz
IGVFFI0873KWKS	raw	IGVFDS0357HJRR	C29	1	reads	fastq	3067258485	594507b969584096156dbdecd8036ac0	https://api.data.igvf.org/sequence-files/IGVFFI0873KWKS/@@download/IGVFFI0873KWKS.fastq.gz	s3://igvf-public/2024/11/16/2c1a59f1-0a37-4365-bcc4-e998c4c9a8b6/IGVFFI0873KWKS.fastq.gz
IGVFFI0883GHMI	raw	IGVFDS0357HJRR	C29	1	reads	fastq	3010945251	bddd25819621ffa97afefa0e25d838a2	https://api.data.igvf.org/sequence-files/IGVFFI0883GHMI/@@download/IGVFFI0883GHMI.fastq.gz	s3://igvf-public/2024/11/16/53965fb0-2515-4b18-b3a8-c184f3397e84/IGVFFI0883GHMI.fastq.gz
IGVFFI0938ZXEM	raw	IGVFDS0357HJRR	C29	1	reads	fastq	2965367543	deb8c6aa70e2e66b98a0c67ec25c2395	https://api.data.igvf.org/sequence-files/IGVFFI0938ZXEM/@@download/IGVFFI0938ZXEM.fastq.gz	s3://igvf-public/2024/11/16/b62a0f96-f06d-42cf-8db2-1773719de8c4/IGVFFI0938ZXEM.fastq.gz
IGVFFI2714ZSEW	raw	IGVFDS0357HJRR	C29	1	reads	fastq	2971591824	2a6a9574199df78af6c99c8912a84da6	https://api.data.igvf.org/sequence-files/IGVFFI2714ZSEW/@@download/IGVFFI2714ZSEW.fastq.gz	s3://igvf-public/2024/11/16/08ebb88f-b450-4ad1-a8ea-203d724c5957/IGVFFI2714ZSEW.fastq.gz
IGVFFI2791WXMP	raw	IGVFDS0357HJRR	C29	1	reads	fastq	2836602196	95b81029a1f257278df768d0c6fccfd4	https://api.data.igvf.org/sequence-files/IGVFFI2791WXMP/@@download/IGVFFI2791WXMP.fastq.gz	s3://igvf-public/2024/11/16/cdf6f557-5da4-4d88-92d5-5a8c90ef4fe4/IGVFFI2791WXMP.fastq.gz
IGVFFI4250XLUW	raw	IGVFDS0357HJRR	C29	1	reads	fastq	3012978427	bef2979f3d0001afad1b9a730a0c0e26	https://api.data.igvf.org/sequence-files/IGVFFI4250XLUW/@@download/IGVFFI4250XLUW.fastq.gz	s3://igvf-public/2024/11/16/41ae3454-fed2-442d-8feb-95068bea247e/IGVFFI4250XLUW.fastq.gz
IGVFFI4737PNVI	raw	IGVFDS0357HJRR	C29	1	reads	fastq	2935395870	8665e536d91b15d55ac5cbffe5082b32	https://api.data.igvf.org/sequence-files/IGVFFI4737PNVI/@@download/IGVFFI4737PNVI.fastq.gz	s3://igvf-public/2024/11/16/e3243d95-0216-44f6-a353-49c6e88e61d0/IGVFFI4737PNVI.fastq.gz
IGVFFI4783DNSQ	raw	IGVFDS0357HJRR	C29	1	reads	fastq	3093656375	1e9a3df971ebf93b31e270d4e740ddac	https://api.data.igvf.org/sequence-files/IGVFFI4783DNSQ/@@download/IGVFFI4783DNSQ.fastq.gz	s3://igvf-public/2024/11/16/b036fe7e-5d18-424c-97b7-5b82806ade51/IGVFFI4783DNSQ.fastq.gz
IGVFFI5021VIRD	raw	IGVFDS0357HJRR	C29	1	reads	fastq	3014630284	d60f09c59f851f89a83de1704a99a73e	https://api.data.igvf.org/sequence-files/IGVFFI5021VIRD/@@download/IGVFFI5021VIRD.fastq.gz	s3://igvf-public/2024/11/16/a91cda18-2cca-49a4-b543-61da1e4cb353/IGVFFI5021VIRD.fastq.gz
IGVFFI6395KUSC	raw	IGVFDS0357HJRR	C29	1	reads	fastq	2889101490	5411bf472daf62f70d7c9bafbbe199fd	https://api.data.igvf.org/sequence-files/IGVFFI6395KUSC/@@download/IGVFFI6395KUSC.fastq.gz	s3://igvf-public/2024/11/16/c27f1809-9c8b-455c-ae6d-7a8eeebfc215/IGVFFI6395KUSC.fastq.gz
IGVFFI6614ZYXE	raw	IGVFDS0357HJRR	C29	1	reads	fastq	2938130951	ef787bac1c2c47fb5a187957cbc19d5b	https://api.data.igvf.org/sequence-files/IGVFFI6614ZYXE/@@download/IGVFFI6614ZYXE.fastq.gz	s3://igvf-public/2024/11/16/34387fcf-894d-42ed-9496-1a594271fa96/IGVFFI6614ZYXE.fastq.gz
IGVFFI6691DRMG	raw	IGVFDS0357HJRR	C29	1	reads	fastq	2996641980	2f0405beea11945f1076845dac22ee17	https://api.data.igvf.org/sequence-files/IGVFFI6691DRMG/@@download/IGVFFI6691DRMG.fastq.gz	s3://igvf-public/2024/11/16/d2527260-f67d-461d-a1a0-abc63a0e0a65/IGVFFI6691DRMG.fastq.gz
IGVFFI7507TUPR	raw	IGVFDS0357HJRR	C29	1	reads	fastq	2883869348	4e88572b4cbc09180883379a6aaa8812	https://api.data.igvf.org/sequence-files/IGVFFI7507TUPR/@@download/IGVFFI7507TUPR.fastq.gz	s3://igvf-public/2024/11/16/955b3570-0430-4b9c-99eb-8a9462df2492/IGVFFI7507TUPR.fastq.gz
IGVFFI8029EWKQ	raw	IGVFDS0357HJRR	C29	1	reads	fastq	2939533184	139d61590248dd709769a0e8910f30f5	https://api.data.igvf.org/sequence-files/IGVFFI8029EWKQ/@@download/IGVFFI8029EWKQ.fastq.gz	s3://igvf-public/2024/11/16/35cad895-8c60-40ab-8271-a972597a0848/IGVFFI8029EWKQ.fastq.gz
IGVFFI9995KGQO	raw	IGVFDS0357HJRR	C29	1	reads	fastq	3043154245	235d8ff39e57c1f842df7dcea00bc4f5	https://api.data.igvf.org/sequence-files/IGVFFI9995KGQO/@@download/IGVFFI9995KGQO.fastq.gz	s3://igvf-public/2024/11/16/7f6646c1-e4a7-4bef-b5d3-3c2c04b45a12/IGVFFI9995KGQO.fastq.gz
IGVFFI0056UHML	raw	IGVFDS0964QENG	C29	3	reads	fastq	3133701974	8ee8348eca714c96372598d422c840eb	https://api.data.igvf.org/sequence-files/IGVFFI0056UHML/@@download/IGVFFI0056UHML.fastq.gz	s3://igvf-public/2024/11/15/a6aecb80-c418-47f0-ae29-545c0fb24a1c/IGVFFI0056UHML.fastq.gz
IGVFFI1364PJXG	raw	IGVFDS0964QENG	C29	3	reads	fastq	3217090688	2b5af242087c1ea2a9bde5e6ae85bbcb	https://api.data.igvf.org/sequence-files/IGVFFI1364PJXG/@@download/IGVFFI1364PJXG.fastq.gz	s3://igvf-public/2024/11/15/57e351d4-5e12-4a9e-b0c3-e449b3a38be1/IGVFFI1364PJXG.fastq.gz
IGVFFI1745PLEH	raw	IGVFDS0964QENG	C29	3	reads	fastq	3138613350	d22ecc3e58fe20ef6ac8b1db764849fa	https://api.data.igvf.org/sequence-files/IGVFFI1745PLEH/@@download/IGVFFI1745PLEH.fastq.gz	s3://igvf-public/2024/11/15/602b55f8-7645-4c74-9282-f620fae0affe/IGVFFI1745PLEH.fastq.gz
IGVFFI1958WWVV	raw	IGVFDS0964QENG	C29	3	reads	fastq	3172912736	7f8aaf5a52f943487f3f2a627ce2495a	https://api.data.igvf.org/sequence-files/IGVFFI1958WWVV/@@download/IGVFFI1958WWVV.fastq.gz	s3://igvf-public/2024/11/15/5fad209c-c06c-48c4-a6ca-9afa09a19346/IGVFFI1958WWVV.fastq.gz
IGVFFI2787UFJA	raw	IGVFDS0964QENG	C29	3	reads	fastq	3109247135	8448f1a0a804008176784af8af6b8eda	https://api.data.igvf.org/sequence-files/IGVFFI2787UFJA/@@download/IGVFFI2787UFJA.fastq.gz	s3://igvf-public/2024/11/15/29c196c3-a4ee-4dd0-9869-e9347883af3f/IGVFFI2787UFJA.fastq.gz
IGVFFI4124AWUX	raw	IGVFDS0964QENG	C29	3	reads	fastq	3179289342	06151c3f45cd88302c75ca95b1ffc226	https://api.data.igvf.org/sequence-files/IGVFFI4124AWUX/@@download/IGVFFI4124AWUX.fastq.gz	s3://igvf-public/2024/11/15/11343603-aa27-424d-91b2-4b8b77ad8cef/IGVFFI4124AWUX.fastq.gz
IGVFFI4408LTTU	raw	IGVFDS0964QENG	C29	3	reads	fastq	3101529650	cb54d92e878448d5d083eb5720ffff12	https://api.data.igvf.org/sequence-files/IGVFFI4408LTTU/@@download/IGVFFI4408LTTU.fastq.gz	s3://igvf-public/2024/11/15/3d1002b2-b35b-4334-8863-3111b0da5d0e/IGVFFI4408LTTU.fastq.gz
IGVFFI5295FJCM	raw	IGVFDS0964QENG	C29	3	reads	fastq	3207858414	1a9a3006eecf6b8c38dec19eaa8f2398	https://api.data.igvf.org/sequence-files/IGVFFI5295FJCM/@@download/IGVFFI5295FJCM.fastq.gz	s3://igvf-public/2024/11/15/76bad38f-a3c0-471b-8b45-d392983f92b8/IGVFFI5295FJCM.fastq.gz
IGVFFI5571OUJP	raw	IGVFDS0964QENG	C29	3	reads	fastq	3205198026	7029f1283cbaef4f5ba98e9056c9212e	https://api.data.igvf.org/sequence-files/IGVFFI5571OUJP/@@download/IGVFFI5571OUJP.fastq.gz	s3://igvf-public/2024/11/15/a81378f8-c4e6-41e6-b373-135a9d5a738d/IGVFFI5571OUJP.fastq.gz
IGVFFI5769NBPW	raw	IGVFDS0964QENG	C29	3	reads	fastq	3258606796	7198ef362703a797ddef2b767f05bd37	https://api.data.igvf.org/sequence-files/IGVFFI5769NBPW/@@download/IGVFFI5769NBPW.fastq.gz	s3://igvf-public/2024/11/15/89f2b265-a65f-4e26-adf5-e0eda0e89e9a/IGVFFI5769NBPW.fastq.gz
IGVFFI6868KALR	raw	IGVFDS0964QENG	C29	3	reads	fastq	3200231934	0d9068eb29bfcfa9472a969383719fe7	https://api.data.igvf.org/sequence-files/IGVFFI6868KALR/@@download/IGVFFI6868KALR.fastq.gz	s3://igvf-public/2024/11/15/0c871fe0-07ce-4f26-a567-9fce1c41a648/IGVFFI6868KALR.fastq.gz
IGVFFI6921EBKV	raw	IGVFDS0964QENG	C29	3	reads	fastq	3234510588	d0266eb6740bbde2f0d368073620245c	https://api.data.igvf.org/sequence-files/IGVFFI6921EBKV/@@download/IGVFFI6921EBKV.fastq.gz	s3://igvf-public/2024/11/15/dfcd00d5-b63a-4fce-9150-fc894f92ef70/IGVFFI6921EBKV.fastq.gz
IGVFFI9318HMLI	raw	IGVFDS0964QENG	C29	3	reads	fastq	3222853559	86b959c51f06b7b03e65905f5c28ce9a	https://api.data.igvf.org/sequence-files/IGVFFI9318HMLI/@@download/IGVFFI9318HMLI.fastq.gz	s3://igvf-public/2024/11/15/1cd032d3-fc43-41a1-a0ae-0c16f33a5b6f/IGVFFI9318HMLI.fastq.gz
IGVFFI9498CMUE	raw	IGVFDS0964QENG	C29	3	reads	fastq	3165287615	949866d783a43d40c68e85edd8b7e4d2	https://api.data.igvf.org/sequence-files/IGVFFI9498CMUE/@@download/IGVFFI9498CMUE.fastq.gz	s3://igvf-public/2024/11/15/c9f838c0-6914-48b7-9af7-5afade7f26f4/IGVFFI9498CMUE.fastq.gz
IGVFFI9646GKMV	raw	IGVFDS0964QENG	C29	3	reads	fastq	3214549585	2f64fd07caceb5c34b5fa5d8e45569f0	https://api.data.igvf.org/sequence-files/IGVFFI9646GKMV/@@download/IGVFFI9646GKMV.fastq.gz	s3://igvf-public/2024/11/15/470fbace-1593-4e09-8666-32491423985e/IGVFFI9646GKMV.fastq.gz
IGVFFI9953FIVX	raw	IGVFDS0964QENG	C29	3	reads	fastq	3171928295	62974c20dc82f6848a2b40ac98408211	https://api.data.igvf.org/sequence-files/IGVFFI9953FIVX/@@download/IGVFFI9953FIVX.fastq.gz	s3://igvf-public/2024/11/15/74201f90-4a06-4cab-aee7-ec76e07223be/IGVFFI9953FIVX.fastq.gz
IGVFFI0115RERY	raw	IGVFDS1011YMSG	C29	5	reads	fastq	3326406814	1c164a3b1fe137be0d13477348d685e5	https://api.data.igvf.org/sequence-files/IGVFFI0115RERY/@@download/IGVFFI0115RERY.fastq.gz	s3://igvf-public/2024/11/15/8c44c47f-d620-4ee5-ad63-b0fa6ac58009/IGVFFI0115RERY.fastq.gz
IGVFFI1237BPDO	raw	IGVFDS1011YMSG	C29	5	reads	fastq	3369249797	4638b91466008c9fda61b66a3c4d3181	https://api.data.igvf.org/sequence-files/IGVFFI1237BPDO/@@download/IGVFFI1237BPDO.fastq.gz	s3://igvf-public/2024/11/15/d74cee6c-c1eb-42a1-a458-9a9d2bfba908/IGVFFI1237BPDO.fastq.gz
IGVFFI1447DBLJ	raw	IGVFDS1011YMSG	C29	5	reads	fastq	3325847455	53c64cc8ce89a77c970c5923cb8171dd	https://api.data.igvf.org/sequence-files/IGVFFI1447DBLJ/@@download/IGVFFI1447DBLJ.fastq.gz	s3://igvf-public/2024/11/15/90b1d206-0ba4-46d8-b98f-ad5b6d79811d/IGVFFI1447DBLJ.fastq.gz
IGVFFI2466SOLZ	raw	IGVFDS1011YMSG	C29	5	reads	fastq	3321504239	45655171e6df42e761f7db846180c1f5	https://api.data.igvf.org/sequence-files/IGVFFI2466SOLZ/@@download/IGVFFI2466SOLZ.fastq.gz	s3://igvf-public/2024/11/15/8cdbfb6f-6b65-4489-91c0-3d6ac087f319/IGVFFI2466SOLZ.fastq.gz
IGVFFI2646NOSA	raw	IGVFDS1011YMSG	C29	5	reads	fastq	3342057416	1fde9ec696662e3e2a51687b8235c719	https://api.data.igvf.org/sequence-files/IGVFFI2646NOSA/@@download/IGVFFI2646NOSA.fastq.gz	s3://igvf-public/2024/11/15/3a661c8e-4c48-4051-8182-9a513d18cd18/IGVFFI2646NOSA.fastq.gz
IGVFFI3301GYAT	raw	IGVFDS1011YMSG	C29	5	reads	fastq	3323064788	f4a4ef4b12315ffc89bcd019fd721f10	https://api.data.igvf.org/sequence-files/IGVFFI3301GYAT/@@download/IGVFFI3301GYAT.fastq.gz	s3://igvf-public/2024/11/15/036fd9dc-7ce2-45aa-83a9-aaec24c538ce/IGVFFI3301GYAT.fastq.gz
IGVFFI3769YALW	raw	IGVFDS1011YMSG	C29	5	reads	fastq	3345710871	8ea53dab28bf2bc1eb3cd089f2cb1098	https://api.data.igvf.org/sequence-files/IGVFFI3769YALW/@@download/IGVFFI3769YALW.fastq.gz	s3://igvf-public/2024/11/15/e6219f7d-cf61-4a0d-a43d-9f98ea3a7a5d/IGVFFI3769YALW.fastq.gz
IGVFFI4135YTZB	raw	IGVFDS1011YMSG	C29	5	reads	fastq	3337334077	5035c9da91f73e67c1a1f6ec53cb735a	https://api.data.igvf.org/sequence-files/IGVFFI4135YTZB/@@download/IGVFFI4135YTZB.fastq.gz	s3://igvf-public/2024/11/15/38c2d864-6d40-4d8e-bedc-5231aa363131/IGVFFI4135YTZB.fastq.gz
IGVFFI5405CNYC	raw	IGVFDS1011YMSG	C29	5	reads	fastq	3308899523	1512b9fd03f51d3f7301877c2865fe25	https://api.data.igvf.org/sequence-files/IGVFFI5405CNYC/@@download/IGVFFI5405CNYC.fastq.gz	s3://igvf-public/2024/11/15/b6d5291e-8254-4de9-b543-c2eebb48eebb/IGVFFI5405CNYC.fastq.gz
IGVFFI5836QZYR	raw	IGVFDS1011YMSG	C29	5	reads	fastq	3228237849	2a3b9390ad7f3ad694cc283cefce912d	https://api.data.igvf.org/sequence-files/IGVFFI5836QZYR/@@download/IGVFFI5836QZYR.fastq.gz	s3://igvf-public/2024/11/15/1462a989-7e19-498c-9104-b7390dbe69d9/IGVFFI5836QZYR.fastq.gz
IGVFFI7719LFYP	raw	IGVFDS1011YMSG	C29	5	reads	fastq	3278402375	c82d92c306048a43d9ae2ebec66160ff	https://api.data.igvf.org/sequence-files/IGVFFI7719LFYP/@@download/IGVFFI7719LFYP.fastq.gz	s3://igvf-public/2024/11/15/294b96cf-d414-4a63-8e5a-ef17d7ec9266/IGVFFI7719LFYP.fastq.gz
IGVFFI7738AVCX	raw	IGVFDS1011YMSG	C29	5	reads	fastq	3327390529	8c8e6e2c33a4f63a00edbc79cd65f84e	https://api.data.igvf.org/sequence-files/IGVFFI7738AVCX/@@download/IGVFFI7738AVCX.fastq.gz	s3://igvf-public/2024/11/15/c4634f42-708c-4fde-91e7-15384c0e22c9/IGVFFI7738AVCX.fastq.gz
IGVFFI8174BUQC	raw	IGVFDS1011YMSG	C29	5	reads	fastq	3267818666	24438a66ab1ba92c12a983fa6f4cb6c7	https://api.data.igvf.org/sequence-files/IGVFFI8174BUQC/@@download/IGVFFI8174BUQC.fastq.gz	s3://igvf-public/2024/11/15/a719f27d-8642-4d3c-bbd1-5c8cb28965eb/IGVFFI8174BUQC.fastq.gz
IGVFFI8529ETQV	raw	IGVFDS1011YMSG	C29	5	reads	fastq	3279477440	bfcefb1ea2260bf89cbe325f62d78493	https://api.data.igvf.org/sequence-files/IGVFFI8529ETQV/@@download/IGVFFI8529ETQV.fastq.gz	s3://igvf-public/2024/11/15/d4d7218f-736e-414e-89eb-1cdb4858892f/IGVFFI8529ETQV.fastq.gz
IGVFFI8839ARYM	raw	IGVFDS1011YMSG	C29	5	reads	fastq	3266024062	1adf543fd225b0d2d9eb056aa5706fad	https://api.data.igvf.org/sequence-files/IGVFFI8839ARYM/@@download/IGVFFI8839ARYM.fastq.gz	s3://igvf-public/2024/11/15/edb1fbbc-6b6f-4ac1-ba6d-0e8a19255f1a/IGVFFI8839ARYM.fastq.gz
IGVFFI9298GALP	raw	IGVFDS1011YMSG	C29	5	reads	fastq	3229745893	4ec17a17ea332df83d6672fc233b7b41	https://api.data.igvf.org/sequence-files/IGVFFI9298GALP/@@download/IGVFFI9298GALP.fastq.gz	s3://igvf-public/2024/11/15/57c6fa0b-894e-4008-805a-b95cca2823ec/IGVFFI9298GALP.fastq.gz
IGVFFI0538ABRP	raw	IGVFDS9901QUGC	C29	7	reads	fastq	2466664276	a5e7d1ef30ecbf0145b48becd307923c	https://api.data.igvf.org/sequence-files/IGVFFI0538ABRP/@@download/IGVFFI0538ABRP.fastq.gz	s3://igvf-public/2024/11/18/be347c9a-eb69-4338-a1ab-f0d031dd8567/IGVFFI0538ABRP.fastq.gz
IGVFFI1231GCER	raw	IGVFDS9901QUGC	C29	7	reads	fastq	2550710269	3ab8c1e0ddb8141e3cee41d0f1cd78c9	https://api.data.igvf.org/sequence-files/IGVFFI1231GCER/@@download/IGVFFI1231GCER.fastq.gz	s3://igvf-public/2024/11/18/d9353e76-91fd-4fa1-abd7-2e43b95cbdbe/IGVFFI1231GCER.fastq.gz
IGVFFI1448ZUAT	raw	IGVFDS9901QUGC	C29	7	reads	fastq	2469191590	ce4b598f119cd1018f9d5b2f77bf97d2	https://api.data.igvf.org/sequence-files/IGVFFI1448ZUAT/@@download/IGVFFI1448ZUAT.fastq.gz	s3://igvf-public/2024/11/18/e06cbd2f-dfa0-4c35-8919-2508d6ce0986/IGVFFI1448ZUAT.fastq.gz
IGVFFI2911XJFJ	raw	IGVFDS9901QUGC	C29	7	reads	fastq	2542185767	08ee6515886243a88f539f6171c172f9	https://api.data.igvf.org/sequence-files/IGVFFI2911XJFJ/@@download/IGVFFI2911XJFJ.fastq.gz	s3://igvf-public/2024/11/18/47c1a226-c3ae-4ad1-baa4-0c0232bab15c/IGVFFI2911XJFJ.fastq.gz
IGVFFI4474OLAD	raw	IGVFDS9901QUGC	C29	7	reads	fastq	2483031651	6622553a2a43989f5a51f8b2ae5ecb77	https://api.data.igvf.org/sequence-files/IGVFFI4474OLAD/@@download/IGVFFI4474OLAD.fastq.gz	s3://igvf-public/2024/11/18/797d9cd9-8175-4aac-9747-467e28afef66/IGVFFI4474OLAD.fastq.gz
IGVFFI4806DSVV	raw	IGVFDS9901QUGC	C29	7	reads	fastq	2557238850	f524d1c6f86c7b59b57ece3af9354534	https://api.data.igvf.org/sequence-files/IGVFFI4806DSVV/@@download/IGVFFI4806DSVV.fastq.gz	s3://igvf-public/2024/11/18/30960ece-07b1-419f-8d47-0c354ffbf635/IGVFFI4806DSVV.fastq.gz
IGVFFI4979CSAF	raw	IGVFDS9901QUGC	C29	7	reads	fastq	2428808403	81e3b03160ebe52e630d3b7b9a185d90	https://api.data.igvf.org/sequence-files/IGVFFI4979CSAF/@@download/IGVFFI4979CSAF.fastq.gz	s3://igvf-public/2024/11/18/1807dd12-b38a-4a32-947d-b7b8af37b11d/IGVFFI4979CSAF.fastq.gz
IGVFFI5003ZKJG	raw	IGVFDS9901QUGC	C29	7	reads	fastq	2434793146	d339b05bc4e8ed7fb773ece0c739e6b1	https://api.data.igvf.org/sequence-files/IGVFFI5003ZKJG/@@download/IGVFFI5003ZKJG.fastq.gz	s3://igvf-public/2024/11/18/9384d3fd-afdd-457c-a6df-ab0a8cd54dd9/IGVFFI5003ZKJG.fastq.gz
IGVFFI7757XZSQ	raw	IGVFDS9901QUGC	C29	7	reads	fastq	2434450751	b9c9d3fa580d03f9e095f7611f270340	https://api.data.igvf.org/sequence-files/IGVFFI7757XZSQ/@@download/IGVFFI7757XZSQ.fastq.gz	s3://igvf-public/2024/11/18/51a7a72b-c140-410a-a019-8a471bacf574/IGVFFI7757XZSQ.fastq.gz
IGVFFI8035VUSM	raw	IGVFDS9901QUGC	C29	7	reads	fastq	2500377911	5229892d919dc733c3b534be264a1bc3	https://api.data.igvf.org/sequence-files/IGVFFI8035VUSM/@@download/IGVFFI8035VUSM.fastq.gz	s3://igvf-public/2024/11/18/7c798ed2-0718-4ca6-8d43-02871501081a/IGVFFI8035VUSM.fastq.gz
IGVFFI8268WLJN	raw	IGVFDS9901QUGC	C29	7	reads	fastq	2523832544	403907fadb067eecb85f5d0a3d48e126	https://api.data.igvf.org/sequence-files/IGVFFI8268WLJN/@@download/IGVFFI8268WLJN.fastq.gz	s3://igvf-public/2024/11/18/5a034697-6ac9-4984-9e75-f626b68ef8e6/IGVFFI8268WLJN.fastq.gz
IGVFFI8387LMBZ	raw	IGVFDS9901QUGC	C29	7	reads	fastq	2466179831	d36af6a240defdf1d447bd9804644017	https://api.data.igvf.org/sequence-files/IGVFFI8387LMBZ/@@download/IGVFFI8387LMBZ.fastq.gz	s3://igvf-public/2024/11/18/4b1ee35e-194f-4ef3-b0dd-c90e4895bdf9/IGVFFI8387LMBZ.fastq.gz
IGVFFI8629JQLZ	raw	IGVFDS9901QUGC	C29	7	reads	fastq	2500252644	a30053dcef6d66bdd175b25cd1a1dce1	https://api.data.igvf.org/sequence-files/IGVFFI8629JQLZ/@@download/IGVFFI8629JQLZ.fastq.gz	s3://igvf-public/2024/11/18/bed02c2b-3960-4268-a698-aa2582544fae/IGVFFI8629JQLZ.fastq.gz
IGVFFI8654UVXR	raw	IGVFDS9901QUGC	C29	7	reads	fastq	2544100038	ab8c48334c793a0a61c7c13d032245e9	https://api.data.igvf.org/sequence-files/IGVFFI8654UVXR/@@download/IGVFFI8654UVXR.fastq.gz	s3://igvf-public/2024/11/18/96cc197f-f275-4b14-a30d-e9f15e5f5fe2/IGVFFI8654UVXR.fastq.gz
IGVFFI9058NLMZ	raw	IGVFDS9901QUGC	C29	7	reads	fastq	2475593017	dc50a8ed423c72d1293a9a467096eb81	https://api.data.igvf.org/sequence-files/IGVFFI9058NLMZ/@@download/IGVFFI9058NLMZ.fastq.gz	s3://igvf-public/2024/11/18/edfbcc27-ba72-4fb4-b611-a4cd6cd511a5/IGVFFI9058NLMZ.fastq.gz
IGVFFI9450GKCQ	raw	IGVFDS9901QUGC	C29	7	reads	fastq	2413166485	301de483bca597af4f33e567a57bc3d9	https://api.data.igvf.org/sequence-files/IGVFFI9450GKCQ/@@download/IGVFFI9450GKCQ.fastq.gz	s3://igvf-public/2024/11/18/45fda576-97b1-4e6c-b785-4bb6093542d9/IGVFFI9450GKCQ.fastq.gz
IGVFFI0276ZSDM	raw	IGVFDS8972AAEC	C29	9	reads	fastq	2569225020	3504d3902fea4e097a30d338ca90c16c	https://api.data.igvf.org/sequence-files/IGVFFI0276ZSDM/@@download/IGVFFI0276ZSDM.fastq.gz	s3://igvf-public/2024/11/18/16873331-06f9-44ee-87ad-144924f1b830/IGVFFI0276ZSDM.fastq.gz
IGVFFI1293OYYC	raw	IGVFDS8972AAEC	C29	9	reads	fastq	2582201512	cfe522c3542163f7fc094813ddcc38f9	https://api.data.igvf.org/sequence-files/IGVFFI1293OYYC/@@download/IGVFFI1293OYYC.fastq.gz	s3://igvf-public/2024/11/18/4df5340a-4d17-45a2-84ee-f48256397e40/IGVFFI1293OYYC.fastq.gz
IGVFFI1609MKDA	raw	IGVFDS8972AAEC	C29	9	reads	fastq	2590858251	6a136e95e920de8c98ec23dde16ad3ff	https://api.data.igvf.org/sequence-files/IGVFFI1609MKDA/@@download/IGVFFI1609MKDA.fastq.gz	s3://igvf-public/2024/11/18/9b8af9b0-b81d-4379-a86d-79123680bc6c/IGVFFI1609MKDA.fastq.gz
IGVFFI3720NTQI	raw	IGVFDS8972AAEC	C29	9	reads	fastq	2508172782	2b6ce0bdfa710f11909f1dbd6bf7d5b2	https://api.data.igvf.org/sequence-files/IGVFFI3720NTQI/@@download/IGVFFI3720NTQI.fastq.gz	s3://igvf-public/2024/11/18/942c0be9-40ea-4235-bac8-213930adf20e/IGVFFI3720NTQI.fastq.gz
IGVFFI4420FOXI	raw	IGVFDS8972AAEC	C29	9	reads	fastq	2591611121	587ccfd29217b497465d7ad90443a73e	https://api.data.igvf.org/sequence-files/IGVFFI4420FOXI/@@download/IGVFFI4420FOXI.fastq.gz	s3://igvf-public/2024/11/18/549d1a32-9249-4bd2-bdf7-c22a03d1cf23/IGVFFI4420FOXI.fastq.gz
IGVFFI4523MNOB	raw	IGVFDS8972AAEC	C29	9	reads	fastq	2592867754	a43305c4ba7f59ad39e2d1c1eee2a4ac	https://api.data.igvf.org/sequence-files/IGVFFI4523MNOB/@@download/IGVFFI4523MNOB.fastq.gz	s3://igvf-public/2024/11/18/35cc2063-2d45-48a4-9f2c-9e80b1ea27c1/IGVFFI4523MNOB.fastq.gz
IGVFFI4606CDOJ	raw	IGVFDS8972AAEC	C29	9	reads	fastq	2516462825	fa5cb0f960833330274b90c10915f32c	https://api.data.igvf.org/sequence-files/IGVFFI4606CDOJ/@@download/IGVFFI4606CDOJ.fastq.gz	s3://igvf-public/2024/11/18/e8768c53-c86a-40f0-b8b1-5df2cd1d54dd/IGVFFI4606CDOJ.fastq.gz
IGVFFI4621AOAF	raw	IGVFDS8972AAEC	C29	9	reads	fastq	2518799281	272b3703d9253e6cb2969f6b09655fb2	https://api.data.igvf.org/sequence-files/IGVFFI4621AOAF/@@download/IGVFFI4621AOAF.fastq.gz	s3://igvf-public/2024/11/18/83c89de5-9f9c-4356-95a8-afa9c13ab81b/IGVFFI4621AOAF.fastq.gz
IGVFFI4889QRGW	raw	IGVFDS8972AAEC	C29	9	reads	fastq	2582742598	0c9cfb5e5543948eba9c077f44bb78d6	https://api.data.igvf.org/sequence-files/IGVFFI4889QRGW/@@download/IGVFFI4889QRGW.fastq.gz	s3://igvf-public/2024/11/18/d368ab98-2b77-4e96-ad0a-3adf23baa930/IGVFFI4889QRGW.fastq.gz
IGVFFI5997SFNS	raw	IGVFDS8972AAEC	C29	9	reads	fastq	2621176545	15fb35d0a521cd482b8a1913851bf0bc	https://api.data.igvf.org/sequence-files/IGVFFI5997SFNS/@@download/IGVFFI5997SFNS.fastq.gz	s3://igvf-public/2024/11/18/4db6a918-6ce1-4b53-9d2c-3dff1f1c52f5/IGVFFI5997SFNS.fastq.gz
IGVFFI6079MSAV	raw	IGVFDS8972AAEC	C29	9	reads	fastq	2513351803	6551dcb9f30f6a5ebd38c450372a644c	https://api.data.igvf.org/sequence-files/IGVFFI6079MSAV/@@download/IGVFFI6079MSAV.fastq.gz	s3://igvf-public/2024/11/18/c6183cfb-1f10-41df-91b2-947401512972/IGVFFI6079MSAV.fastq.gz
IGVFFI6837BBCK	raw	IGVFDS8972AAEC	C29	9	reads	fastq	2540463511	5a4c274287f81bc3a7d1070ce960392e	https://api.data.igvf.org/sequence-files/IGVFFI6837BBCK/@@download/IGVFFI6837BBCK.fastq.gz	s3://igvf-public/2024/11/18/2c8d4c3c-c98b-4cc3-977a-628f3adf72f5/IGVFFI6837BBCK.fastq.gz
IGVFFI6940DOBO	raw	IGVFDS8972AAEC	C29	9	reads	fastq	2499242996	ed4900d31924b3c58e7f8a38c03ad6ce	https://api.data.igvf.org/sequence-files/IGVFFI6940DOBO/@@download/IGVFFI6940DOBO.fastq.gz	s3://igvf-public/2024/11/18/adc24efb-162c-4735-8e18-ac00e207e1bb/IGVFFI6940DOBO.fastq.gz
IGVFFI8344TEDV	raw	IGVFDS8972AAEC	C29	9	reads	fastq	2565761284	15d2fd68eabb4dd2ba7502194fba2cc6	https://api.data.igvf.org/sequence-files/IGVFFI8344TEDV/@@download/IGVFFI8344TEDV.fastq.gz	s3://igvf-public/2024/11/18/ade0700c-761b-41e4-aab4-975c1a08c97b/IGVFFI8344TEDV.fastq.gz
IGVFFI8592OATP	raw	IGVFDS8972AAEC	C29	9	reads	fastq	2491278588	2ea6becf6e303e51c9d2dda3b6a65325	https://api.data.igvf.org/sequence-files/IGVFFI8592OATP/@@download/IGVFFI8592OATP.fastq.gz	s3://igvf-public/2024/11/18/33f1201c-f9e2-4b9c-8ca0-d1c352a0b761/IGVFFI8592OATP.fastq.gz
IGVFFI9134VGXM	raw	IGVFDS8972AAEC	C29	9	reads	fastq	2502257366	19d2c45715cc93a14d4faebfd431cac8	https://api.data.igvf.org/sequence-files/IGVFFI9134VGXM/@@download/IGVFFI9134VGXM.fastq.gz	s3://igvf-public/2024/11/18/2d0a03c6-b654-4bb7-9881-01ee989b1c8d/IGVFFI9134VGXM.fastq.gz
IGVFFI0245QLLC	raw	IGVFDS3755JEOE	C37	0	reads	fastq	2637755775	c0320c5c13458ae5c63a0ef7f7704c9b	https://api.data.igvf.org/sequence-files/IGVFFI0245QLLC/@@download/IGVFFI0245QLLC.fastq.gz	s3://igvf-public/2024/11/18/5b829356-e285-413b-9485-fcf97f24088c/IGVFFI0245QLLC.fastq.gz
IGVFFI1542EJLW	raw	IGVFDS3755JEOE	C37	0	reads	fastq	2567508712	5a57a746dfce52a609c3dbf2f0242872	https://api.data.igvf.org/sequence-files/IGVFFI1542EJLW/@@download/IGVFFI1542EJLW.fastq.gz	s3://igvf-public/2024/11/18/832c0335-2387-495f-806d-536c42052ff6/IGVFFI1542EJLW.fastq.gz
IGVFFI1552AZYL	raw	IGVFDS3755JEOE	C37	0	reads	fastq	2518938954	92c162562f7cb4b3b880c20eb2bd3595	https://api.data.igvf.org/sequence-files/IGVFFI1552AZYL/@@download/IGVFFI1552AZYL.fastq.gz	s3://igvf-public/2024/11/18/6747a721-03b6-4042-9650-7b2b7f23328a/IGVFFI1552AZYL.fastq.gz
IGVFFI1586JSUF	raw	IGVFDS3755JEOE	C37	0	reads	fastq	2556321969	c7ec85513d6f1950d30b687dd2f9f121	https://api.data.igvf.org/sequence-files/IGVFFI1586JSUF/@@download/IGVFFI1586JSUF.fastq.gz	s3://igvf-public/2024/11/18/8e2ccd64-58cb-44ae-8c76-0875ac827859/IGVFFI1586JSUF.fastq.gz
IGVFFI1822XNVN	raw	IGVFDS3755JEOE	C37	0	reads	fastq	2525905796	2451869310deba978881fa82b6bd7825	https://api.data.igvf.org/sequence-files/IGVFFI1822XNVN/@@download/IGVFFI1822XNVN.fastq.gz	s3://igvf-public/2024/11/18/9da6d37d-b143-42e0-a9f3-156b2215f5f6/IGVFFI1822XNVN.fastq.gz
IGVFFI3268BGCS	raw	IGVFDS3755JEOE	C37	0	reads	fastq	2625422176	40fb6e8e61cfe2cc10237bf5c144ec79	https://api.data.igvf.org/sequence-files/IGVFFI3268BGCS/@@download/IGVFFI3268BGCS.fastq.gz	s3://igvf-public/2024/11/18/ab174c4e-0f72-418b-8250-c84734d0111c/IGVFFI3268BGCS.fastq.gz
IGVFFI3415SOSI	raw	IGVFDS3755JEOE	C37	0	reads	fastq	2553258327	f79ec5e897f3a13c4a67aa56999cf5e7	https://api.data.igvf.org/sequence-files/IGVFFI3415SOSI/@@download/IGVFFI3415SOSI.fastq.gz	s3://igvf-public/2024/11/18/b3e76dd9-bef1-4459-8020-75358cc1e9a6/IGVFFI3415SOSI.fastq.gz
IGVFFI3941UJIX	raw	IGVFDS3755JEOE	C37	0	reads	fastq	2560373027	1bc51d85279ac5c52330ddfa12ef92d6	https://api.data.igvf.org/sequence-files/IGVFFI3941UJIX/@@download/IGVFFI3941UJIX.fastq.gz	s3://igvf-public/2024/11/18/e0d5d060-b860-4860-b8c7-c3dec17dfea6/IGVFFI3941UJIX.fastq.gz
IGVFFI4260EYNC	raw	IGVFDS3755JEOE	C37	0	reads	fastq	2577149327	53d79d30259d771a54507b1ea8ff9d7f	https://api.data.igvf.org/sequence-files/IGVFFI4260EYNC/@@download/IGVFFI4260EYNC.fastq.gz	s3://igvf-public/2024/11/18/e918a1c4-468c-4a27-92f3-debc825de721/IGVFFI4260EYNC.fastq.gz
IGVFFI4644CNSY	raw	IGVFDS3755JEOE	C37	0	reads	fastq	2577357329	8d77df047c397d630fd8903cdfeb5e1d	https://api.data.igvf.org/sequence-files/IGVFFI4644CNSY/@@download/IGVFFI4644CNSY.fastq.gz	s3://igvf-public/2024/11/18/08797bd6-f648-4aae-9a87-c61ccdaff93e/IGVFFI4644CNSY.fastq.gz
IGVFFI5101VVHQ	raw	IGVFDS3755JEOE	C37	0	reads	fastq	2625801052	6c664baec122f3b4d8c2f074fa4559a0	https://api.data.igvf.org/sequence-files/IGVFFI5101VVHQ/@@download/IGVFFI5101VVHQ.fastq.gz	s3://igvf-public/2024/11/18/84074e88-6e49-42f4-a30e-6459139494ba/IGVFFI5101VVHQ.fastq.gz
IGVFFI5308IIKL	raw	IGVFDS3755JEOE	C37	0	reads	fastq	2524296427	8f7890349390d2c276d7214aeef8174c	https://api.data.igvf.org/sequence-files/IGVFFI5308IIKL/@@download/IGVFFI5308IIKL.fastq.gz	s3://igvf-public/2024/11/18/4959ea44-9cf2-4cb8-bbca-2605763832d5/IGVFFI5308IIKL.fastq.gz
IGVFFI6109IVQE	raw	IGVFDS3755JEOE	C37	0	reads	fastq	2619161718	c6721bc0b5ca05129ad847d604738fe8	https://api.data.igvf.org/sequence-files/IGVFFI6109IVQE/@@download/IGVFFI6109IVQE.fastq.gz	s3://igvf-public/2024/11/18/27878c3d-453b-42b4-8df5-3607c497fdf3/IGVFFI6109IVQE.fastq.gz
IGVFFI6485PWIN	raw	IGVFDS3755JEOE	C37	0	reads	fastq	2534835072	4bf59ad6e1d4b161436a0de85d9ed0c4	https://api.data.igvf.org/sequence-files/IGVFFI6485PWIN/@@download/IGVFFI6485PWIN.fastq.gz	s3://igvf-public/2024/11/18/4d16ac90-b08f-4d44-8950-e56c4e8c3cd7/IGVFFI6485PWIN.fastq.gz
IGVFFI6953HAQV	raw	IGVFDS3755JEOE	C37	0	reads	fastq	2578586663	3e29df7ee37f82ea3d8752495cac9cec	https://api.data.igvf.org/sequence-files/IGVFFI6953HAQV/@@download/IGVFFI6953HAQV.fastq.gz	s3://igvf-public/2024/11/18/fc23b8eb-e819-413d-9ead-d167ff829bab/IGVFFI6953HAQV.fastq.gz
IGVFFI9281IXTT	raw	IGVFDS3755JEOE	C37	0	reads	fastq	2619431491	36c24715961e6b4972f62ac7c1009fad	https://api.data.igvf.org/sequence-files/IGVFFI9281IXTT/@@download/IGVFFI9281IXTT.fastq.gz	s3://igvf-public/2024/11/18/5c4084af-ba27-45a8-a362-bbba1265894f/IGVFFI9281IXTT.fastq.gz
IGVFFI0865DCFA	raw	IGVFDS3086GMBH	C37	12	reads	fastq	3330880219	22f81d1e40d4d7c61fa36bf5ba690427	https://api.data.igvf.org/sequence-files/IGVFFI0865DCFA/@@download/IGVFFI0865DCFA.fastq.gz	s3://igvf-public/2024/11/15/ed043071-a317-4f8a-b257-1df5e0f76a4e/IGVFFI0865DCFA.fastq.gz
IGVFFI1619XCBS	raw	IGVFDS3086GMBH	C37	12	reads	fastq	3228225447	f1988a6638ea790647234040ef1d88d3	https://api.data.igvf.org/sequence-files/IGVFFI1619XCBS/@@download/IGVFFI1619XCBS.fastq.gz	s3://igvf-public/2024/11/15/2544322f-6ba4-47b1-ac97-3340af1d1d8f/IGVFFI1619XCBS.fastq.gz
IGVFFI3387QLKH	raw	IGVFDS3086GMBH	C37	12	reads	fastq	3293485434	26fe5329cb6ef891bdce8e52656b31a9	https://api.data.igvf.org/sequence-files/IGVFFI3387QLKH/@@download/IGVFFI3387QLKH.fastq.gz	s3://igvf-public/2024/11/15/27fb0b76-3fc6-4b15-a901-d7e677a70acc/IGVFFI3387QLKH.fastq.gz
IGVFFI4174WKJU	raw	IGVFDS3086GMBH	C37	12	reads	fastq	3249523731	f5aa62017c728bf58a20981727699da5	https://api.data.igvf.org/sequence-files/IGVFFI4174WKJU/@@download/IGVFFI4174WKJU.fastq.gz	s3://igvf-public/2024/11/15/74e090d1-fd7b-4e77-b7d6-ad1a20709677/IGVFFI4174WKJU.fastq.gz
IGVFFI5740QIPD	raw	IGVFDS3086GMBH	C37	12	reads	fastq	3287217990	0ccb6a89bbc47128d253b97d022e3a4c	https://api.data.igvf.org/sequence-files/IGVFFI5740QIPD/@@download/IGVFFI5740QIPD.fastq.gz	s3://igvf-public/2024/11/15/5398e88f-85db-4502-94ea-3d78bbdff98c/IGVFFI5740QIPD.fastq.gz
IGVFFI5848KAJF	raw	IGVFDS3086GMBH	C37	12	reads	fastq	3265513553	b204766f736ab761d8d55302bedbdf3c	https://api.data.igvf.org/sequence-files/IGVFFI5848KAJF/@@download/IGVFFI5848KAJF.fastq.gz	s3://igvf-public/2024/11/15/6be8f354-3e18-4fbf-9e6c-124fcc6f2008/IGVFFI5848KAJF.fastq.gz
IGVFFI6275ZVGS	raw	IGVFDS3086GMBH	C37	12	reads	fastq	3211765939	397d25033775a9bf8757495862a14a5e	https://api.data.igvf.org/sequence-files/IGVFFI6275ZVGS/@@download/IGVFFI6275ZVGS.fastq.gz	s3://igvf-public/2024/11/15/5642d82a-47e2-4bd0-be38-85896d9cb688/IGVFFI6275ZVGS.fastq.gz
IGVFFI7016SHHV	raw	IGVFDS3086GMBH	C37	12	reads	fastq	3183480284	d79b0f4509b06b4304e49272d9ae81c7	https://api.data.igvf.org/sequence-files/IGVFFI7016SHHV/@@download/IGVFFI7016SHHV.fastq.gz	s3://igvf-public/2024/11/15/974c6ea4-8838-4db1-bf5f-c5a1bfb820e6/IGVFFI7016SHHV.fastq.gz
IGVFFI7040PLWE	raw	IGVFDS3086GMBH	C37	12	reads	fastq	3289266430	bbf54dad0d3168d4f019b6175c6ae955	https://api.data.igvf.org/sequence-files/IGVFFI7040PLWE/@@download/IGVFFI7040PLWE.fastq.gz	s3://igvf-public/2024/11/15/71f8b019-b691-419a-86cb-b1d425cb4d57/IGVFFI7040PLWE.fastq.gz
IGVFFI7248GEXO	raw	IGVFDS3086GMBH	C37	12	reads	fastq	3261785137	082ab520c1def81d451bf64c76487193	https://api.data.igvf.org/sequence-files/IGVFFI7248GEXO/@@download/IGVFFI7248GEXO.fastq.gz	s3://igvf-public/2024/11/15/d0399fc4-352d-4aea-aac6-1f514913ec86/IGVFFI7248GEXO.fastq.gz
IGVFFI7830FGCR	raw	IGVFDS3086GMBH	C37	12	reads	fastq	3279863663	eca65cb7a3cff478997658201d6a01eb	https://api.data.igvf.org/sequence-files/IGVFFI7830FGCR/@@download/IGVFFI7830FGCR.fastq.gz	s3://igvf-public/2024/11/15/97fe6b41-d2e0-4f33-afbd-dff3705e69e9/IGVFFI7830FGCR.fastq.gz
IGVFFI8370NZAB	raw	IGVFDS3086GMBH	C37	12	reads	fastq	3299801501	54a2547b8961ad983b1b5c11fbd6573f	https://api.data.igvf.org/sequence-files/IGVFFI8370NZAB/@@download/IGVFFI8370NZAB.fastq.gz	s3://igvf-public/2024/11/15/9566e985-341b-4b01-b3f9-ed61175ddd82/IGVFFI8370NZAB.fastq.gz
IGVFFI8378LZUY	raw	IGVFDS3086GMBH	C37	12	reads	fastq	3342656486	1c713797a1aab3d24b54ae15b41eb2c5	https://api.data.igvf.org/sequence-files/IGVFFI8378LZUY/@@download/IGVFFI8378LZUY.fastq.gz	s3://igvf-public/2024/11/15/4583f26f-cf62-4ad0-84b4-4d20c7dbc5b1/IGVFFI8378LZUY.fastq.gz
IGVFFI8994GEYC	raw	IGVFDS3086GMBH	C37	12	reads	fastq	3304009540	937fa8d51e6b1edca0aec41889a4fc52	https://api.data.igvf.org/sequence-files/IGVFFI8994GEYC/@@download/IGVFFI8994GEYC.fastq.gz	s3://igvf-public/2024/11/15/8e5108ba-3a97-4160-afec-d4ae693a5f68/IGVFFI8994GEYC.fastq.gz
IGVFFI9048BXOH	raw	IGVFDS3086GMBH	C37	12	reads	fastq	3186348121	02fc7c9c4d89a87f49ed910634bd7748	https://api.data.igvf.org/sequence-files/IGVFFI9048BXOH/@@download/IGVFFI9048BXOH.fastq.gz	s3://igvf-public/2024/11/15/df9e4617-a934-408f-83b4-ccc9934f6084/IGVFFI9048BXOH.fastq.gz
IGVFFI9293CZOB	raw	IGVFDS3086GMBH	C37	12	reads	fastq	3248502183	a7f010ce40d0a8e48d0cd91fcb0e4f97	https://api.data.igvf.org/sequence-files/IGVFFI9293CZOB/@@download/IGVFFI9293CZOB.fastq.gz	s3://igvf-public/2024/11/15/254d1091-7bca-43d4-8ac5-ac1a271213a7/IGVFFI9293CZOB.fastq.gz
IGVFFI0128NMJQ	raw	IGVFDS5995LBLA	C37	14	reads	fastq	2923769769	b8b81c4ec58a2b9945350b1d25e46c36	https://api.data.igvf.org/sequence-files/IGVFFI0128NMJQ/@@download/IGVFFI0128NMJQ.fastq.gz	s3://igvf-public/2024/11/18/b88111a8-c50b-43df-9386-821483648c68/IGVFFI0128NMJQ.fastq.gz
IGVFFI0689NGGB	raw	IGVFDS5995LBLA	C37	14	reads	fastq	2927538605	f3191d0a97e1189d6432b1b53d397355	https://api.data.igvf.org/sequence-files/IGVFFI0689NGGB/@@download/IGVFFI0689NGGB.fastq.gz	s3://igvf-public/2024/11/18/ec222806-3d50-464a-8c0e-73253f3d7277/IGVFFI0689NGGB.fastq.gz
IGVFFI2334OIIY	raw	IGVFDS5995LBLA	C37	14	reads	fastq	3036335207	7436ced3ad6f51bada025d5f6e16da06	https://api.data.igvf.org/sequence-files/IGVFFI2334OIIY/@@download/IGVFFI2334OIIY.fastq.gz	s3://igvf-public/2024/11/18/9cd87739-9a22-4f53-a520-2e4b3c31281e/IGVFFI2334OIIY.fastq.gz
IGVFFI2793RVFV	raw	IGVFDS5995LBLA	C37	14	reads	fastq	2961260380	2b8975b436fd8a7ddd50c7557fd97ed6	https://api.data.igvf.org/sequence-files/IGVFFI2793RVFV/@@download/IGVFFI2793RVFV.fastq.gz	s3://igvf-public/2024/11/18/567ece65-e174-47f8-883f-0eec44cb287f/IGVFFI2793RVFV.fastq.gz
IGVFFI3287PLSJ	raw	IGVFDS5995LBLA	C37	14	reads	fastq	3089675894	aeb36c48ee581ba6733eb0cf6b87a820	https://api.data.igvf.org/sequence-files/IGVFFI3287PLSJ/@@download/IGVFFI3287PLSJ.fastq.gz	s3://igvf-public/2024/11/18/9b51a37c-d082-4bd5-90c8-4a01cd8d8b1c/IGVFFI3287PLSJ.fastq.gz
IGVFFI4037RLFK	raw	IGVFDS5995LBLA	C37	14	reads	fastq	3054921491	63814e3b453527239bbf61f985f3b50f	https://api.data.igvf.org/sequence-files/IGVFFI4037RLFK/@@download/IGVFFI4037RLFK.fastq.gz	s3://igvf-public/2024/11/18/f2a6638e-5802-4963-89d4-0b1d1f56f8e1/IGVFFI4037RLFK.fastq.gz
IGVFFI4756YEDJ	raw	IGVFDS5995LBLA	C37	14	reads	fastq	3009714999	92727fe0378d8b0b330a59673c790f01	https://api.data.igvf.org/sequence-files/IGVFFI4756YEDJ/@@download/IGVFFI4756YEDJ.fastq.gz	s3://igvf-public/2024/11/18/348e63ca-4da3-4ebe-bcbb-2650e2c2b306/IGVFFI4756YEDJ.fastq.gz
IGVFFI5775TJJA	raw	IGVFDS5995LBLA	C37	14	reads	fastq	2939403019	9c8536491953afa87c8c580664f3572f	https://api.data.igvf.org/sequence-files/IGVFFI5775TJJA/@@download/IGVFFI5775TJJA.fastq.gz	s3://igvf-public/2024/11/18/7994538e-f04f-423f-9b1b-1487613a8ab0/IGVFFI5775TJJA.fastq.gz
IGVFFI6332QILB	raw	IGVFDS5995LBLA	C37	14	reads	fastq	3044846858	59b34524b10841bbd4d558d5b62d1adb	https://api.data.igvf.org/sequence-files/IGVFFI6332QILB/@@download/IGVFFI6332QILB.fastq.gz	s3://igvf-public/2024/11/18/7b36d6ea-c690-4c00-a346-18185bfdc0eb/IGVFFI6332QILB.fastq.gz
IGVFFI6958KNOZ	raw	IGVFDS5995LBLA	C37	14	reads	fastq	2924097313	ffb1ea740c73e20e1d6eacf6d4d29df6	https://api.data.igvf.org/sequence-files/IGVFFI6958KNOZ/@@download/IGVFFI6958KNOZ.fastq.gz	s3://igvf-public/2024/11/18/77b2e455-c445-4818-92a4-ca10a092869e/IGVFFI6958KNOZ.fastq.gz
IGVFFI7317RQVZ	raw	IGVFDS5995LBLA	C37	14	reads	fastq	3008982900	19cc63c17394df53330e1c15d9363c67	https://api.data.igvf.org/sequence-files/IGVFFI7317RQVZ/@@download/IGVFFI7317RQVZ.fastq.gz	s3://igvf-public/2024/11/18/14797c22-0f5b-458c-9c5a-b2a57d5bf654/IGVFFI7317RQVZ.fastq.gz
IGVFFI7650ZNBP	raw	IGVFDS5995LBLA	C37	14	reads	fastq	2959529616	55a943fd6dba056d183eeda8e87fff55	https://api.data.igvf.org/sequence-files/IGVFFI7650ZNBP/@@download/IGVFFI7650ZNBP.fastq.gz	s3://igvf-public/2024/11/18/f89b4c9e-0167-4827-bcf3-f0868cc26514/IGVFFI7650ZNBP.fastq.gz
IGVFFI8143OOHU	raw	IGVFDS5995LBLA	C37	14	reads	fastq	2922643378	7f5c900852a468318202d8ae71ed08f7	https://api.data.igvf.org/sequence-files/IGVFFI8143OOHU/@@download/IGVFFI8143OOHU.fastq.gz	s3://igvf-public/2024/11/18/ae175cea-d301-4bbf-b2c4-1ecf6e5f8d52/IGVFFI8143OOHU.fastq.gz
IGVFFI8326HQEG	raw	IGVFDS5995LBLA	C37	14	reads	fastq	2983716341	def78fbb2d06708f8abaf938849fb3a2	https://api.data.igvf.org/sequence-files/IGVFFI8326HQEG/@@download/IGVFFI8326HQEG.fastq.gz	s3://igvf-public/2024/11/18/cb302e23-4918-43f3-8c1d-be1db16d03ff/IGVFFI8326HQEG.fastq.gz
IGVFFI8659BQVF	raw	IGVFDS5995LBLA	C37	14	reads	fastq	3058208154	0b8958a0d5d34c874fb4a33bbd6c320c	https://api.data.igvf.org/sequence-files/IGVFFI8659BQVF/@@download/IGVFFI8659BQVF.fastq.gz	s3://igvf-public/2024/11/18/b9a3e021-53d3-47e2-b549-d55e7c5ed377/IGVFFI8659BQVF.fastq.gz
IGVFFI8670CSEO	raw	IGVFDS5995LBLA	C37	14	reads	fastq	3036341085	df19e4b9e4e9c1b075f4fbe9c748ed2e	https://api.data.igvf.org/sequence-files/IGVFFI8670CSEO/@@download/IGVFFI8670CSEO.fastq.gz	s3://igvf-public/2024/11/18/481a342a-bd87-45fa-93bd-c076fd0bbb7d/IGVFFI8670CSEO.fastq.gz
IGVFFI0241KPYZ	raw	IGVFDS5502HMZW	C37	1	reads	fastq	3329289994	8c3a64a9e54a89ebcd040c3baee67c08	https://api.data.igvf.org/sequence-files/IGVFFI0241KPYZ/@@download/IGVFFI0241KPYZ.fastq.gz	s3://igvf-public/2024/11/18/90d1e752-f3c1-41d6-9091-03ee97becc51/IGVFFI0241KPYZ.fastq.gz
IGVFFI0320PFBW	raw	IGVFDS5502HMZW	C37	1	reads	fastq	3379770618	16d71bc76ffd219ee884a2fb8c12b48d	https://api.data.igvf.org/sequence-files/IGVFFI0320PFBW/@@download/IGVFFI0320PFBW.fastq.gz	s3://igvf-public/2024/11/18/58fafc7a-1a86-441d-b5e0-b64af1105bc3/IGVFFI0320PFBW.fastq.gz
IGVFFI0369YERC	raw	IGVFDS5502HMZW	C37	1	reads	fastq	3358782214	38a536ea6a7e0860731bb5ac3e0d7eb2	https://api.data.igvf.org/sequence-files/IGVFFI0369YERC/@@download/IGVFFI0369YERC.fastq.gz	s3://igvf-public/2024/11/18/957b60d0-30d5-4202-8751-738562c5c2f4/IGVFFI0369YERC.fastq.gz
IGVFFI1765WPWV	raw	IGVFDS5502HMZW	C37	1	reads	fastq	3243525480	3e340b2bdb4b29288f174b3e511289c3	https://api.data.igvf.org/sequence-files/IGVFFI1765WPWV/@@download/IGVFFI1765WPWV.fastq.gz	s3://igvf-public/2024/11/18/967b4cb5-119c-4d45-9008-8a5554ed3da7/IGVFFI1765WPWV.fastq.gz
IGVFFI2625XTYD	raw	IGVFDS5502HMZW	C37	1	reads	fastq	3380412711	7dfdcbd7d3da60fb7b1889a475a1dd83	https://api.data.igvf.org/sequence-files/IGVFFI2625XTYD/@@download/IGVFFI2625XTYD.fastq.gz	s3://igvf-public/2024/11/18/02a77584-b0ae-4aa0-bc3a-a8c6b92ea7b1/IGVFFI2625XTYD.fastq.gz
IGVFFI3261ICHK	raw	IGVFDS5502HMZW	C37	1	reads	fastq	3319105136	3a7c1576fb47f4f705876fa61d583fb8	https://api.data.igvf.org/sequence-files/IGVFFI3261ICHK/@@download/IGVFFI3261ICHK.fastq.gz	s3://igvf-public/2024/11/18/842d0801-2779-4dd3-9f69-6c830f36fcaa/IGVFFI3261ICHK.fastq.gz
IGVFFI3954KKZG	raw	IGVFDS5502HMZW	C37	1	reads	fastq	3239359332	140166ddb0904ba10fb1212431f7df8f	https://api.data.igvf.org/sequence-files/IGVFFI3954KKZG/@@download/IGVFFI3954KKZG.fastq.gz	s3://igvf-public/2024/11/18/267bbe2e-3121-4251-a66c-211c7e203447/IGVFFI3954KKZG.fastq.gz
IGVFFI4976DDLO	raw	IGVFDS5502HMZW	C37	1	reads	fastq	3283552266	cff997f16098da6f2b8f60abcd5cff4b	https://api.data.igvf.org/sequence-files/IGVFFI4976DDLO/@@download/IGVFFI4976DDLO.fastq.gz	s3://igvf-public/2024/11/18/8083e1a7-f71e-4422-92a7-847d9f59a3cd/IGVFFI4976DDLO.fastq.gz
IGVFFI5176KXDA	raw	IGVFDS5502HMZW	C37	1	reads	fastq	3325972168	ff2f2d47095d3eb461ec87430926185f	https://api.data.igvf.org/sequence-files/IGVFFI5176KXDA/@@download/IGVFFI5176KXDA.fastq.gz	s3://igvf-public/2024/11/18/28a7f8d4-a247-4411-ac52-19d0d2ed009f/IGVFFI5176KXDA.fastq.gz
IGVFFI5757DEGU	raw	IGVFDS5502HMZW	C37	1	reads	fastq	3270597706	6a4b2ea01ad6defd3d38fad02941230b	https://api.data.igvf.org/sequence-files/IGVFFI5757DEGU/@@download/IGVFFI5757DEGU.fastq.gz	s3://igvf-public/2024/11/18/1b70e01f-55e1-4938-9b1f-a7514269d404/IGVFFI5757DEGU.fastq.gz
IGVFFI6152MZBL	raw	IGVFDS5502HMZW	C37	1	reads	fastq	3377508445	6fdde8d6343d6c9af5f566c69287458a	https://api.data.igvf.org/sequence-files/IGVFFI6152MZBL/@@download/IGVFFI6152MZBL.fastq.gz	s3://igvf-public/2024/11/18/1f7a332e-54b8-4f91-ac0d-0c660100f709/IGVFFI6152MZBL.fastq.gz
IGVFFI6755RPBX	raw	IGVFDS5502HMZW	C37	1	reads	fastq	3231439032	84be6378179f7b10029cb0c36903c0a4	https://api.data.igvf.org/sequence-files/IGVFFI6755RPBX/@@download/IGVFFI6755RPBX.fastq.gz	s3://igvf-public/2024/11/18/aaf76877-4e98-4829-b25a-7ffa6a02eff5/IGVFFI6755RPBX.fastq.gz
IGVFFI7047IPBY	raw	IGVFDS5502HMZW	C37	1	reads	fastq	3371201243	574a8e6965f781a384f7965cf6ec0cc8	https://api.data.igvf.org/sequence-files/IGVFFI7047IPBY/@@download/IGVFFI7047IPBY.fastq.gz	s3://igvf-public/2024/11/18/c4af4c98-3a58-49b5-b8e5-cca5af96b1ef/IGVFFI7047IPBY.fastq.gz
IGVFFI7465DXDC	raw	IGVFDS5502HMZW	C37	1	reads	fastq	3276043496	f2f5d50765ddc0e194ad7d559e93cd16	https://api.data.igvf.org/sequence-files/IGVFFI7465DXDC/@@download/IGVFFI7465DXDC.fastq.gz	s3://igvf-public/2024/11/18/cdfd6bc9-9239-45e7-8d07-ef3e0b8c2065/IGVFFI7465DXDC.fastq.gz
IGVFFI9658ULLQ	raw	IGVFDS5502HMZW	C37	1	reads	fastq	3247247175	a80e2c8460870f1be12ae2676e073aff	https://api.data.igvf.org/sequence-files/IGVFFI9658ULLQ/@@download/IGVFFI9658ULLQ.fastq.gz	s3://igvf-public/2024/11/18/5a7fe702-7f69-41b8-9653-d59d5332dcd3/IGVFFI9658ULLQ.fastq.gz
IGVFFI9898UXML	raw	IGVFDS5502HMZW	C37	1	reads	fastq	3273859602	6b40e3ad4606503124a54efe7569247f	https://api.data.igvf.org/sequence-files/IGVFFI9898UXML/@@download/IGVFFI9898UXML.fastq.gz	s3://igvf-public/2024/11/18/1f3548ee-46a6-4d14-9dea-e454053ae2f1/IGVFFI9898UXML.fastq.gz
IGVFFI0019WFUZ	raw	IGVFDS6255OZNL	C37	3	reads	fastq	3216477183	25a516f079cf792cbe5850c73fdd3d02	https://api.data.igvf.org/sequence-files/IGVFFI0019WFUZ/@@download/IGVFFI0019WFUZ.fastq.gz	s3://igvf-public/2024/11/15/7f99eab2-ee1d-4f2f-8735-f4411d7e5f57/IGVFFI0019WFUZ.fastq.gz
IGVFFI0512VISP	raw	IGVFDS6255OZNL	C37	3	reads	fastq	3261290492	91720d07e8c100238f1d341524c00b3e	https://api.data.igvf.org/sequence-files/IGVFFI0512VISP/@@download/IGVFFI0512VISP.fastq.gz	s3://igvf-public/2024/11/15/19de560e-888e-4221-97ac-39da9b607e0b/IGVFFI0512VISP.fastq.gz
IGVFFI0908DJJA	raw	IGVFDS6255OZNL	C37	3	reads	fastq	3224635497	0a9aedc17d9c9a338a66bbfe1ffd9625	https://api.data.igvf.org/sequence-files/IGVFFI0908DJJA/@@download/IGVFFI0908DJJA.fastq.gz	s3://igvf-public/2024/11/15/ad370488-1b6b-4327-b356-81d3fb0eb454/IGVFFI0908DJJA.fastq.gz
IGVFFI1183SVVO	raw	IGVFDS6255OZNL	C37	3	reads	fastq	3289657073	1fcd2b4180736e7416956f35f3de1fdf	https://api.data.igvf.org/sequence-files/IGVFFI1183SVVO/@@download/IGVFFI1183SVVO.fastq.gz	s3://igvf-public/2024/11/15/7661a5f8-92cb-4ee3-a619-9ac199e90f68/IGVFFI1183SVVO.fastq.gz
IGVFFI1412SBMI	raw	IGVFDS6255OZNL	C37	3	reads	fastq	3204587639	3b1db112b13aac426f0b7881adf19028	https://api.data.igvf.org/sequence-files/IGVFFI1412SBMI/@@download/IGVFFI1412SBMI.fastq.gz	s3://igvf-public/2024/11/15/838f9860-7250-480f-88a0-c492f648b04e/IGVFFI1412SBMI.fastq.gz
IGVFFI2183KQDB	raw	IGVFDS6255OZNL	C37	3	reads	fastq	3235340269	bccb090c5f89e46a59acd4b6f4445d41	https://api.data.igvf.org/sequence-files/IGVFFI2183KQDB/@@download/IGVFFI2183KQDB.fastq.gz	s3://igvf-public/2024/11/15/94952e19-02ad-4667-909b-519309285365/IGVFFI2183KQDB.fastq.gz
IGVFFI2276SGNG	raw	IGVFDS6255OZNL	C37	3	reads	fastq	3119033954	174d6669eccba22cf7d6447aa9d0330a	https://api.data.igvf.org/sequence-files/IGVFFI2276SGNG/@@download/IGVFFI2276SGNG.fastq.gz	s3://igvf-public/2024/11/15/bd334e11-6313-443e-baf4-d75c48013793/IGVFFI2276SGNG.fastq.gz
IGVFFI2660NMFU	raw	IGVFDS6255OZNL	C37	3	reads	fastq	3103479877	a79bc55baed31f0e112fc27555bfefa0	https://api.data.igvf.org/sequence-files/IGVFFI2660NMFU/@@download/IGVFFI2660NMFU.fastq.gz	s3://igvf-public/2024/11/15/292654c6-d4c9-4049-9c67-30c0a75e8845/IGVFFI2660NMFU.fastq.gz
IGVFFI2695NMON	raw	IGVFDS6255OZNL	C37	3	reads	fastq	3160399964	406088c3d8f60cfd45099e835ce7239e	https://api.data.igvf.org/sequence-files/IGVFFI2695NMON/@@download/IGVFFI2695NMON.fastq.gz	s3://igvf-public/2024/11/15/6013d528-8170-40b1-b4b5-bfbad0896ab7/IGVFFI2695NMON.fastq.gz
IGVFFI3256FIXN	raw	IGVFDS6255OZNL	C37	3	reads	fastq	3275929464	e1892c86973e9fc8fe484c37f6f34e5c	https://api.data.igvf.org/sequence-files/IGVFFI3256FIXN/@@download/IGVFFI3256FIXN.fastq.gz	s3://igvf-public/2024/11/15/151a10a1-9ffc-438d-8c87-448e28a1356a/IGVFFI3256FIXN.fastq.gz
IGVFFI3848FJZM	raw	IGVFDS6255OZNL	C37	3	reads	fastq	3248863041	250e1eee8650101ebd8250f281c693ff	https://api.data.igvf.org/sequence-files/IGVFFI3848FJZM/@@download/IGVFFI3848FJZM.fastq.gz	s3://igvf-public/2024/11/15/116f128d-a906-4bba-91a7-bb4a3545333e/IGVFFI3848FJZM.fastq.gz
IGVFFI7561LAVL	raw	IGVFDS6255OZNL	C37	3	reads	fastq	3206224293	4189fff4aaa2e95a8a11c631f356b0b4	https://api.data.igvf.org/sequence-files/IGVFFI7561LAVL/@@download/IGVFFI7561LAVL.fastq.gz	s3://igvf-public/2024/11/15/7c7d4a1a-4d50-4b50-ad4b-4d32e68b0e96/IGVFFI7561LAVL.fastq.gz
IGVFFI7590BDPB	raw	IGVFDS6255OZNL	C37	3	reads	fastq	3194229534	f9042f2f0e85efd792a25a421dac3563	https://api.data.igvf.org/sequence-files/IGVFFI7590BDPB/@@download/IGVFFI7590BDPB.fastq.gz	s3://igvf-public/2024/11/15/99426cba-c0e6-4758-a050-14d469689915/IGVFFI7590BDPB.fastq.gz
IGVFFI7772ARLF	raw	IGVFDS6255OZNL	C37	3	reads	fastq	3221164757	bae0efe957029a4bf2ebf1c9b5bb7a5a	https://api.data.igvf.org/sequence-files/IGVFFI7772ARLF/@@download/IGVFFI7772ARLF.fastq.gz	s3://igvf-public/2024/11/15/e9415c2b-33ae-4270-a361-ef2e4c4864fc/IGVFFI7772ARLF.fastq.gz
IGVFFI9363WWZY	raw	IGVFDS6255OZNL	C37	3	reads	fastq	3253860260	f6f432a203d42f12ccb5ebec7d750fcd	https://api.data.igvf.org/sequence-files/IGVFFI9363WWZY/@@download/IGVFFI9363WWZY.fastq.gz	s3://igvf-public/2024/11/15/d5a4af71-f4c7-4c5e-b84d-c8c02161e0a0/IGVFFI9363WWZY.fastq.gz
IGVFFI9652ZLZC	raw	IGVFDS6255OZNL	C37	3	reads	fastq	3188255595	029bc0b493a3aeb9c71970c6eedc7163	https://api.data.igvf.org/sequence-files/IGVFFI9652ZLZC/@@download/IGVFFI9652ZLZC.fastq.gz	s3://igvf-public/2024/11/15/af5e1abc-007f-47cb-93c3-54e7536971f9/IGVFFI9652ZLZC.fastq.gz
IGVFFI0394HXOB	raw	IGVFDS7371DIJR	C37	5	reads	fastq	3515820790	e2ec30fa66ca9c3e4ff54b7d69074001	https://api.data.igvf.org/sequence-files/IGVFFI0394HXOB/@@download/IGVFFI0394HXOB.fastq.gz	s3://igvf-public/2024/11/16/46fdcb86-8aa2-4f81-b982-990c3c8f4fd0/IGVFFI0394HXOB.fastq.gz
IGVFFI1679NQTL	raw	IGVFDS7371DIJR	C37	5	reads	fastq	3595316853	ab9782ab81f0cccc1bb6d116cd88049e	https://api.data.igvf.org/sequence-files/IGVFFI1679NQTL/@@download/IGVFFI1679NQTL.fastq.gz	s3://igvf-public/2024/11/16/6f3cca39-9fe9-454b-a4f6-3f33cb16cc50/IGVFFI1679NQTL.fastq.gz
IGVFFI2473GMHP	raw	IGVFDS7371DIJR	C37	5	reads	fastq	3538619224	aecc449c41407e2112692f3604d4b204	https://api.data.igvf.org/sequence-files/IGVFFI2473GMHP/@@download/IGVFFI2473GMHP.fastq.gz	s3://igvf-public/2024/11/16/fae4254a-10dd-44a5-a0c2-12eacfc03ca6/IGVFFI2473GMHP.fastq.gz
IGVFFI4427ONMQ	raw	IGVFDS7371DIJR	C37	5	reads	fastq	3311625375	62d66a822f277ae2ce51e34c8063c9bd	https://api.data.igvf.org/sequence-files/IGVFFI4427ONMQ/@@download/IGVFFI4427ONMQ.fastq.gz	s3://igvf-public/2024/11/16/c91575f2-b156-4c13-a46e-49069a49a563/IGVFFI4427ONMQ.fastq.gz
IGVFFI4645VVOH	raw	IGVFDS7371DIJR	C37	5	reads	fastq	3565912523	d84c310494275802e771b70b8a60df60	https://api.data.igvf.org/sequence-files/IGVFFI4645VVOH/@@download/IGVFFI4645VVOH.fastq.gz	s3://igvf-public/2024/11/16/e6f28409-9037-4def-85b0-b14c8a409f54/IGVFFI4645VVOH.fastq.gz
IGVFFI4650SNVW	raw	IGVFDS7371DIJR	C37	5	reads	fastq	3363244954	31aaee7893aa97dd59e31f56c6b3d9de	https://api.data.igvf.org/sequence-files/IGVFFI4650SNVW/@@download/IGVFFI4650SNVW.fastq.gz	s3://igvf-public/2024/11/16/4d0f21e9-e22c-43d4-861f-8f0d3fdf8611/IGVFFI4650SNVW.fastq.gz
IGVFFI4738RHIJ	raw	IGVFDS7371DIJR	C37	5	reads	fastq	3432850266	5ee7820eb8428164e0baea00a77b651a	https://api.data.igvf.org/sequence-files/IGVFFI4738RHIJ/@@download/IGVFFI4738RHIJ.fastq.gz	s3://igvf-public/2024/11/16/9699ac0d-1062-4b1e-aadb-332385164265/IGVFFI4738RHIJ.fastq.gz
IGVFFI4787XPHB	raw	IGVFDS7371DIJR	C37	5	reads	fastq	3445403629	160ebbddebd7b666381ca524e33f5f6c	https://api.data.igvf.org/sequence-files/IGVFFI4787XPHB/@@download/IGVFFI4787XPHB.fastq.gz	s3://igvf-public/2024/11/16/30c1f7d9-eb32-46e2-b417-b40844d000cd/IGVFFI4787XPHB.fastq.gz
IGVFFI6255MQIA	raw	IGVFDS7371DIJR	C37	5	reads	fastq	3609264540	eb62fe405f4962e0260519216a122d65	https://api.data.igvf.org/sequence-files/IGVFFI6255MQIA/@@download/IGVFFI6255MQIA.fastq.gz	s3://igvf-public/2024/11/16/b83359a7-2b2a-4cad-be13-32b118943879/IGVFFI6255MQIA.fastq.gz
IGVFFI6342CIBN	raw	IGVFDS7371DIJR	C37	5	reads	fastq	3524980262	aaab03717f582383591d1ca878317be0	https://api.data.igvf.org/sequence-files/IGVFFI6342CIBN/@@download/IGVFFI6342CIBN.fastq.gz	s3://igvf-public/2024/11/16/3fe22995-738e-497e-be27-131dddab2e05/IGVFFI6342CIBN.fastq.gz
IGVFFI6829YEWR	raw	IGVFDS7371DIJR	C37	5	reads	fastq	3523989665	69e094f3e09e709168c2e12eca9f7ae1	https://api.data.igvf.org/sequence-files/IGVFFI6829YEWR/@@download/IGVFFI6829YEWR.fastq.gz	s3://igvf-public/2024/11/16/5ed0b102-899a-4a81-9160-7834692e090a/IGVFFI6829YEWR.fastq.gz
IGVFFI7072UGGJ	raw	IGVFDS7371DIJR	C37	5	reads	fastq	3569633188	20625bbf7d869b004944c3f6683b899e	https://api.data.igvf.org/sequence-files/IGVFFI7072UGGJ/@@download/IGVFFI7072UGGJ.fastq.gz	s3://igvf-public/2024/11/16/0b1cc492-58be-420b-8e2b-7c704f45318c/IGVFFI7072UGGJ.fastq.gz
IGVFFI7340DZYJ	raw	IGVFDS7371DIJR	C37	5	reads	fastq	3433351999	e7cdc10dc8de56385a14775c601400e9	https://api.data.igvf.org/sequence-files/IGVFFI7340DZYJ/@@download/IGVFFI7340DZYJ.fastq.gz	s3://igvf-public/2024/11/16/abacade8-3e1a-40c2-afa8-a89dcfd92c0c/IGVFFI7340DZYJ.fastq.gz
IGVFFI8144BEGA	raw	IGVFDS7371DIJR	C37	5	reads	fastq	3478588761	e16be99681af6306c612afcc3500e8fd	https://api.data.igvf.org/sequence-files/IGVFFI8144BEGA/@@download/IGVFFI8144BEGA.fastq.gz	s3://igvf-public/2024/11/16/7aec2339-3fe7-481d-b7a5-2365678840b9/IGVFFI8144BEGA.fastq.gz
IGVFFI8355CSHI	raw	IGVFDS7371DIJR	C37	5	reads	fastq	3380014037	dd4a944932609aca6d0438dd4e3f4ac9	https://api.data.igvf.org/sequence-files/IGVFFI8355CSHI/@@download/IGVFFI8355CSHI.fastq.gz	s3://igvf-public/2024/11/16/029b3b53-6bc4-45ec-ba7c-cec5320adcc6/IGVFFI8355CSHI.fastq.gz
IGVFFI9046CNMQ	raw	IGVFDS7371DIJR	C37	5	reads	fastq	3480581925	d004e8c3ad61c2206b6af0a59ebaf14c	https://api.data.igvf.org/sequence-files/IGVFFI9046CNMQ/@@download/IGVFFI9046CNMQ.fastq.gz	s3://igvf-public/2024/11/16/d3327929-1175-4365-8141-0c7b71b50526/IGVFFI9046CNMQ.fastq.gz
IGVFFI0511UJTO	raw	IGVFDS3140XYDB	C37	7	reads	fastq	2799898063	eb280c6e4298d79fc4e0196d0bc1818a	https://api.data.igvf.org/sequence-files/IGVFFI0511UJTO/@@download/IGVFFI0511UJTO.fastq.gz	s3://igvf-public/2024/11/16/cc0e8b1d-ebfc-473d-abe0-54b7533d74ba/IGVFFI0511UJTO.fastq.gz
IGVFFI0883PYVE	raw	IGVFDS3140XYDB	C37	7	reads	fastq	2970675266	0d2c0a7648408454055e997a27384855	https://api.data.igvf.org/sequence-files/IGVFFI0883PYVE/@@download/IGVFFI0883PYVE.fastq.gz	s3://igvf-public/2024/11/16/c67d11e9-9f06-4e18-a2c9-ceb14bb045e3/IGVFFI0883PYVE.fastq.gz
IGVFFI2254HUQZ	raw	IGVFDS3140XYDB	C37	7	reads	fastq	2928644824	ba730b2f5d823dca6e207cd830fc8da2	https://api.data.igvf.org/sequence-files/IGVFFI2254HUQZ/@@download/IGVFFI2254HUQZ.fastq.gz	s3://igvf-public/2024/11/16/e0223510-04e6-4aed-a7da-5cb4ad88cb22/IGVFFI2254HUQZ.fastq.gz
IGVFFI2415XAUE	raw	IGVFDS3140XYDB	C37	7	reads	fastq	3014083884	013791f7640241be680145ecd219207f	https://api.data.igvf.org/sequence-files/IGVFFI2415XAUE/@@download/IGVFFI2415XAUE.fastq.gz	s3://igvf-public/2024/11/16/0a868f85-2e03-4785-ae17-f93bce8b3ed3/IGVFFI2415XAUE.fastq.gz
IGVFFI2858BCQB	raw	IGVFDS3140XYDB	C37	7	reads	fastq	3029132040	b72ecd2dd87e257010227811dd5c3370	https://api.data.igvf.org/sequence-files/IGVFFI2858BCQB/@@download/IGVFFI2858BCQB.fastq.gz	s3://igvf-public/2024/11/16/daa457e0-e173-4b20-a009-7da70ec48019/IGVFFI2858BCQB.fastq.gz
IGVFFI3152GMOL	raw	IGVFDS3140XYDB	C37	7	reads	fastq	3010271398	a68c7ee0ce9466c531119f1e4f151e18	https://api.data.igvf.org/sequence-files/IGVFFI3152GMOL/@@download/IGVFFI3152GMOL.fastq.gz	s3://igvf-public/2024/11/16/8232a41a-6437-4332-ad21-c05b6e1227a8/IGVFFI3152GMOL.fastq.gz
IGVFFI3625GHKS	raw	IGVFDS3140XYDB	C37	7	reads	fastq	3053963298	283891de97d2d1c6a62050d038b4c503	https://api.data.igvf.org/sequence-files/IGVFFI3625GHKS/@@download/IGVFFI3625GHKS.fastq.gz	s3://igvf-public/2024/11/16/094a1ed6-f71b-4acf-bd70-93ebfd6f6f3a/IGVFFI3625GHKS.fastq.gz
IGVFFI4724QNJY	raw	IGVFDS3140XYDB	C37	7	reads	fastq	2843670729	dc8ea20551d6730169c0acc6414292d8	https://api.data.igvf.org/sequence-files/IGVFFI4724QNJY/@@download/IGVFFI4724QNJY.fastq.gz	s3://igvf-public/2024/11/16/e381f33f-695a-4534-94cc-12f6f0c2144d/IGVFFI4724QNJY.fastq.gz
IGVFFI6396LUZG	raw	IGVFDS3140XYDB	C37	7	reads	fastq	2923975147	ce4bd14e89bc0b993acd489c75f99d33	https://api.data.igvf.org/sequence-files/IGVFFI6396LUZG/@@download/IGVFFI6396LUZG.fastq.gz	s3://igvf-public/2024/11/16/56cecd8d-2eeb-4f0d-ae9b-ceeda1e0463c/IGVFFI6396LUZG.fastq.gz
IGVFFI6619EWUD	raw	IGVFDS3140XYDB	C37	7	reads	fastq	3017284020	f0048655bb6f4cdc4d8e1511c88a386d	https://api.data.igvf.org/sequence-files/IGVFFI6619EWUD/@@download/IGVFFI6619EWUD.fastq.gz	s3://igvf-public/2024/11/16/41face00-b8f3-4adb-8192-860ce02072e0/IGVFFI6619EWUD.fastq.gz
IGVFFI7311HPTJ	raw	IGVFDS3140XYDB	C37	7	reads	fastq	2948717869	bd3744d244d9d85adb9f940a35e39315	https://api.data.igvf.org/sequence-files/IGVFFI7311HPTJ/@@download/IGVFFI7311HPTJ.fastq.gz	s3://igvf-public/2024/11/16/4d00d59d-cccf-4784-b362-6e37a45e5c57/IGVFFI7311HPTJ.fastq.gz
IGVFFI7415HLAJ	raw	IGVFDS3140XYDB	C37	7	reads	fastq	2954740069	9cf23868f82c55bbb365b37f22ca51dd	https://api.data.igvf.org/sequence-files/IGVFFI7415HLAJ/@@download/IGVFFI7415HLAJ.fastq.gz	s3://igvf-public/2024/11/16/87531b48-452b-4a1c-bb92-a1e5d3a7c5fa/IGVFFI7415HLAJ.fastq.gz
IGVFFI7494MHEG	raw	IGVFDS3140XYDB	C37	7	reads	fastq	3039390377	79616de93ef840245ad62face39ef09d	https://api.data.igvf.org/sequence-files/IGVFFI7494MHEG/@@download/IGVFFI7494MHEG.fastq.gz	s3://igvf-public/2024/11/16/8f835909-993e-4b52-866e-0d2944628f89/IGVFFI7494MHEG.fastq.gz
IGVFFI8923UCZV	raw	IGVFDS3140XYDB	C37	7	reads	fastq	3104352967	34a9763c8f722fc03ab6f97c9787a04f	https://api.data.igvf.org/sequence-files/IGVFFI8923UCZV/@@download/IGVFFI8923UCZV.fastq.gz	s3://igvf-public/2024/11/16/045ea14c-a119-4a00-8212-d3b682e5609f/IGVFFI8923UCZV.fastq.gz
IGVFFI9866UIIC	raw	IGVFDS3140XYDB	C37	7	reads	fastq	2908068294	c53f5e3ff28b31c158647449a11bf41a	https://api.data.igvf.org/sequence-files/IGVFFI9866UIIC/@@download/IGVFFI9866UIIC.fastq.gz	s3://igvf-public/2024/11/16/ef3e34b2-ad6e-4420-a5f3-8034e18e33f4/IGVFFI9866UIIC.fastq.gz
IGVFFI9915ANJL	raw	IGVFDS3140XYDB	C37	7	reads	fastq	2861021051	82945a1a98a6476bc3b705b78b7e20b9	https://api.data.igvf.org/sequence-files/IGVFFI9915ANJL/@@download/IGVFFI9915ANJL.fastq.gz	s3://igvf-public/2024/11/16/e5ed1e6c-bc8f-4219-bb6a-09aef30f434c/IGVFFI9915ANJL.fastq.gz
IGVFFI0713CHLR	raw	IGVFDS6481RUDF	C37	9	reads	fastq	2327978875	188b9a2a2f61a78118b5f97cf877b698	https://api.data.igvf.org/sequence-files/IGVFFI0713CHLR/@@download/IGVFFI0713CHLR.fastq.gz	s3://igvf-public/2024/11/16/18f905e5-ac87-45c5-b98d-0fc785b19dcf/IGVFFI0713CHLR.fastq.gz
IGVFFI1623IEWH	raw	IGVFDS6481RUDF	C37	9	reads	fastq	2447414577	3d25c02d13354c6e1bc2452d2b6cd7f3	https://api.data.igvf.org/sequence-files/IGVFFI1623IEWH/@@download/IGVFFI1623IEWH.fastq.gz	s3://igvf-public/2024/11/16/63d40dbb-da45-4a1e-9479-e94955696006/IGVFFI1623IEWH.fastq.gz
IGVFFI2454IZEI	raw	IGVFDS6481RUDF	C37	9	reads	fastq	2422207866	8065209474a0f323167965b534cae0eb	https://api.data.igvf.org/sequence-files/IGVFFI2454IZEI/@@download/IGVFFI2454IZEI.fastq.gz	s3://igvf-public/2024/11/16/93e44a40-d125-474e-888a-96a03b155361/IGVFFI2454IZEI.fastq.gz
IGVFFI2748JBXN	raw	IGVFDS6481RUDF	C37	9	reads	fastq	2364519593	5233522f9cd075e65490514259438178	https://api.data.igvf.org/sequence-files/IGVFFI2748JBXN/@@download/IGVFFI2748JBXN.fastq.gz	s3://igvf-public/2024/11/16/ab45fb98-902b-4288-9102-be06b098fa77/IGVFFI2748JBXN.fastq.gz
IGVFFI3094VVCM	raw	IGVFDS6481RUDF	C37	9	reads	fastq	2399796896	5e6323768880cd990e1e559d1626b342	https://api.data.igvf.org/sequence-files/IGVFFI3094VVCM/@@download/IGVFFI3094VVCM.fastq.gz	s3://igvf-public/2024/11/16/b5ddc560-55b0-4d03-8866-858b9ee96a0a/IGVFFI3094VVCM.fastq.gz
IGVFFI3626ILEB	raw	IGVFDS6481RUDF	C37	9	reads	fastq	2397394057	34213c7c2efd13243f54979028afc7cb	https://api.data.igvf.org/sequence-files/IGVFFI3626ILEB/@@download/IGVFFI3626ILEB.fastq.gz	s3://igvf-public/2024/11/16/755dcad8-ad21-4466-a8b9-da1a33849ae8/IGVFFI3626ILEB.fastq.gz
IGVFFI3754KRWU	raw	IGVFDS6481RUDF	C37	9	reads	fastq	2291016099	0f585ff30b70e5a953630d5b08b47e0e	https://api.data.igvf.org/sequence-files/IGVFFI3754KRWU/@@download/IGVFFI3754KRWU.fastq.gz	s3://igvf-public/2024/11/16/7fd1ea3f-ca2e-4595-91c7-9261135195b9/IGVFFI3754KRWU.fastq.gz
IGVFFI6139IOOJ	raw	IGVFDS6481RUDF	C37	9	reads	fastq	2390617475	113eefab79cfcbf415b5e32b4fba8d26	https://api.data.igvf.org/sequence-files/IGVFFI6139IOOJ/@@download/IGVFFI6139IOOJ.fastq.gz	s3://igvf-public/2024/11/16/83f5b2e3-d846-46da-9232-66751ad88b9f/IGVFFI6139IOOJ.fastq.gz
IGVFFI6158JXAE	raw	IGVFDS6481RUDF	C37	9	reads	fastq	2252413890	dc7770052bdb20f64fbf4d9b7620345b	https://api.data.igvf.org/sequence-files/IGVFFI6158JXAE/@@download/IGVFFI6158JXAE.fastq.gz	s3://igvf-public/2024/11/16/4d2bffd1-1f44-469b-92ae-357b8e45639a/IGVFFI6158JXAE.fastq.gz
IGVFFI6680TRBH	raw	IGVFDS6481RUDF	C37	9	reads	fastq	2332187338	d5be50c166e87fe815638d81f85bc82c	https://api.data.igvf.org/sequence-files/IGVFFI6680TRBH/@@download/IGVFFI6680TRBH.fastq.gz	s3://igvf-public/2024/11/16/e8d2956c-f688-4ffb-ae35-4a2db558da0a/IGVFFI6680TRBH.fastq.gz
IGVFFI6685ODWB	raw	IGVFDS6481RUDF	C37	9	reads	fastq	2350679697	91773ceeda526558d89f43297814e6f1	https://api.data.igvf.org/sequence-files/IGVFFI6685ODWB/@@download/IGVFFI6685ODWB.fastq.gz	s3://igvf-public/2024/11/16/6792c111-7433-44d6-ac52-1c3bb9d32815/IGVFFI6685ODWB.fastq.gz
IGVFFI7254MFQS	raw	IGVFDS6481RUDF	C37	9	reads	fastq	2365245721	06ef14af3b3fad0ebcc31778e16465ef	https://api.data.igvf.org/sequence-files/IGVFFI7254MFQS/@@download/IGVFFI7254MFQS.fastq.gz	s3://igvf-public/2024/11/16/6410fb22-df9f-4d2e-861f-44a475cf900a/IGVFFI7254MFQS.fastq.gz
IGVFFI7449YADQ	raw	IGVFDS6481RUDF	C37	9	reads	fastq	2385026712	910472d8f97a8d49566d9f3c6b3242c5	https://api.data.igvf.org/sequence-files/IGVFFI7449YADQ/@@download/IGVFFI7449YADQ.fastq.gz	s3://igvf-public/2024/11/16/4aa59274-e22b-4eeb-8fde-7aba9184f387/IGVFFI7449YADQ.fastq.gz
IGVFFI7993EOOO	raw	IGVFDS6481RUDF	C37	9	reads	fastq	2292483959	dae4d80ae1346cf39972167a47e52dc2	https://api.data.igvf.org/sequence-files/IGVFFI7993EOOO/@@download/IGVFFI7993EOOO.fastq.gz	s3://igvf-public/2024/11/16/71d31036-3930-4ea2-9a3f-1a1b3e955c85/IGVFFI7993EOOO.fastq.gz
IGVFFI9087PKPV	raw	IGVFDS6481RUDF	C37	9	reads	fastq	2426623347	50042c48e796a7bf15b7a239142c9ab5	https://api.data.igvf.org/sequence-files/IGVFFI9087PKPV/@@download/IGVFFI9087PKPV.fastq.gz	s3://igvf-public/2024/11/16/76cdeb39-c80d-4fe9-b39f-c596167302cf/IGVFFI9087PKPV.fastq.gz
IGVFFI9475PSDE	raw	IGVFDS6481RUDF	C37	9	reads	fastq	2463266206	121a228ba822c4b98e17eb3f2f01d0ce	https://api.data.igvf.org/sequence-files/IGVFFI9475PSDE/@@download/IGVFFI9475PSDE.fastq.gz	s3://igvf-public/2024/11/16/1fd2a652-48d5-4429-8905-bfaecfa1caaf/IGVFFI9475PSDE.fastq.gz
IGVFFI0257AFQL	raw	IGVFDS5562PVFA	C38	0	reads	fastq	2694220277	2e9e819bd783f9e10a4f828e54ec569b	https://api.data.igvf.org/sequence-files/IGVFFI0257AFQL/@@download/IGVFFI0257AFQL.fastq.gz	s3://igvf-public/2024/11/16/b2f4a84d-cd5a-4d14-921a-931f0fabb4c4/IGVFFI0257AFQL.fastq.gz
IGVFFI1339FFFP	raw	IGVFDS5562PVFA	C38	0	reads	fastq	2693769961	2005bc06fe01e6a9d8b052098a640743	https://api.data.igvf.org/sequence-files/IGVFFI1339FFFP/@@download/IGVFFI1339FFFP.fastq.gz	s3://igvf-public/2024/11/16/8e2e9141-2bd1-463b-ac83-64febb618492/IGVFFI1339FFFP.fastq.gz
IGVFFI2001JXCZ	raw	IGVFDS5562PVFA	C38	0	reads	fastq	2574119962	359109dbcb4589f72818f4857f9f3ad2	https://api.data.igvf.org/sequence-files/IGVFFI2001JXCZ/@@download/IGVFFI2001JXCZ.fastq.gz	s3://igvf-public/2024/11/16/b11031fe-0650-4a9e-b2dd-52b991c7ee36/IGVFFI2001JXCZ.fastq.gz
IGVFFI2612OUGB	raw	IGVFDS5562PVFA	C38	0	reads	fastq	2703308730	f175ab65d12fa75958364ab76d7acf99	https://api.data.igvf.org/sequence-files/IGVFFI2612OUGB/@@download/IGVFFI2612OUGB.fastq.gz	s3://igvf-public/2024/11/16/dd338866-ca33-4646-8013-0fd530879672/IGVFFI2612OUGB.fastq.gz
IGVFFI5295WLXB	raw	IGVFDS5562PVFA	C38	0	reads	fastq	2648298911	bbd57bb7d09968b04f5b1e2c2f62051d	https://api.data.igvf.org/sequence-files/IGVFFI5295WLXB/@@download/IGVFFI5295WLXB.fastq.gz	s3://igvf-public/2024/11/16/684ad3a7-37f1-4ac7-97ca-1348d9d4c137/IGVFFI5295WLXB.fastq.gz
IGVFFI5389VDPV	raw	IGVFDS5562PVFA	C38	0	reads	fastq	2774703511	6f61501e0006c4cc8ffe9e639706f3da	https://api.data.igvf.org/sequence-files/IGVFFI5389VDPV/@@download/IGVFFI5389VDPV.fastq.gz	s3://igvf-public/2024/11/16/b8e48554-db0e-4137-b3c8-7e0635a7d198/IGVFFI5389VDPV.fastq.gz
IGVFFI5507FPFX	raw	IGVFDS5562PVFA	C38	0	reads	fastq	2618507042	35c40d33feca5e25b8b67bf6b648ecca	https://api.data.igvf.org/sequence-files/IGVFFI5507FPFX/@@download/IGVFFI5507FPFX.fastq.gz	s3://igvf-public/2024/11/16/a3288eca-6300-4637-9fa7-d3920e2a6c48/IGVFFI5507FPFX.fastq.gz
IGVFFI5652UTVG	raw	IGVFDS5562PVFA	C38	0	reads	fastq	2679352130	6acf3ddbe2297b04d474b7f3cea8a22c	https://api.data.igvf.org/sequence-files/IGVFFI5652UTVG/@@download/IGVFFI5652UTVG.fastq.gz	s3://igvf-public/2024/11/16/af57edc9-f520-4e7f-92bc-a5d6ffe9e257/IGVFFI5652UTVG.fastq.gz
IGVFFI5967FRGV	raw	IGVFDS5562PVFA	C38	0	reads	fastq	2695527750	03c32b1342dd8a7fa9a84caa80227904	https://api.data.igvf.org/sequence-files/IGVFFI5967FRGV/@@download/IGVFFI5967FRGV.fastq.gz	s3://igvf-public/2024/11/16/5315e995-8502-4f93-8c4e-35d6ebc33ea5/IGVFFI5967FRGV.fastq.gz
IGVFFI6712NZWE	raw	IGVFDS5562PVFA	C38	0	reads	fastq	2715577908	713891b703422e4ffcedc1872ec4a343	https://api.data.igvf.org/sequence-files/IGVFFI6712NZWE/@@download/IGVFFI6712NZWE.fastq.gz	s3://igvf-public/2024/11/16/429b8730-52a4-44ac-acd9-91f7bee4fa4b/IGVFFI6712NZWE.fastq.gz
IGVFFI6745DGFM	raw	IGVFDS5562PVFA	C38	0	reads	fastq	2653873014	57157e0fe547106fe3128ad1d7f9554c	https://api.data.igvf.org/sequence-files/IGVFFI6745DGFM/@@download/IGVFFI6745DGFM.fastq.gz	s3://igvf-public/2024/11/16/a0d0f0db-427a-4f26-91b6-23f451a4d50e/IGVFFI6745DGFM.fastq.gz
IGVFFI6747TDZR	raw	IGVFDS5562PVFA	C38	0	reads	fastq	2585547532	839d351de3e57620bd02d3e89ac573c9	https://api.data.igvf.org/sequence-files/IGVFFI6747TDZR/@@download/IGVFFI6747TDZR.fastq.gz	s3://igvf-public/2024/11/16/fc94acfe-e80c-46d0-a74b-bafe3f69b89c/IGVFFI6747TDZR.fastq.gz
IGVFFI7958ZIJC	raw	IGVFDS5562PVFA	C38	0	reads	fastq	2736291603	b2d0148ec6e9d72fa0e23b5563b1bcb2	https://api.data.igvf.org/sequence-files/IGVFFI7958ZIJC/@@download/IGVFFI7958ZIJC.fastq.gz	s3://igvf-public/2024/11/16/7357a9fc-f7e6-42dd-a2b7-67cd305bfa5f/IGVFFI7958ZIJC.fastq.gz
IGVFFI8035KPSS	raw	IGVFDS5562PVFA	C38	0	reads	fastq	2544127954	e7e72b3dea08d9525c0728d9eb7db6ca	https://api.data.igvf.org/sequence-files/IGVFFI8035KPSS/@@download/IGVFFI8035KPSS.fastq.gz	s3://igvf-public/2024/11/16/75785f0d-c00a-4d14-9cbc-adbb86b794e2/IGVFFI8035KPSS.fastq.gz
IGVFFI9079FZFC	raw	IGVFDS5562PVFA	C38	0	reads	fastq	2744429407	47303d1d39d24747f0b3b0be8f62405c	https://api.data.igvf.org/sequence-files/IGVFFI9079FZFC/@@download/IGVFFI9079FZFC.fastq.gz	s3://igvf-public/2024/11/16/3489398e-1dfb-4ef7-b8fa-fc28fb7e2f9a/IGVFFI9079FZFC.fastq.gz
IGVFFI9688EEZO	raw	IGVFDS5562PVFA	C38	0	reads	fastq	2636767135	94f769d70214d4a94bd4bdbbcc4ecb6f	https://api.data.igvf.org/sequence-files/IGVFFI9688EEZO/@@download/IGVFFI9688EEZO.fastq.gz	s3://igvf-public/2024/11/16/8812ab52-4a4e-45bf-b29d-f59a2ba5eea3/IGVFFI9688EEZO.fastq.gz
IGVFFI0049ASTF	raw	IGVFDS6022TZAV	C38	12	reads	fastq	3128103893	3d5c017859580c89c46c2261dbeb77c6	https://api.data.igvf.org/sequence-files/IGVFFI0049ASTF/@@download/IGVFFI0049ASTF.fastq.gz	s3://igvf-public/2024/11/17/48102b11-efbf-4628-b77c-b7bc24d84817/IGVFFI0049ASTF.fastq.gz
IGVFFI0099ZFLK	raw	IGVFDS6022TZAV	C38	12	reads	fastq	3145896048	f67228c1d97022faca0282658a05444a	https://api.data.igvf.org/sequence-files/IGVFFI0099ZFLK/@@download/IGVFFI0099ZFLK.fastq.gz	s3://igvf-public/2024/11/17/6c2666aa-5c36-4d9a-ab42-f9f2214fc4d5/IGVFFI0099ZFLK.fastq.gz
IGVFFI0556BQRL	raw	IGVFDS6022TZAV	C38	12	reads	fastq	3120563103	18239a02cf9d16d489a01e3d3bf69ebb	https://api.data.igvf.org/sequence-files/IGVFFI0556BQRL/@@download/IGVFFI0556BQRL.fastq.gz	s3://igvf-public/2024/11/17/2a24300e-6e90-4c23-a082-e5cc7ab16715/IGVFFI0556BQRL.fastq.gz
IGVFFI0817AOTS	raw	IGVFDS6022TZAV	C38	12	reads	fastq	3264532243	14c3bfe890311f8b5dd7a87f6d545e23	https://api.data.igvf.org/sequence-files/IGVFFI0817AOTS/@@download/IGVFFI0817AOTS.fastq.gz	s3://igvf-public/2024/11/17/c9b70fc8-f395-49f1-ada8-31b20b4fbca1/IGVFFI0817AOTS.fastq.gz
IGVFFI1075ZISR	raw	IGVFDS6022TZAV	C38	12	reads	fastq	3145460093	32c99b963e95a0338b101190d1974dde	https://api.data.igvf.org/sequence-files/IGVFFI1075ZISR/@@download/IGVFFI1075ZISR.fastq.gz	s3://igvf-public/2024/11/17/d4fc5945-9e42-419a-863f-a012cd285d54/IGVFFI1075ZISR.fastq.gz
IGVFFI1738OKVC	raw	IGVFDS6022TZAV	C38	12	reads	fastq	3295357996	4041297eb523e303199685955a051451	https://api.data.igvf.org/sequence-files/IGVFFI1738OKVC/@@download/IGVFFI1738OKVC.fastq.gz	s3://igvf-public/2024/11/17/411ade65-ab6a-4810-a9e1-0ec441d8403c/IGVFFI1738OKVC.fastq.gz
IGVFFI2272RHXS	raw	IGVFDS6022TZAV	C38	12	reads	fastq	3251212408	42a98454b46c18b9d8b5f80c77dda689	https://api.data.igvf.org/sequence-files/IGVFFI2272RHXS/@@download/IGVFFI2272RHXS.fastq.gz	s3://igvf-public/2024/11/17/e202d90d-d0c2-4726-bd24-14a457e26e62/IGVFFI2272RHXS.fastq.gz
IGVFFI2791OSRK	raw	IGVFDS6022TZAV	C38	12	reads	fastq	3221306168	a63712380129764834676bd7c489cc0a	https://api.data.igvf.org/sequence-files/IGVFFI2791OSRK/@@download/IGVFFI2791OSRK.fastq.gz	s3://igvf-public/2024/11/17/434e7959-9871-4829-9667-ea0cdeba5004/IGVFFI2791OSRK.fastq.gz
IGVFFI4729UYMM	raw	IGVFDS6022TZAV	C38	12	reads	fastq	3005218361	939d6facf8adafcd75c610331a041c86	https://api.data.igvf.org/sequence-files/IGVFFI4729UYMM/@@download/IGVFFI4729UYMM.fastq.gz	s3://igvf-public/2024/11/16/28c9e250-2567-4238-a213-a9efbaec6497/IGVFFI4729UYMM.fastq.gz
IGVFFI4944LAEH	raw	IGVFDS6022TZAV	C38	12	reads	fastq	3177328143	1ea8504dd2bf8a7ee74724f81a5f2f16	https://api.data.igvf.org/sequence-files/IGVFFI4944LAEH/@@download/IGVFFI4944LAEH.fastq.gz	s3://igvf-public/2024/11/17/1fda5aa2-b880-451d-b5ae-7ce8eca71918/IGVFFI4944LAEH.fastq.gz
IGVFFI5952BXNO	raw	IGVFDS6022TZAV	C38	12	reads	fastq	3068594550	1b0f79a01eaf29bf1269cb3c2efa77f0	https://api.data.igvf.org/sequence-files/IGVFFI5952BXNO/@@download/IGVFFI5952BXNO.fastq.gz	s3://igvf-public/2024/11/16/08f36e42-2283-4b07-85de-98bf2a297346/IGVFFI5952BXNO.fastq.gz
IGVFFI5968MOIE	raw	IGVFDS6022TZAV	C38	12	reads	fastq	3173295636	2528e04ea208cf96b96b00ad593d0608	https://api.data.igvf.org/sequence-files/IGVFFI5968MOIE/@@download/IGVFFI5968MOIE.fastq.gz	s3://igvf-public/2024/11/17/ccc77a1e-2986-45d9-bf94-2203d2916f10/IGVFFI5968MOIE.fastq.gz
IGVFFI5975KWNE	raw	IGVFDS6022TZAV	C38	12	reads	fastq	3055071415	3e02592d2c12106e0a5122e050701151	https://api.data.igvf.org/sequence-files/IGVFFI5975KWNE/@@download/IGVFFI5975KWNE.fastq.gz	s3://igvf-public/2024/11/17/483cbe5b-f383-40bb-b7b1-a708fab344df/IGVFFI5975KWNE.fastq.gz
IGVFFI6625SZKP	raw	IGVFDS6022TZAV	C38	12	reads	fastq	3240921528	cc3059db2252621a3e729368d44aef54	https://api.data.igvf.org/sequence-files/IGVFFI6625SZKP/@@download/IGVFFI6625SZKP.fastq.gz	s3://igvf-public/2024/11/17/5ce2ffb4-cde4-47ca-80c7-a15f2c0edd14/IGVFFI6625SZKP.fastq.gz
IGVFFI7518EVWY	raw	IGVFDS6022TZAV	C38	12	reads	fastq	3240689775	181507139fc24bd90d6a8e22f0807a56	https://api.data.igvf.org/sequence-files/IGVFFI7518EVWY/@@download/IGVFFI7518EVWY.fastq.gz	s3://igvf-public/2024/11/17/bc46bd09-ba97-4b15-bad1-0d53474d24a0/IGVFFI7518EVWY.fastq.gz
IGVFFI7789FMIA	raw	IGVFDS6022TZAV	C38	12	reads	fastq	3197930381	d0eca1af47fc75afd7667c18a724930c	https://api.data.igvf.org/sequence-files/IGVFFI7789FMIA/@@download/IGVFFI7789FMIA.fastq.gz	s3://igvf-public/2024/11/17/d5368ff3-4228-495d-9c18-5fcedc461e09/IGVFFI7789FMIA.fastq.gz
IGVFFI0566HIUD	raw	IGVFDS4538IFHF	C38	14	reads	fastq	2665818926	f5016a7e14eab3678733fd976b55ce24	https://api.data.igvf.org/sequence-files/IGVFFI0566HIUD/@@download/IGVFFI0566HIUD.fastq.gz	s3://igvf-public/2024/11/17/e46f572a-59d3-4157-857a-72465f8aead6/IGVFFI0566HIUD.fastq.gz
IGVFFI0574KYCM	raw	IGVFDS4538IFHF	C38	14	reads	fastq	2727469533	bb3881200631e056ae9fc377378bdbf6	https://api.data.igvf.org/sequence-files/IGVFFI0574KYCM/@@download/IGVFFI0574KYCM.fastq.gz	s3://igvf-public/2024/11/17/dad562d6-3b7a-4b45-b2ac-ac7d68334fc2/IGVFFI0574KYCM.fastq.gz
IGVFFI0709KCGI	raw	IGVFDS4538IFHF	C38	14	reads	fastq	2612112703	b3ae6c86f3f2bb334162a4e9b56d8f14	https://api.data.igvf.org/sequence-files/IGVFFI0709KCGI/@@download/IGVFFI0709KCGI.fastq.gz	s3://igvf-public/2024/11/17/709a9ad3-237f-43c5-9f5c-3f554306a2f7/IGVFFI0709KCGI.fastq.gz
IGVFFI1356ZWDH	raw	IGVFDS4538IFHF	C38	14	reads	fastq	2624228889	74924a8d73e089cdcef54bdf4638ecf9	https://api.data.igvf.org/sequence-files/IGVFFI1356ZWDH/@@download/IGVFFI1356ZWDH.fastq.gz	s3://igvf-public/2024/11/17/b7f3576a-5078-4eaa-a876-5c78fcd5d810/IGVFFI1356ZWDH.fastq.gz
IGVFFI1763XXUT	raw	IGVFDS4538IFHF	C38	14	reads	fastq	2697790928	289dd20f6fb84dd8f25a58f6e3f99990	https://api.data.igvf.org/sequence-files/IGVFFI1763XXUT/@@download/IGVFFI1763XXUT.fastq.gz	s3://igvf-public/2024/11/17/43cce528-903e-4dd0-89a2-9e41595dc5a0/IGVFFI1763XXUT.fastq.gz
IGVFFI1825BLUM	raw	IGVFDS4538IFHF	C38	14	reads	fastq	2655161666	1dae3c2c4fb31054497294470a58973c	https://api.data.igvf.org/sequence-files/IGVFFI1825BLUM/@@download/IGVFFI1825BLUM.fastq.gz	s3://igvf-public/2024/11/17/68066a2b-f840-4fe5-9508-568930ed5532/IGVFFI1825BLUM.fastq.gz
IGVFFI2011JDFB	raw	IGVFDS4538IFHF	C38	14	reads	fastq	2704154294	17b26ff5f0fa45d26724f9649d54c5db	https://api.data.igvf.org/sequence-files/IGVFFI2011JDFB/@@download/IGVFFI2011JDFB.fastq.gz	s3://igvf-public/2024/11/17/34e33eac-3236-4362-9be0-0356cfab35a6/IGVFFI2011JDFB.fastq.gz
IGVFFI2089JXSQ	raw	IGVFDS4538IFHF	C38	14	reads	fastq	2768727472	8694cb42fc1414605cde0bc940ac26ba	https://api.data.igvf.org/sequence-files/IGVFFI2089JXSQ/@@download/IGVFFI2089JXSQ.fastq.gz	s3://igvf-public/2024/11/17/de1740b9-acc1-497e-85e6-597648e609f7/IGVFFI2089JXSQ.fastq.gz
IGVFFI2314ZANQ	raw	IGVFDS4538IFHF	C38	14	reads	fastq	2732008981	4b60ed91a0550da9a17debe525604b1f	https://api.data.igvf.org/sequence-files/IGVFFI2314ZANQ/@@download/IGVFFI2314ZANQ.fastq.gz	s3://igvf-public/2024/11/17/6db3fb0e-1ef2-4e51-ad4e-db1f118997c3/IGVFFI2314ZANQ.fastq.gz
IGVFFI2975BARF	raw	IGVFDS4538IFHF	C38	14	reads	fastq	2767625176	280158525fcddc3adf4bbe36617e704d	https://api.data.igvf.org/sequence-files/IGVFFI2975BARF/@@download/IGVFFI2975BARF.fastq.gz	s3://igvf-public/2024/11/17/210a49f3-577f-4125-8d99-7419acd93ac0/IGVFFI2975BARF.fastq.gz
IGVFFI4129BIKJ	raw	IGVFDS4538IFHF	C38	14	reads	fastq	2806749972	867091b9f78fe3769d2cf258230476b3	https://api.data.igvf.org/sequence-files/IGVFFI4129BIKJ/@@download/IGVFFI4129BIKJ.fastq.gz	s3://igvf-public/2024/11/17/a818ebf8-6057-4f46-87d6-f57c17ba4ac5/IGVFFI4129BIKJ.fastq.gz
IGVFFI4482KZUO	raw	IGVFDS4538IFHF	C38	14	reads	fastq	2767503425	1df7040611c046efdde10f20012f5d2c	https://api.data.igvf.org/sequence-files/IGVFFI4482KZUO/@@download/IGVFFI4482KZUO.fastq.gz	s3://igvf-public/2024/11/17/2d0df047-0067-4ec6-a49f-a5e100024334/IGVFFI4482KZUO.fastq.gz
IGVFFI4784HZFC	raw	IGVFDS4538IFHF	C38	14	reads	fastq	2691177684	1d039bb30237ddc2c03be84c142ba31b	https://api.data.igvf.org/sequence-files/IGVFFI4784HZFC/@@download/IGVFFI4784HZFC.fastq.gz	s3://igvf-public/2024/11/17/efebc67b-5e75-46d2-941d-129dc92bde45/IGVFFI4784HZFC.fastq.gz
IGVFFI6155HIDP	raw	IGVFDS4538IFHF	C38	14	reads	fastq	2744230053	f8336a6d90cf430fd22fa387a640fbb7	https://api.data.igvf.org/sequence-files/IGVFFI6155HIDP/@@download/IGVFFI6155HIDP.fastq.gz	s3://igvf-public/2024/11/17/52cfd592-e61b-481a-af36-82b548a30f02/IGVFFI6155HIDP.fastq.gz
IGVFFI7224XGPR	raw	IGVFDS4538IFHF	C38	14	reads	fastq	2571754459	287bd41b1e0b416491a412bf651546c7	https://api.data.igvf.org/sequence-files/IGVFFI7224XGPR/@@download/IGVFFI7224XGPR.fastq.gz	s3://igvf-public/2024/11/17/7550084f-7155-44f2-96c5-070f14aff5d7/IGVFFI7224XGPR.fastq.gz
IGVFFI7917ZLRM	raw	IGVFDS4538IFHF	C38	14	reads	fastq	2667836678	e4c1ced5ef0d6bbb095efa3f74403638	https://api.data.igvf.org/sequence-files/IGVFFI7917ZLRM/@@download/IGVFFI7917ZLRM.fastq.gz	s3://igvf-public/2024/11/17/48cdbe40-0da6-4c67-a5c2-c0e520f1291d/IGVFFI7917ZLRM.fastq.gz
IGVFFI1075HDIL	raw	IGVFDS7395LBWF	C38	1	reads	fastq	3519875128	2b8a1a4b5dc7559aaa20557c3a0c2fbc	https://api.data.igvf.org/sequence-files/IGVFFI1075HDIL/@@download/IGVFFI1075HDIL.fastq.gz	s3://igvf-public/2024/11/15/00d43a64-f634-4516-9a6b-532de6becd24/IGVFFI1075HDIL.fastq.gz
IGVFFI1700YKJQ	raw	IGVFDS7395LBWF	C38	1	reads	fastq	3478435630	5e83364e12b6f87b062737ac81fe6aba	https://api.data.igvf.org/sequence-files/IGVFFI1700YKJQ/@@download/IGVFFI1700YKJQ.fastq.gz	s3://igvf-public/2024/11/15/c215839a-c970-4afa-a603-a6bba669a31b/IGVFFI1700YKJQ.fastq.gz
IGVFFI3891CLVB	raw	IGVFDS7395LBWF	C38	1	reads	fastq	3399473925	b009eca44c69372e87fc8cd0a9ba1e95	https://api.data.igvf.org/sequence-files/IGVFFI3891CLVB/@@download/IGVFFI3891CLVB.fastq.gz	s3://igvf-public/2024/11/15/75e62dd2-be5b-485f-82c1-bf4a27e0b969/IGVFFI3891CLVB.fastq.gz
IGVFFI4458ZQUU	raw	IGVFDS7395LBWF	C38	1	reads	fastq	3512455034	e2bfbfc6112d2ac2282ce33ef3b62cd2	https://api.data.igvf.org/sequence-files/IGVFFI4458ZQUU/@@download/IGVFFI4458ZQUU.fastq.gz	s3://igvf-public/2024/11/15/8d7c24b4-48b9-4b20-96aa-50702a0d9294/IGVFFI4458ZQUU.fastq.gz
IGVFFI5083WFLV	raw	IGVFDS7395LBWF	C38	1	reads	fastq	3380380181	b75ba0770396da03f1358db95f017c17	https://api.data.igvf.org/sequence-files/IGVFFI5083WFLV/@@download/IGVFFI5083WFLV.fastq.gz	s3://igvf-public/2024/11/15/5a51bf9a-c11e-4359-858f-a0346dd954fa/IGVFFI5083WFLV.fastq.gz
IGVFFI6352AIKH	raw	IGVFDS7395LBWF	C38	1	reads	fastq	3491459326	3bc7721117daecff4554dc13a4e69bc7	https://api.data.igvf.org/sequence-files/IGVFFI6352AIKH/@@download/IGVFFI6352AIKH.fastq.gz	s3://igvf-public/2024/11/15/fe31bbd0-5da0-466e-a1e6-488338ed25c7/IGVFFI6352AIKH.fastq.gz
IGVFFI6594BRGV	raw	IGVFDS7395LBWF	C38	1	reads	fastq	3503858484	c0d721dc2f17f220b1e4d95f510a7666	https://api.data.igvf.org/sequence-files/IGVFFI6594BRGV/@@download/IGVFFI6594BRGV.fastq.gz	s3://igvf-public/2024/11/15/3b135e31-f848-4d6c-ab82-c369e169a5d5/IGVFFI6594BRGV.fastq.gz
IGVFFI7287GDVC	raw	IGVFDS7395LBWF	C38	1	reads	fastq	3446938953	91e7213aa06ee4ceb827f7d94e3101e2	https://api.data.igvf.org/sequence-files/IGVFFI7287GDVC/@@download/IGVFFI7287GDVC.fastq.gz	s3://igvf-public/2024/11/15/1f23a263-cc8d-4a4a-bd49-55bfdad90f77/IGVFFI7287GDVC.fastq.gz
IGVFFI7338CNLK	raw	IGVFDS7395LBWF	C38	1	reads	fastq	3533630624	ad643ca50a195d6ccf6c20fd4eb18d68	https://api.data.igvf.org/sequence-files/IGVFFI7338CNLK/@@download/IGVFFI7338CNLK.fastq.gz	s3://igvf-public/2024/11/15/80c5c26a-0778-43b4-997c-fd378e99b31e/IGVFFI7338CNLK.fastq.gz
IGVFFI8121WPSC	raw	IGVFDS7395LBWF	C38	1	reads	fastq	3472367141	d1a8c212499987ef026bc5db0dc86c46	https://api.data.igvf.org/sequence-files/IGVFFI8121WPSC/@@download/IGVFFI8121WPSC.fastq.gz	s3://igvf-public/2024/11/15/2652f008-df42-4570-8fac-b6af3d906ac2/IGVFFI8121WPSC.fastq.gz
IGVFFI8503RARK	raw	IGVFDS7395LBWF	C38	1	reads	fastq	3475827112	bce26f0fd26ff9aac702c41ab1bd8850	https://api.data.igvf.org/sequence-files/IGVFFI8503RARK/@@download/IGVFFI8503RARK.fastq.gz	s3://igvf-public/2024/11/15/7782b782-d284-4dd0-9b8d-e3750af48415/IGVFFI8503RARK.fastq.gz
IGVFFI8542AWMH	raw	IGVFDS7395LBWF	C38	1	reads	fastq	3514913250	ef9ff9dfe3fb5cb03628f7f7f3e0d79d	https://api.data.igvf.org/sequence-files/IGVFFI8542AWMH/@@download/IGVFFI8542AWMH.fastq.gz	s3://igvf-public/2024/11/15/3cf49ff3-0dbf-46cf-b700-01f13f1f7481/IGVFFI8542AWMH.fastq.gz
IGVFFI9066VBLN	raw	IGVFDS7395LBWF	C38	1	reads	fastq	3528346383	fd5e6b323d1a2a780242fb9c395a5625	https://api.data.igvf.org/sequence-files/IGVFFI9066VBLN/@@download/IGVFFI9066VBLN.fastq.gz	s3://igvf-public/2024/11/15/c94e1c7e-fb69-43ed-bcb9-f28ea7bbcf3b/IGVFFI9066VBLN.fastq.gz
IGVFFI9511VJLP	raw	IGVFDS7395LBWF	C38	1	reads	fastq	3471604650	2f5f5b43427c69707f48cb5a197f4196	https://api.data.igvf.org/sequence-files/IGVFFI9511VJLP/@@download/IGVFFI9511VJLP.fastq.gz	s3://igvf-public/2024/11/15/a90a4e5a-3385-40ec-a9cb-4e49a5caf375/IGVFFI9511VJLP.fastq.gz
IGVFFI9587BBAE	raw	IGVFDS7395LBWF	C38	1	reads	fastq	3442344478	118627257d85b60580933feb8cd8c20f	https://api.data.igvf.org/sequence-files/IGVFFI9587BBAE/@@download/IGVFFI9587BBAE.fastq.gz	s3://igvf-public/2024/11/15/c2eddc7d-8ae1-49cb-9d9a-c22f7b503a5c/IGVFFI9587BBAE.fastq.gz
IGVFFI9978CNOI	raw	IGVFDS7395LBWF	C38	1	reads	fastq	3462905266	c51b3ec1ab66faa26b60dc623b4f578d	https://api.data.igvf.org/sequence-files/IGVFFI9978CNOI/@@download/IGVFFI9978CNOI.fastq.gz	s3://igvf-public/2024/11/15/19838ca1-4f3f-4383-a5f3-972bb2e6bc0a/IGVFFI9978CNOI.fastq.gz
IGVFFI1336HGXA	raw	IGVFDS1989TSQP	C38	3	reads	fastq	2648451706	9b90806bb034824646c3d0666554749e	https://api.data.igvf.org/sequence-files/IGVFFI1336HGXA/@@download/IGVFFI1336HGXA.fastq.gz	s3://igvf-public/2024/11/18/a0533f3d-c247-4c2b-b0c3-733616ccd608/IGVFFI1336HGXA.fastq.gz
IGVFFI1377BTNZ	raw	IGVFDS1989TSQP	C38	3	reads	fastq	2531068737	bfc4fd758a72179eb65ab6780ce5db76	https://api.data.igvf.org/sequence-files/IGVFFI1377BTNZ/@@download/IGVFFI1377BTNZ.fastq.gz	s3://igvf-public/2024/11/18/4a88c965-1d5c-40cc-9244-abd9dcb7fe1c/IGVFFI1377BTNZ.fastq.gz
IGVFFI1999IICS	raw	IGVFDS1989TSQP	C38	3	reads	fastq	2564539687	1cd2705d12765dfe1c92175308ebe901	https://api.data.igvf.org/sequence-files/IGVFFI1999IICS/@@download/IGVFFI1999IICS.fastq.gz	s3://igvf-public/2024/11/18/17738cc2-c003-42fb-a51c-b3dc0bbc5226/IGVFFI1999IICS.fastq.gz
IGVFFI2432PPXT	raw	IGVFDS1989TSQP	C38	3	reads	fastq	2607687585	3a1e301d109cb8c779c77e38597542b0	https://api.data.igvf.org/sequence-files/IGVFFI2432PPXT/@@download/IGVFFI2432PPXT.fastq.gz	s3://igvf-public/2024/11/18/4f4159b5-cd12-4a59-acbb-d9cfa557aca4/IGVFFI2432PPXT.fastq.gz
IGVFFI2780MCHC	raw	IGVFDS1989TSQP	C38	3	reads	fastq	2566485789	a84cb45cb1af4a29f086e9ad2bc52bfe	https://api.data.igvf.org/sequence-files/IGVFFI2780MCHC/@@download/IGVFFI2780MCHC.fastq.gz	s3://igvf-public/2024/11/18/36de0822-9c87-449d-9b39-5c1290ff60f4/IGVFFI2780MCHC.fastq.gz
IGVFFI3073NTNE	raw	IGVFDS1989TSQP	C38	3	reads	fastq	2682762342	da34763d4bf818413512502cb52035ec	https://api.data.igvf.org/sequence-files/IGVFFI3073NTNE/@@download/IGVFFI3073NTNE.fastq.gz	s3://igvf-public/2024/11/18/7dc47c7b-7bcb-4138-9e62-7b7eb619e5f1/IGVFFI3073NTNE.fastq.gz
IGVFFI3134SKPW	raw	IGVFDS1989TSQP	C38	3	reads	fastq	2644872111	4536c85463cc07d62d181323f46fc4c5	https://api.data.igvf.org/sequence-files/IGVFFI3134SKPW/@@download/IGVFFI3134SKPW.fastq.gz	s3://igvf-public/2024/11/18/dbfc8298-4826-4ddc-998e-068d5a3fae93/IGVFFI3134SKPW.fastq.gz
IGVFFI4438LKCF	raw	IGVFDS1989TSQP	C38	3	reads	fastq	2628398604	a5dff7420d4cd7e4bb3b4d53305bd57e	https://api.data.igvf.org/sequence-files/IGVFFI4438LKCF/@@download/IGVFFI4438LKCF.fastq.gz	s3://igvf-public/2024/11/18/58d2802b-eadf-4df8-b6e7-3bb6597b9036/IGVFFI4438LKCF.fastq.gz
IGVFFI5220IEFT	raw	IGVFDS1989TSQP	C38	3	reads	fastq	2551956459	9209ace04a18b335c3b33223a689323f	https://api.data.igvf.org/sequence-files/IGVFFI5220IEFT/@@download/IGVFFI5220IEFT.fastq.gz	s3://igvf-public/2024/11/18/892ef57b-806e-486d-9d14-2dcb95ceaa48/IGVFFI5220IEFT.fastq.gz
IGVFFI5404VXLJ	raw	IGVFDS1989TSQP	C38	3	reads	fastq	2598092834	416b395df426a85681c33704e9a911e0	https://api.data.igvf.org/sequence-files/IGVFFI5404VXLJ/@@download/IGVFFI5404VXLJ.fastq.gz	s3://igvf-public/2024/11/18/c92b1b94-9b0e-449d-9d91-10a8c8e989a1/IGVFFI5404VXLJ.fastq.gz
IGVFFI7023FPGJ	raw	IGVFDS1989TSQP	C38	3	reads	fastq	2634279817	c8db2a8013bffe8f896b53788c2c0de6	https://api.data.igvf.org/sequence-files/IGVFFI7023FPGJ/@@download/IGVFFI7023FPGJ.fastq.gz	s3://igvf-public/2024/11/18/da5a4382-3fe5-47e9-96b6-01f88f5de135/IGVFFI7023FPGJ.fastq.gz
IGVFFI7049IGVP	raw	IGVFDS1989TSQP	C38	3	reads	fastq	2539276544	5fca3a18deba62f37837caebdaffa5a9	https://api.data.igvf.org/sequence-files/IGVFFI7049IGVP/@@download/IGVFFI7049IGVP.fastq.gz	s3://igvf-public/2024/11/18/0cccc8ad-c480-4553-ac4f-58370e9cf32c/IGVFFI7049IGVP.fastq.gz
IGVFFI7201GKMI	raw	IGVFDS1989TSQP	C38	3	reads	fastq	2560977041	10557dab53bc932b3fae05c5c993893a	https://api.data.igvf.org/sequence-files/IGVFFI7201GKMI/@@download/IGVFFI7201GKMI.fastq.gz	s3://igvf-public/2024/11/18/adc2556d-6c57-4efa-9cfb-ce95ed552a6a/IGVFFI7201GKMI.fastq.gz
IGVFFI7235LRPD	raw	IGVFDS1989TSQP	C38	3	reads	fastq	2552157785	944edc592c18d6cee7da853d3aa26951	https://api.data.igvf.org/sequence-files/IGVFFI7235LRPD/@@download/IGVFFI7235LRPD.fastq.gz	s3://igvf-public/2024/11/18/2f643019-077b-4073-a97c-93e86bdf6715/IGVFFI7235LRPD.fastq.gz
IGVFFI7335JPOJ	raw	IGVFDS1989TSQP	C38	3	reads	fastq	2598140357	aeb324ae6927121966a8f87bfb702c24	https://api.data.igvf.org/sequence-files/IGVFFI7335JPOJ/@@download/IGVFFI7335JPOJ.fastq.gz	s3://igvf-public/2024/11/18/708a1f1f-ed81-4410-9c5d-b02d19bbc867/IGVFFI7335JPOJ.fastq.gz
IGVFFI9152ISPL	raw	IGVFDS1989TSQP	C38	3	reads	fastq	2651220820	bb86610912d71a4c1ada7408acbc1ce1	https://api.data.igvf.org/sequence-files/IGVFFI9152ISPL/@@download/IGVFFI9152ISPL.fastq.gz	s3://igvf-public/2024/11/18/1870fb0b-3e1b-4169-90dd-8315c002b362/IGVFFI9152ISPL.fastq.gz
IGVFFI0307CSXE	raw	IGVFDS1811BKZP	C38	5	reads	fastq	2670220997	9b34916e9d06a3b4cc01a559bd280f70	https://api.data.igvf.org/sequence-files/IGVFFI0307CSXE/@@download/IGVFFI0307CSXE.fastq.gz	s3://igvf-public/2024/11/17/e9e83875-d33c-4462-bd38-638042c276ef/IGVFFI0307CSXE.fastq.gz
IGVFFI0599GHZE	raw	IGVFDS1811BKZP	C38	5	reads	fastq	2732818880	6275dce754693500daf4cc0d2f89c6c0	https://api.data.igvf.org/sequence-files/IGVFFI0599GHZE/@@download/IGVFFI0599GHZE.fastq.gz	s3://igvf-public/2024/11/17/e67c3808-d1b5-433d-9fc3-908d83f510b7/IGVFFI0599GHZE.fastq.gz
IGVFFI0967TCIZ	raw	IGVFDS1811BKZP	C38	5	reads	fastq	2629498481	42abf4471b3b5296e74f85bba0270541	https://api.data.igvf.org/sequence-files/IGVFFI0967TCIZ/@@download/IGVFFI0967TCIZ.fastq.gz	s3://igvf-public/2024/11/17/a3606de3-ba01-4d9b-a2ba-ec2f91bd78e0/IGVFFI0967TCIZ.fastq.gz
IGVFFI1106KELZ	raw	IGVFDS1811BKZP	C38	5	reads	fastq	2635394654	4ad02fd27846042c9a2db7dc0aa21260	https://api.data.igvf.org/sequence-files/IGVFFI1106KELZ/@@download/IGVFFI1106KELZ.fastq.gz	s3://igvf-public/2024/11/17/ebc3c9cd-d419-49a0-aa05-b04b38cc6cc8/IGVFFI1106KELZ.fastq.gz
IGVFFI2353ZXIY	raw	IGVFDS1811BKZP	C38	5	reads	fastq	2757727021	31f7eb26caaae94999cd5daa658af7bc	https://api.data.igvf.org/sequence-files/IGVFFI2353ZXIY/@@download/IGVFFI2353ZXIY.fastq.gz	s3://igvf-public/2024/11/17/d3d50bff-f61d-452d-9e83-37ca346894ee/IGVFFI2353ZXIY.fastq.gz
IGVFFI3061KCIJ	raw	IGVFDS1811BKZP	C38	5	reads	fastq	2702830257	0bd2209985759428b1b51821604b8bd8	https://api.data.igvf.org/sequence-files/IGVFFI3061KCIJ/@@download/IGVFFI3061KCIJ.fastq.gz	s3://igvf-public/2024/11/17/bce08288-0543-487a-b8f7-4991c86ee122/IGVFFI3061KCIJ.fastq.gz
IGVFFI3184GKRT	raw	IGVFDS1811BKZP	C38	5	reads	fastq	2585033482	c61033b6f79e79c0e5ec6868043f2b58	https://api.data.igvf.org/sequence-files/IGVFFI3184GKRT/@@download/IGVFFI3184GKRT.fastq.gz	s3://igvf-public/2024/11/17/22aec857-2653-439f-87f9-81dfefd20e17/IGVFFI3184GKRT.fastq.gz
IGVFFI3187SAWG	raw	IGVFDS1811BKZP	C38	5	reads	fastq	2785188677	0a43a59bbfb3f78cad18a12138706bb6	https://api.data.igvf.org/sequence-files/IGVFFI3187SAWG/@@download/IGVFFI3187SAWG.fastq.gz	s3://igvf-public/2024/11/17/cf809eed-ea63-45f2-a363-6b951c86ec9f/IGVFFI3187SAWG.fastq.gz
IGVFFI3372JFIQ	raw	IGVFDS1811BKZP	C38	5	reads	fastq	2715720930	d68ff5fedaed2937a32a7e33045a151b	https://api.data.igvf.org/sequence-files/IGVFFI3372JFIQ/@@download/IGVFFI3372JFIQ.fastq.gz	s3://igvf-public/2024/11/17/a2a6c3bc-c67f-4a18-ad41-b9d8ea47a1fe/IGVFFI3372JFIQ.fastq.gz
IGVFFI4361BOTN	raw	IGVFDS1811BKZP	C38	5	reads	fastq	2766224261	c0240bf6b33287d823c22d5d5a6f2127	https://api.data.igvf.org/sequence-files/IGVFFI4361BOTN/@@download/IGVFFI4361BOTN.fastq.gz	s3://igvf-public/2024/11/17/17ff20f6-1ba7-40b7-bc78-38ecf86bbcdd/IGVFFI4361BOTN.fastq.gz
IGVFFI4412COCD	raw	IGVFDS1811BKZP	C38	5	reads	fastq	2815780487	51949a07f8b40f669a2e5982ef34a17f	https://api.data.igvf.org/sequence-files/IGVFFI4412COCD/@@download/IGVFFI4412COCD.fastq.gz	s3://igvf-public/2024/11/17/4dacf806-2a5c-4f45-9640-dba78a5a1a5d/IGVFFI4412COCD.fastq.gz
IGVFFI4573APCF	raw	IGVFDS1811BKZP	C38	5	reads	fastq	2828683301	94a5f6ff4731e8877a66d7c09daa90c9	https://api.data.igvf.org/sequence-files/IGVFFI4573APCF/@@download/IGVFFI4573APCF.fastq.gz	s3://igvf-public/2024/11/17/7a018582-37b9-4435-b98f-4e29ff768e8f/IGVFFI4573APCF.fastq.gz
IGVFFI5660XPHU	raw	IGVFDS1811BKZP	C38	5	reads	fastq	2705265376	fb3f1c3cbbb7947fb0653fc089ad75e0	https://api.data.igvf.org/sequence-files/IGVFFI5660XPHU/@@download/IGVFFI5660XPHU.fastq.gz	s3://igvf-public/2024/11/17/5d043a51-f0a4-4255-979a-3658dad3c882/IGVFFI5660XPHU.fastq.gz
IGVFFI6167UYRN	raw	IGVFDS1811BKZP	C38	5	reads	fastq	2625206184	67060c94364ea9306cf7ea86a604a959	https://api.data.igvf.org/sequence-files/IGVFFI6167UYRN/@@download/IGVFFI6167UYRN.fastq.gz	s3://igvf-public/2024/11/17/ca6a550a-638a-47bd-b528-ff86d598def7/IGVFFI6167UYRN.fastq.gz
IGVFFI6611UDBB	raw	IGVFDS1811BKZP	C38	5	reads	fastq	2679256181	8097de63cc85fa3ce48c5026160e92d2	https://api.data.igvf.org/sequence-files/IGVFFI6611UDBB/@@download/IGVFFI6611UDBB.fastq.gz	s3://igvf-public/2024/11/17/2fd5b15e-a207-4386-9bd9-e93849aed521/IGVFFI6611UDBB.fastq.gz
IGVFFI6662HFEU	raw	IGVFDS1811BKZP	C38	5	reads	fastq	2745465343	a2a44da86223b8fe67ca345393dce763	https://api.data.igvf.org/sequence-files/IGVFFI6662HFEU/@@download/IGVFFI6662HFEU.fastq.gz	s3://igvf-public/2024/11/17/6ff33814-37b7-4916-bf8c-17e798b0a2d3/IGVFFI6662HFEU.fastq.gz
IGVFFI0502FFZW	raw	IGVFDS4954EITX	C38	7	reads	fastq	2646308811	0b9e17b254f48e00f2e7ef4de345e22a	https://api.data.igvf.org/sequence-files/IGVFFI0502FFZW/@@download/IGVFFI0502FFZW.fastq.gz	s3://igvf-public/2024/11/18/879c5fdf-cb93-4976-a1c0-beb1f4d8c5e5/IGVFFI0502FFZW.fastq.gz
IGVFFI1008WAPR	raw	IGVFDS4954EITX	C38	7	reads	fastq	2601499235	7bbf8235d3c8c18727229e6a474a4eed	https://api.data.igvf.org/sequence-files/IGVFFI1008WAPR/@@download/IGVFFI1008WAPR.fastq.gz	s3://igvf-public/2024/11/18/8a701be6-a99f-442a-8fa8-705d14daeac9/IGVFFI1008WAPR.fastq.gz
IGVFFI2282LGOK	raw	IGVFDS4954EITX	C38	7	reads	fastq	2633899744	a9d9a17d18322a9382b3fe28f3c75034	https://api.data.igvf.org/sequence-files/IGVFFI2282LGOK/@@download/IGVFFI2282LGOK.fastq.gz	s3://igvf-public/2024/11/18/6d93e55a-1e8b-4f13-bf08-65acbe4950a7/IGVFFI2282LGOK.fastq.gz
IGVFFI2358LHRB	raw	IGVFDS4954EITX	C38	7	reads	fastq	2622862166	5f52100a64deae0b7df0ecc87d104e91	https://api.data.igvf.org/sequence-files/IGVFFI2358LHRB/@@download/IGVFFI2358LHRB.fastq.gz	s3://igvf-public/2024/11/18/79c6c2c1-23df-4d2f-b70b-07c235318e48/IGVFFI2358LHRB.fastq.gz
IGVFFI2469PLFS	raw	IGVFDS4954EITX	C38	7	reads	fastq	2675109072	790f69d7d391ae23d699372ad78a9ec4	https://api.data.igvf.org/sequence-files/IGVFFI2469PLFS/@@download/IGVFFI2469PLFS.fastq.gz	s3://igvf-public/2024/11/18/3168d4b4-3487-4388-9b8a-8d6d1af4a86d/IGVFFI2469PLFS.fastq.gz
IGVFFI3003PPNR	raw	IGVFDS4954EITX	C38	7	reads	fastq	2680782046	91b93806fd50822ac9b3a3a1dc06653a	https://api.data.igvf.org/sequence-files/IGVFFI3003PPNR/@@download/IGVFFI3003PPNR.fastq.gz	s3://igvf-public/2024/11/18/6551ce58-9ece-4906-b6d0-cddf258aae38/IGVFFI3003PPNR.fastq.gz
IGVFFI5776ZZLZ	raw	IGVFDS4954EITX	C38	7	reads	fastq	2645610394	a37dd4f0271a268cac2353d9c456a127	https://api.data.igvf.org/sequence-files/IGVFFI5776ZZLZ/@@download/IGVFFI5776ZZLZ.fastq.gz	s3://igvf-public/2024/11/18/4b6c49e3-82ca-4adf-877a-ce93b5a280b3/IGVFFI5776ZZLZ.fastq.gz
IGVFFI6186WCQN	raw	IGVFDS4954EITX	C38	7	reads	fastq	2624864828	2fc9f92c419cc28f0f31d026f001db32	https://api.data.igvf.org/sequence-files/IGVFFI6186WCQN/@@download/IGVFFI6186WCQN.fastq.gz	s3://igvf-public/2024/11/18/4483f6e9-edbe-4e24-8569-6816cb0dbdb2/IGVFFI6186WCQN.fastq.gz
IGVFFI6416XYRF	raw	IGVFDS4954EITX	C38	7	reads	fastq	2622798319	ee9afe99d9486624b6a2b902497a9a22	https://api.data.igvf.org/sequence-files/IGVFFI6416XYRF/@@download/IGVFFI6416XYRF.fastq.gz	s3://igvf-public/2024/11/18/787fa76d-b151-4f75-a163-233184079e47/IGVFFI6416XYRF.fastq.gz
IGVFFI6454EHMG	raw	IGVFDS4954EITX	C38	7	reads	fastq	2686625005	9a1d28339d4e248633f82c10b3aef23c	https://api.data.igvf.org/sequence-files/IGVFFI6454EHMG/@@download/IGVFFI6454EHMG.fastq.gz	s3://igvf-public/2024/11/18/eb9a2e2a-27cd-4cde-bcc5-1fe3db75a0ab/IGVFFI6454EHMG.fastq.gz
IGVFFI8665GLRZ	raw	IGVFDS4954EITX	C38	7	reads	fastq	2595667877	a1541fe0d8af2a2569f01859b17ccd0f	https://api.data.igvf.org/sequence-files/IGVFFI8665GLRZ/@@download/IGVFFI8665GLRZ.fastq.gz	s3://igvf-public/2024/11/18/fdff6ad6-37ea-423a-8ff1-39dafff96aa1/IGVFFI8665GLRZ.fastq.gz
IGVFFI9209SXJD	raw	IGVFDS4954EITX	C38	7	reads	fastq	2634635728	5718d5c80e7a1fda1121ea972c99a28f	https://api.data.igvf.org/sequence-files/IGVFFI9209SXJD/@@download/IGVFFI9209SXJD.fastq.gz	s3://igvf-public/2024/11/19/c8a718f1-f7bd-4c59-9290-b85b1641a8c5/IGVFFI9209SXJD.fastq.gz
IGVFFI9396DLRF	raw	IGVFDS4954EITX	C38	7	reads	fastq	2670734437	188db301386ee79c28af4743ea834a59	https://api.data.igvf.org/sequence-files/IGVFFI9396DLRF/@@download/IGVFFI9396DLRF.fastq.gz	s3://igvf-public/2024/11/18/be844769-c303-41e1-b943-09865b9d366a/IGVFFI9396DLRF.fastq.gz
IGVFFI9415IZHG	raw	IGVFDS4954EITX	C38	7	reads	fastq	2616202815	25ba27d8fa048b1d197f5198be38d019	https://api.data.igvf.org/sequence-files/IGVFFI9415IZHG/@@download/IGVFFI9415IZHG.fastq.gz	s3://igvf-public/2024/11/18/cc9fd95b-6a33-4c9f-b005-e9d45057607a/IGVFFI9415IZHG.fastq.gz
IGVFFI9750AGVK	raw	IGVFDS4954EITX	C38	7	reads	fastq	2702596821	1019ea83969aa7a874eae87967b2b0dd	https://api.data.igvf.org/sequence-files/IGVFFI9750AGVK/@@download/IGVFFI9750AGVK.fastq.gz	s3://igvf-public/2024/11/18/a99b9cb5-a980-47a3-a32b-c52501e5c402/IGVFFI9750AGVK.fastq.gz
IGVFFI9794BDND	raw	IGVFDS4954EITX	C38	7	reads	fastq	2597151466	49d8e55d1912e279a2c5896de4232d8a	https://api.data.igvf.org/sequence-files/IGVFFI9794BDND/@@download/IGVFFI9794BDND.fastq.gz	s3://igvf-public/2024/11/19/32699774-b1f4-4f69-ae4d-3361431ae024/IGVFFI9794BDND.fastq.gz
IGVFFI0674BWNB	raw	IGVFDS8293KTMP	C38	9	reads	fastq	3392753669	d9d2140779f609d11c99be14078854ba	https://api.data.igvf.org/sequence-files/IGVFFI0674BWNB/@@download/IGVFFI0674BWNB.fastq.gz	s3://igvf-public/2024/11/15/7b493c8d-e612-4c53-a1ff-389e827d813d/IGVFFI0674BWNB.fastq.gz
IGVFFI2150EGOD	raw	IGVFDS8293KTMP	C38	9	reads	fastq	3329006819	c530940fcb777b44be7ff56d5699233b	https://api.data.igvf.org/sequence-files/IGVFFI2150EGOD/@@download/IGVFFI2150EGOD.fastq.gz	s3://igvf-public/2024/11/15/1968cfd9-6523-47cf-b42a-4625f3946d0a/IGVFFI2150EGOD.fastq.gz
IGVFFI2754RNXP	raw	IGVFDS8293KTMP	C38	9	reads	fastq	3318181133	069a4fd413013c2b2c6533ab1d757c22	https://api.data.igvf.org/sequence-files/IGVFFI2754RNXP/@@download/IGVFFI2754RNXP.fastq.gz	s3://igvf-public/2024/11/15/80252887-f101-497d-a028-0e16a0ee40c2/IGVFFI2754RNXP.fastq.gz
IGVFFI2881SIWK	raw	IGVFDS8293KTMP	C38	9	reads	fastq	3328040644	64e0f9118e572d7ff277842e6b2f9fdf	https://api.data.igvf.org/sequence-files/IGVFFI2881SIWK/@@download/IGVFFI2881SIWK.fastq.gz	s3://igvf-public/2024/11/15/c0536c5c-fcaa-433b-93e4-792779c99183/IGVFFI2881SIWK.fastq.gz
IGVFFI2916VNYA	raw	IGVFDS8293KTMP	C38	9	reads	fastq	3254363706	e3dbcd8cec2384051614e492665bdd1a	https://api.data.igvf.org/sequence-files/IGVFFI2916VNYA/@@download/IGVFFI2916VNYA.fastq.gz	s3://igvf-public/2024/11/15/641dbaca-c774-479d-81f7-d6f213c4c020/IGVFFI2916VNYA.fastq.gz
IGVFFI3412PXDV	raw	IGVFDS8293KTMP	C38	9	reads	fastq	3247622632	d4e7293bdbadc5e41c521c1dd77b9dff	https://api.data.igvf.org/sequence-files/IGVFFI3412PXDV/@@download/IGVFFI3412PXDV.fastq.gz	s3://igvf-public/2024/11/15/1ff72d8b-2a9b-4e67-9c62-ffba3fbc2d9f/IGVFFI3412PXDV.fastq.gz
IGVFFI4092TTDE	raw	IGVFDS8293KTMP	C38	9	reads	fastq	3313894213	ac96a2a7093d36e73bc63970ba37f44e	https://api.data.igvf.org/sequence-files/IGVFFI4092TTDE/@@download/IGVFFI4092TTDE.fastq.gz	s3://igvf-public/2024/11/15/6bc386ec-72bc-4bcd-93fc-be13264ef3c5/IGVFFI4092TTDE.fastq.gz
IGVFFI4248ZCQI	raw	IGVFDS8293KTMP	C38	9	reads	fastq	3268106563	b9c1bf79c865d18b2048641c4a1333f0	https://api.data.igvf.org/sequence-files/IGVFFI4248ZCQI/@@download/IGVFFI4248ZCQI.fastq.gz	s3://igvf-public/2024/11/15/610079ed-32b1-4ec8-a89a-60daf6aed8c9/IGVFFI4248ZCQI.fastq.gz
IGVFFI4280CBOT	raw	IGVFDS8293KTMP	C38	9	reads	fastq	3310035925	6f370e7a1752d47b7c6004227ed2f262	https://api.data.igvf.org/sequence-files/IGVFFI4280CBOT/@@download/IGVFFI4280CBOT.fastq.gz	s3://igvf-public/2024/11/15/2aab8a60-7505-4e00-9635-503c46495668/IGVFFI4280CBOT.fastq.gz
IGVFFI5845QXMT	raw	IGVFDS8293KTMP	C38	9	reads	fastq	3360977345	7b240f874289e21124ee143217347be8	https://api.data.igvf.org/sequence-files/IGVFFI5845QXMT/@@download/IGVFFI5845QXMT.fastq.gz	s3://igvf-public/2024/11/15/06b80801-ef3e-476b-88f6-cd61738387d5/IGVFFI5845QXMT.fastq.gz
IGVFFI6030BYUK	raw	IGVFDS8293KTMP	C38	9	reads	fastq	3359696808	ce32e55326a6fe484009afc1c38c31b6	https://api.data.igvf.org/sequence-files/IGVFFI6030BYUK/@@download/IGVFFI6030BYUK.fastq.gz	s3://igvf-public/2024/11/15/259d09ab-e46e-4824-b3ce-2cd8224a2ce1/IGVFFI6030BYUK.fastq.gz
IGVFFI6948QLLX	raw	IGVFDS8293KTMP	C38	9	reads	fastq	3293510176	83e2da04e694c00784e9dc633121ac2a	https://api.data.igvf.org/sequence-files/IGVFFI6948QLLX/@@download/IGVFFI6948QLLX.fastq.gz	s3://igvf-public/2024/11/15/6dd76688-f795-41a5-af3c-fdd72f8cb6b3/IGVFFI6948QLLX.fastq.gz
IGVFFI7845PRAW	raw	IGVFDS8293KTMP	C38	9	reads	fastq	3342744799	4a3132740b8ac855049c1b1c80093d0e	https://api.data.igvf.org/sequence-files/IGVFFI7845PRAW/@@download/IGVFFI7845PRAW.fastq.gz	s3://igvf-public/2024/11/15/9ee15089-2be0-4a4c-9594-870d574a8175/IGVFFI7845PRAW.fastq.gz
IGVFFI8583HNVA	raw	IGVFDS8293KTMP	C38	9	reads	fastq	3245794693	5f62c97bbdaf72ef9766934a2c4f3304	https://api.data.igvf.org/sequence-files/IGVFFI8583HNVA/@@download/IGVFFI8583HNVA.fastq.gz	s3://igvf-public/2024/11/15/eb7b89fb-2f87-40e7-9c3a-e3b7c3c0ed22/IGVFFI8583HNVA.fastq.gz
IGVFFI8762KVPJ	raw	IGVFDS8293KTMP	C38	9	reads	fastq	3361175094	9e14ccc6783338e6ea5176fd39bb501d	https://api.data.igvf.org/sequence-files/IGVFFI8762KVPJ/@@download/IGVFFI8762KVPJ.fastq.gz	s3://igvf-public/2024/11/15/91110be3-ff7e-4b3d-bf16-384c9dd5b8b1/IGVFFI8762KVPJ.fastq.gz
IGVFFI9310NDFF	raw	IGVFDS8293KTMP	C38	9	reads	fastq	3335703173	9413f0de00b80d8d89d4628cf7587689	https://api.data.igvf.org/sequence-files/IGVFFI9310NDFF/@@download/IGVFFI9310NDFF.fastq.gz	s3://igvf-public/2024/11/15/5b67cba4-0ca8-42d1-8aae-33a43c022ebf/IGVFFI9310NDFF.fastq.gz
IGVFFI0229OWYG	raw	IGVFDS8729LTAJ	C39	0	reads	fastq	3442138805	d554bdead70ee13c7d71f627dda22081	https://api.data.igvf.org/sequence-files/IGVFFI0229OWYG/@@download/IGVFFI0229OWYG.fastq.gz	s3://igvf-public/2024/11/17/704c6565-f507-4885-be63-4d655369d64d/IGVFFI0229OWYG.fastq.gz
IGVFFI0499KNHL	raw	IGVFDS8729LTAJ	C39	0	reads	fastq	3332704013	139f87d28e8f591ec439dbfe0eec8492	https://api.data.igvf.org/sequence-files/IGVFFI0499KNHL/@@download/IGVFFI0499KNHL.fastq.gz	s3://igvf-public/2024/11/17/ba785075-4302-4865-a7b5-d11f7db5e1e9/IGVFFI0499KNHL.fastq.gz
IGVFFI0823FVLU	raw	IGVFDS8729LTAJ	C39	0	reads	fastq	3294410768	25131a7feb3f0f2d2f51022cfb5e1d1a	https://api.data.igvf.org/sequence-files/IGVFFI0823FVLU/@@download/IGVFFI0823FVLU.fastq.gz	s3://igvf-public/2024/11/17/22ab5963-ddbb-431f-8589-1866de8d19f5/IGVFFI0823FVLU.fastq.gz
IGVFFI1638USRV	raw	IGVFDS8729LTAJ	C39	0	reads	fastq	3430332809	80a22eb4ce0b57bfc70898edaa6c5c76	https://api.data.igvf.org/sequence-files/IGVFFI1638USRV/@@download/IGVFFI1638USRV.fastq.gz	s3://igvf-public/2024/11/17/4391de6a-36e2-42ca-bf48-fb91afdec599/IGVFFI1638USRV.fastq.gz
IGVFFI1754LETO	raw	IGVFDS8729LTAJ	C39	0	reads	fastq	3480011143	5b0e6cd337d6217502f546f9501cd7e4	https://api.data.igvf.org/sequence-files/IGVFFI1754LETO/@@download/IGVFFI1754LETO.fastq.gz	s3://igvf-public/2024/11/17/552c9de8-dfbe-497c-98d0-8e229d152692/IGVFFI1754LETO.fastq.gz
IGVFFI2965VAMY	raw	IGVFDS8729LTAJ	C39	0	reads	fastq	3308544777	b223a7400c3ed3bb376be80182cc73e6	https://api.data.igvf.org/sequence-files/IGVFFI2965VAMY/@@download/IGVFFI2965VAMY.fastq.gz	s3://igvf-public/2024/11/17/e06df31d-94a8-4383-a3d5-1615f8bfbaec/IGVFFI2965VAMY.fastq.gz
IGVFFI3372TIQC	raw	IGVFDS8729LTAJ	C39	0	reads	fastq	3422523244	219da32989a4f76db951644d8d1227db	https://api.data.igvf.org/sequence-files/IGVFFI3372TIQC/@@download/IGVFFI3372TIQC.fastq.gz	s3://igvf-public/2024/11/17/deae254d-1cf4-411d-95f3-30c193c96288/IGVFFI3372TIQC.fastq.gz
IGVFFI3545HELW	raw	IGVFDS8729LTAJ	C39	0	reads	fastq	3235064130	8ca94e367828c1e836d62af66899de5c	https://api.data.igvf.org/sequence-files/IGVFFI3545HELW/@@download/IGVFFI3545HELW.fastq.gz	s3://igvf-public/2024/11/17/71add84c-3501-4e91-a8c2-82cde1b417fa/IGVFFI3545HELW.fastq.gz
IGVFFI3997WWTW	raw	IGVFDS8729LTAJ	C39	0	reads	fastq	3243215648	4bc7bad89b781e8080f62c83abcf2ff5	https://api.data.igvf.org/sequence-files/IGVFFI3997WWTW/@@download/IGVFFI3997WWTW.fastq.gz	s3://igvf-public/2024/11/17/36234477-db07-4956-b9cd-62e2e6ab595d/IGVFFI3997WWTW.fastq.gz
IGVFFI4842RODY	raw	IGVFDS8729LTAJ	C39	0	reads	fastq	3391387313	831aef84a839a80d1240ca290ee90ddd	https://api.data.igvf.org/sequence-files/IGVFFI4842RODY/@@download/IGVFFI4842RODY.fastq.gz	s3://igvf-public/2024/11/17/4393c8e0-33dc-4fb1-8583-2ec6da7489f6/IGVFFI4842RODY.fastq.gz
IGVFFI5664DDDV	raw	IGVFDS8729LTAJ	C39	0	reads	fastq	3394600456	b52923d3c5b9d10c118d994932e35e7c	https://api.data.igvf.org/sequence-files/IGVFFI5664DDDV/@@download/IGVFFI5664DDDV.fastq.gz	s3://igvf-public/2024/11/17/5d48ab39-a53b-4998-b972-2cb6cbdbe2ae/IGVFFI5664DDDV.fastq.gz
IGVFFI6820WMNN	raw	IGVFDS8729LTAJ	C39	0	reads	fastq	3334719743	fb3a732a25b340a0fc1ab583b161e1f2	https://api.data.igvf.org/sequence-files/IGVFFI6820WMNN/@@download/IGVFFI6820WMNN.fastq.gz	s3://igvf-public/2024/11/17/965e7bb3-45c2-4560-9ae8-995077c8aa2f/IGVFFI6820WMNN.fastq.gz
IGVFFI6945DPTH	raw	IGVFDS8729LTAJ	C39	0	reads	fastq	3185419095	edfdd34ab5cdbc08d79b7970a82a529d	https://api.data.igvf.org/sequence-files/IGVFFI6945DPTH/@@download/IGVFFI6945DPTH.fastq.gz	s3://igvf-public/2024/11/17/33f8aa1d-30b4-4081-8ec8-5e318ce931da/IGVFFI6945DPTH.fastq.gz
IGVFFI9474WJXC	raw	IGVFDS8729LTAJ	C39	0	reads	fastq	3363356426	4828035766e1378cef4a47da2280b50c	https://api.data.igvf.org/sequence-files/IGVFFI9474WJXC/@@download/IGVFFI9474WJXC.fastq.gz	s3://igvf-public/2024/11/17/a9e3bafb-2f20-4484-8611-28772e5ef65b/IGVFFI9474WJXC.fastq.gz
IGVFFI9737WIYQ	raw	IGVFDS8729LTAJ	C39	0	reads	fastq	3419487010	63ce45765bfef81d56cd80798efc924e	https://api.data.igvf.org/sequence-files/IGVFFI9737WIYQ/@@download/IGVFFI9737WIYQ.fastq.gz	s3://igvf-public/2024/11/17/36ec5f9e-fd66-45c3-8372-fb55e2706925/IGVFFI9737WIYQ.fastq.gz
IGVFFI9757AMUH	raw	IGVFDS8729LTAJ	C39	0	reads	fastq	3361240293	7cf742408417bdb0bd016b8143d2b316	https://api.data.igvf.org/sequence-files/IGVFFI9757AMUH/@@download/IGVFFI9757AMUH.fastq.gz	s3://igvf-public/2024/11/17/11f5175d-9de7-4c74-b8fd-5e1c470df35c/IGVFFI9757AMUH.fastq.gz
IGVFFI0579NKQZ	raw	IGVFDS4429VWLZ	C39	12	reads	fastq	3195700232	e4b250db90e7598d66c8b4c9156dc455	https://api.data.igvf.org/sequence-files/IGVFFI0579NKQZ/@@download/IGVFFI0579NKQZ.fastq.gz	s3://igvf-public/2024/11/17/36f7e387-6fa6-4046-b625-72465d41def4/IGVFFI0579NKQZ.fastq.gz
IGVFFI1347QYEY	raw	IGVFDS4429VWLZ	C39	12	reads	fastq	3185026041	3816b45d3e0d540c84eaee440f320aa7	https://api.data.igvf.org/sequence-files/IGVFFI1347QYEY/@@download/IGVFFI1347QYEY.fastq.gz	s3://igvf-public/2024/11/17/d84c3577-dec0-4928-9236-1d5aea58152b/IGVFFI1347QYEY.fastq.gz
IGVFFI1938NMDZ	raw	IGVFDS4429VWLZ	C39	12	reads	fastq	3107671878	0e087a3fd2e677881b2700760adb431e	https://api.data.igvf.org/sequence-files/IGVFFI1938NMDZ/@@download/IGVFFI1938NMDZ.fastq.gz	s3://igvf-public/2024/11/17/1793113c-06f0-48a0-8a64-07104bb62500/IGVFFI1938NMDZ.fastq.gz
IGVFFI2611OCPU	raw	IGVFDS4429VWLZ	C39	12	reads	fastq	3147152184	dfc965dc5a7665249e602a5b2428ac6d	https://api.data.igvf.org/sequence-files/IGVFFI2611OCPU/@@download/IGVFFI2611OCPU.fastq.gz	s3://igvf-public/2024/11/17/fe4b0e92-14a6-4a75-8dce-701fb1fbbde6/IGVFFI2611OCPU.fastq.gz
IGVFFI2846APAT	raw	IGVFDS4429VWLZ	C39	12	reads	fastq	3197663217	9a1f2df894ea19931c05ed32fb8b395a	https://api.data.igvf.org/sequence-files/IGVFFI2846APAT/@@download/IGVFFI2846APAT.fastq.gz	s3://igvf-public/2024/11/17/5818e7ee-d8a7-4528-a97d-3affe4a871de/IGVFFI2846APAT.fastq.gz
IGVFFI3405IDVD	raw	IGVFDS4429VWLZ	C39	12	reads	fastq	3098570292	6b262491ee945487fdd61726d3541d56	https://api.data.igvf.org/sequence-files/IGVFFI3405IDVD/@@download/IGVFFI3405IDVD.fastq.gz	s3://igvf-public/2024/11/17/67b81bed-383e-4bac-988f-7bb743f7be8e/IGVFFI3405IDVD.fastq.gz
IGVFFI3713SEQP	raw	IGVFDS4429VWLZ	C39	12	reads	fastq	3232808016	3e57c47b17b55e50b57218aed6b8ec9e	https://api.data.igvf.org/sequence-files/IGVFFI3713SEQP/@@download/IGVFFI3713SEQP.fastq.gz	s3://igvf-public/2024/11/17/3f1fd3fd-412a-4d94-9d99-d683acb29921/IGVFFI3713SEQP.fastq.gz
IGVFFI3939RCIP	raw	IGVFDS4429VWLZ	C39	12	reads	fastq	3251541203	3c15d857494d9ea6b54ff67dc9e0b51a	https://api.data.igvf.org/sequence-files/IGVFFI3939RCIP/@@download/IGVFFI3939RCIP.fastq.gz	s3://igvf-public/2024/11/17/9c8a2079-ee4d-4d98-943c-04ee984c9c82/IGVFFI3939RCIP.fastq.gz
IGVFFI4038UNIV	raw	IGVFDS4429VWLZ	C39	12	reads	fastq	3052903636	bc762c9840dfd372c932b5bd4c292e63	https://api.data.igvf.org/sequence-files/IGVFFI4038UNIV/@@download/IGVFFI4038UNIV.fastq.gz	s3://igvf-public/2024/11/17/1bafdacc-5d78-4cba-b35c-281a1b348ec4/IGVFFI4038UNIV.fastq.gz
IGVFFI4654TYHJ	raw	IGVFDS4429VWLZ	C39	12	reads	fastq	3004848076	10629b215cc01d761fee385ad8afe3e6	https://api.data.igvf.org/sequence-files/IGVFFI4654TYHJ/@@download/IGVFFI4654TYHJ.fastq.gz	s3://igvf-public/2024/11/17/fb607ba3-705d-4d17-a92c-1f7fc1b5536c/IGVFFI4654TYHJ.fastq.gz
IGVFFI4958OJTZ	raw	IGVFDS4429VWLZ	C39	12	reads	fastq	3181272403	d6dd5121eb023e64b8d50198afee166f	https://api.data.igvf.org/sequence-files/IGVFFI4958OJTZ/@@download/IGVFFI4958OJTZ.fastq.gz	s3://igvf-public/2024/11/17/a70ba8b0-ad4f-4453-88e4-c9701b1898b5/IGVFFI4958OJTZ.fastq.gz
IGVFFI5386BUQU	raw	IGVFDS4429VWLZ	C39	12	reads	fastq	3158241148	e5a307a739d9df371c3d8325a67c2514	https://api.data.igvf.org/sequence-files/IGVFFI5386BUQU/@@download/IGVFFI5386BUQU.fastq.gz	s3://igvf-public/2024/11/17/57269569-f32f-428e-87d0-ebae2555b65b/IGVFFI5386BUQU.fastq.gz
IGVFFI5753FVJW	raw	IGVFDS4429VWLZ	C39	12	reads	fastq	3262369322	09b80cad2c1b9f25f8ecb38cd7c74951	https://api.data.igvf.org/sequence-files/IGVFFI5753FVJW/@@download/IGVFFI5753FVJW.fastq.gz	s3://igvf-public/2024/11/17/849537ac-973e-4a56-925d-c328c488ab85/IGVFFI5753FVJW.fastq.gz
IGVFFI6325XSMR	raw	IGVFDS4429VWLZ	C39	12	reads	fastq	3047723233	9119c7c7d53b97a37b3cb284404f9cb8	https://api.data.igvf.org/sequence-files/IGVFFI6325XSMR/@@download/IGVFFI6325XSMR.fastq.gz	s3://igvf-public/2024/11/17/029a737f-324d-49f5-b500-ac50908182d0/IGVFFI6325XSMR.fastq.gz
IGVFFI6343YBGM	raw	IGVFDS4429VWLZ	C39	12	reads	fastq	3214419435	fedb23276275f523f4dbdc9cc5da9438	https://api.data.igvf.org/sequence-files/IGVFFI6343YBGM/@@download/IGVFFI6343YBGM.fastq.gz	s3://igvf-public/2024/11/17/49dbfda3-118e-417d-878d-d42ca00d2729/IGVFFI6343YBGM.fastq.gz
IGVFFI8286XUPV	raw	IGVFDS4429VWLZ	C39	12	reads	fastq	3122386612	b8397777bab017bb5a7611fac57188a2	https://api.data.igvf.org/sequence-files/IGVFFI8286XUPV/@@download/IGVFFI8286XUPV.fastq.gz	s3://igvf-public/2024/11/17/e67fe165-e2d4-4200-b500-cc4baaa36506/IGVFFI8286XUPV.fastq.gz
IGVFFI0959DFDX	raw	IGVFDS7606ECSX	C39	14	reads	fastq	2797779830	3fe7e5542a94618d8f1eeb2cbec22d0e	https://api.data.igvf.org/sequence-files/IGVFFI0959DFDX/@@download/IGVFFI0959DFDX.fastq.gz	s3://igvf-public/2024/11/17/313e7142-d3b8-480c-a9e9-d11d1b56a951/IGVFFI0959DFDX.fastq.gz
IGVFFI2422WTGH	raw	IGVFDS7606ECSX	C39	14	reads	fastq	2904793710	8dd5330c23825e6b2aeaf9c6f224b625	https://api.data.igvf.org/sequence-files/IGVFFI2422WTGH/@@download/IGVFFI2422WTGH.fastq.gz	s3://igvf-public/2024/11/17/c51fae6a-7f5e-433b-8d8d-cb74d6b821cd/IGVFFI2422WTGH.fastq.gz
IGVFFI3026GVWR	raw	IGVFDS7606ECSX	C39	14	reads	fastq	2925688426	8d6dc29aef0127979e74042feb888738	https://api.data.igvf.org/sequence-files/IGVFFI3026GVWR/@@download/IGVFFI3026GVWR.fastq.gz	s3://igvf-public/2024/11/17/5f2c983c-2202-4d04-b397-e288fe8b7489/IGVFFI3026GVWR.fastq.gz
IGVFFI3063EPJI	raw	IGVFDS7606ECSX	C39	14	reads	fastq	2852983024	c216f44f3f1d9254703e7957e1ba2661	https://api.data.igvf.org/sequence-files/IGVFFI3063EPJI/@@download/IGVFFI3063EPJI.fastq.gz	s3://igvf-public/2024/11/17/a288a49d-2da3-4260-aadc-d8259f37f99f/IGVFFI3063EPJI.fastq.gz
IGVFFI3516UBXF	raw	IGVFDS7606ECSX	C39	14	reads	fastq	2973408025	251431abefcfd6f405cf5b5bf113783f	https://api.data.igvf.org/sequence-files/IGVFFI3516UBXF/@@download/IGVFFI3516UBXF.fastq.gz	s3://igvf-public/2024/11/17/1ab7f0c7-3ee4-481c-8cf4-9b57311414ab/IGVFFI3516UBXF.fastq.gz
IGVFFI3575TGLX	raw	IGVFDS7606ECSX	C39	14	reads	fastq	2876351129	8f54e02c6f39d699b35fcf94d1f1315c	https://api.data.igvf.org/sequence-files/IGVFFI3575TGLX/@@download/IGVFFI3575TGLX.fastq.gz	s3://igvf-public/2024/11/17/7921cbc6-499b-4b1f-a835-6129a52341ae/IGVFFI3575TGLX.fastq.gz
IGVFFI4565EKNC	raw	IGVFDS7606ECSX	C39	14	reads	fastq	2932114462	468eac1a31f995eff8ffc22cf429df92	https://api.data.igvf.org/sequence-files/IGVFFI4565EKNC/@@download/IGVFFI4565EKNC.fastq.gz	s3://igvf-public/2024/11/17/90948ead-ff8d-4212-8015-5f022adb0ccd/IGVFFI4565EKNC.fastq.gz
IGVFFI4778HVIU	raw	IGVFDS7606ECSX	C39	14	reads	fastq	2893659810	844d0be1d6cd8a322d78ef686c40336b	https://api.data.igvf.org/sequence-files/IGVFFI4778HVIU/@@download/IGVFFI4778HVIU.fastq.gz	s3://igvf-public/2024/11/17/fd7a0f9a-b327-4209-a420-dbafa58f9138/IGVFFI4778HVIU.fastq.gz
IGVFFI5263IBLI	raw	IGVFDS7606ECSX	C39	14	reads	fastq	2930131526	d5a0ffb34c40443129108855411485e9	https://api.data.igvf.org/sequence-files/IGVFFI5263IBLI/@@download/IGVFFI5263IBLI.fastq.gz	s3://igvf-public/2024/11/17/8602f5ef-2715-46fd-9008-1beba05cdab5/IGVFFI5263IBLI.fastq.gz
IGVFFI6530GMVH	raw	IGVFDS7606ECSX	C39	14	reads	fastq	2898576913	716cf49153986b1184f139a4ca2726c2	https://api.data.igvf.org/sequence-files/IGVFFI6530GMVH/@@download/IGVFFI6530GMVH.fastq.gz	s3://igvf-public/2024/11/17/600f8e43-4e07-4249-91b1-22b196adbe4a/IGVFFI6530GMVH.fastq.gz
IGVFFI6688ALWT	raw	IGVFDS7606ECSX	C39	14	reads	fastq	2818220986	d748f1a5d2c11104a06a78e31ee1f4af	https://api.data.igvf.org/sequence-files/IGVFFI6688ALWT/@@download/IGVFFI6688ALWT.fastq.gz	s3://igvf-public/2024/11/17/a1aeadd4-eda6-405d-a5e1-8dbd0412ebff/IGVFFI6688ALWT.fastq.gz
IGVFFI7139KPMD	raw	IGVFDS7606ECSX	C39	14	reads	fastq	2896930047	a85a7cc57c28eab5c6d609bea368a8c5	https://api.data.igvf.org/sequence-files/IGVFFI7139KPMD/@@download/IGVFFI7139KPMD.fastq.gz	s3://igvf-public/2024/11/17/acb2ddc6-c686-4003-9e4c-f039f5937ac6/IGVFFI7139KPMD.fastq.gz
IGVFFI7885DHZL	raw	IGVFDS7606ECSX	C39	14	reads	fastq	2770549563	8b6e542cffe3f66ed0daef9d27d360a1	https://api.data.igvf.org/sequence-files/IGVFFI7885DHZL/@@download/IGVFFI7885DHZL.fastq.gz	s3://igvf-public/2024/11/17/99476606-6ef2-4a7e-8f5e-07ee66eee512/IGVFFI7885DHZL.fastq.gz
IGVFFI8039ZLER	raw	IGVFDS7606ECSX	C39	14	reads	fastq	2751242904	840603e54f3cfed7ce5159616ccf7c63	https://api.data.igvf.org/sequence-files/IGVFFI8039ZLER/@@download/IGVFFI8039ZLER.fastq.gz	s3://igvf-public/2024/11/17/26022808-e216-411a-bf5a-4da05e057c73/IGVFFI8039ZLER.fastq.gz
IGVFFI9192KIZR	raw	IGVFDS7606ECSX	C39	14	reads	fastq	2853267438	b79a6d051bacdc9c97b33da1b1df9d3d	https://api.data.igvf.org/sequence-files/IGVFFI9192KIZR/@@download/IGVFFI9192KIZR.fastq.gz	s3://igvf-public/2024/11/17/facb845e-98b9-43d1-acc2-b0ec4eda75e2/IGVFFI9192KIZR.fastq.gz
IGVFFI9367LIUX	raw	IGVFDS7606ECSX	C39	14	reads	fastq	2884151206	3aefd20152c4c1147fe8246f0d0c9603	https://api.data.igvf.org/sequence-files/IGVFFI9367LIUX/@@download/IGVFFI9367LIUX.fastq.gz	s3://igvf-public/2024/11/17/09bb74e1-85d9-4cc5-bcb6-5886d717559f/IGVFFI9367LIUX.fastq.gz
IGVFFI0186FKKJ	raw	IGVFDS0635LULZ	C39	16	reads	fastq	2642702198	bf2323690bd24c30433882a832202f08	https://api.data.igvf.org/sequence-files/IGVFFI0186FKKJ/@@download/IGVFFI0186FKKJ.fastq.gz	s3://igvf-public/2024/11/19/a9d9fc72-c3f8-43ef-a145-e5e40928de37/IGVFFI0186FKKJ.fastq.gz
IGVFFI0231IWEL	raw	IGVFDS0635LULZ	C39	16	reads	fastq	2740268563	c78b35c826e492aa91f5d01bcbd4a8f4	https://api.data.igvf.org/sequence-files/IGVFFI0231IWEL/@@download/IGVFFI0231IWEL.fastq.gz	s3://igvf-public/2024/11/19/d77425d5-43ee-4e73-950d-6b388e04a762/IGVFFI0231IWEL.fastq.gz
IGVFFI0240RIJV	raw	IGVFDS0635LULZ	C39	16	reads	fastq	2666417355	914442f267eae86480f7f3721ced9a52	https://api.data.igvf.org/sequence-files/IGVFFI0240RIJV/@@download/IGVFFI0240RIJV.fastq.gz	s3://igvf-public/2024/11/19/77258cc3-2fe7-482a-9617-6210d4e69099/IGVFFI0240RIJV.fastq.gz
IGVFFI0296UJYX	raw	IGVFDS0635LULZ	C39	16	reads	fastq	2698618158	8dd4ddc381c01aba730f2a818fcf726f	https://api.data.igvf.org/sequence-files/IGVFFI0296UJYX/@@download/IGVFFI0296UJYX.fastq.gz	s3://igvf-public/2024/11/19/38144852-d282-496f-8a32-98c6234e184a/IGVFFI0296UJYX.fastq.gz
IGVFFI0668MPYF	raw	IGVFDS0635LULZ	C39	16	reads	fastq	2637028742	84bed068b57def972f411450ce1c392f	https://api.data.igvf.org/sequence-files/IGVFFI0668MPYF/@@download/IGVFFI0668MPYF.fastq.gz	s3://igvf-public/2024/11/19/9c42bd8b-ec49-4a7c-ace4-45fcc294e59f/IGVFFI0668MPYF.fastq.gz
IGVFFI0748RFPP	raw	IGVFDS0635LULZ	C39	16	reads	fastq	2733291896	5962e788494ac6188fbaf530ca56a90d	https://api.data.igvf.org/sequence-files/IGVFFI0748RFPP/@@download/IGVFFI0748RFPP.fastq.gz	s3://igvf-public/2024/11/19/47981826-6806-4c24-b30d-22cd7fd21c93/IGVFFI0748RFPP.fastq.gz
IGVFFI1245NEGW	raw	IGVFDS0635LULZ	C39	16	reads	fastq	2656185444	84697afcdf9988f4222e4ec5f9a5944c	https://api.data.igvf.org/sequence-files/IGVFFI1245NEGW/@@download/IGVFFI1245NEGW.fastq.gz	s3://igvf-public/2024/11/19/2b186b7a-eb54-4aef-9b58-3e3612e73b7b/IGVFFI1245NEGW.fastq.gz
IGVFFI1330XNXA	raw	IGVFDS0635LULZ	C39	16	reads	fastq	2648742398	172ee0e04dd172f049d74a8332c90af6	https://api.data.igvf.org/sequence-files/IGVFFI1330XNXA/@@download/IGVFFI1330XNXA.fastq.gz	s3://igvf-public/2024/11/19/6092f652-95f2-438f-aac0-fba2680d3cfe/IGVFFI1330XNXA.fastq.gz
IGVFFI3545BXVL	raw	IGVFDS0635LULZ	C39	16	reads	fastq	2747262002	ee6c931451a493e4b5f0ae2e84010982	https://api.data.igvf.org/sequence-files/IGVFFI3545BXVL/@@download/IGVFFI3545BXVL.fastq.gz	s3://igvf-public/2024/11/19/a24c240f-75c9-4d5d-a5cd-621a64a1af45/IGVFFI3545BXVL.fastq.gz
IGVFFI4105LPRJ	raw	IGVFDS0635LULZ	C39	16	reads	fastq	2706121678	5509b51f2d31044684495c7d574b0d44	https://api.data.igvf.org/sequence-files/IGVFFI4105LPRJ/@@download/IGVFFI4105LPRJ.fastq.gz	s3://igvf-public/2024/11/19/b8174c79-b87a-4323-a93c-e8885f009ecd/IGVFFI4105LPRJ.fastq.gz
IGVFFI6663SCGI	raw	IGVFDS0635LULZ	C39	16	reads	fastq	2624453155	492df50609610f06fdf8fb0c2a9a5137	https://api.data.igvf.org/sequence-files/IGVFFI6663SCGI/@@download/IGVFFI6663SCGI.fastq.gz	s3://igvf-public/2024/11/19/1b7b0986-9481-41a5-a4aa-f59291af9e22/IGVFFI6663SCGI.fastq.gz
IGVFFI7084VABW	raw	IGVFDS0635LULZ	C39	16	reads	fastq	2696852924	353f1127f61a0a91eadd5db75c2aa91e	https://api.data.igvf.org/sequence-files/IGVFFI7084VABW/@@download/IGVFFI7084VABW.fastq.gz	s3://igvf-public/2024/11/19/72b7b393-aeee-40bc-b409-68a604381502/IGVFFI7084VABW.fastq.gz
IGVFFI7794HGHW	raw	IGVFDS0635LULZ	C39	16	reads	fastq	2713468730	3fafa5dd446c49bb35275dfef55311ac	https://api.data.igvf.org/sequence-files/IGVFFI7794HGHW/@@download/IGVFFI7794HGHW.fastq.gz	s3://igvf-public/2024/11/19/2323e070-ac1a-4db4-a6ce-30bcdf990596/IGVFFI7794HGHW.fastq.gz
IGVFFI9024PQDS	raw	IGVFDS0635LULZ	C39	16	reads	fastq	2762357799	d5ba0f3343208f9bcc4175ffb50b7ee7	https://api.data.igvf.org/sequence-files/IGVFFI9024PQDS/@@download/IGVFFI9024PQDS.fastq.gz	s3://igvf-public/2024/11/19/ef31dcc7-bcaa-41ff-a467-3ea936fd1742/IGVFFI9024PQDS.fastq.gz
IGVFFI9267DHSG	raw	IGVFDS0635LULZ	C39	16	reads	fastq	2784806457	f54bb83d02d864893a2487323eb423bb	https://api.data.igvf.org/sequence-files/IGVFFI9267DHSG/@@download/IGVFFI9267DHSG.fastq.gz	s3://igvf-public/2024/11/19/c3066695-c9db-46b0-bcc5-4b94db8c4fb4/IGVFFI9267DHSG.fastq.gz
IGVFFI9635WYIJ	raw	IGVFDS0635LULZ	C39	16	reads	fastq	2800654943	286927ad99b7e1b2aba1e23278e7eb1e	https://api.data.igvf.org/sequence-files/IGVFFI9635WYIJ/@@download/IGVFFI9635WYIJ.fastq.gz	s3://igvf-public/2024/11/19/ce18010e-724d-41a8-a22a-d4a7be155acb/IGVFFI9635WYIJ.fastq.gz
IGVFFI1429GOKP	raw	IGVFDS1180HGHV	C39	18	reads	fastq	3394435497	8e96a011d36291571c1b1ace3c08cc37	https://api.data.igvf.org/sequence-files/IGVFFI1429GOKP/@@download/IGVFFI1429GOKP.fastq.gz	s3://igvf-public/2024/11/16/405492d1-d70a-43ed-91f9-a5e610cb72a9/IGVFFI1429GOKP.fastq.gz
IGVFFI1504AMHS	raw	IGVFDS1180HGHV	C39	18	reads	fastq	3380557164	03e694f1f5ec8636e77e049cf7b0c643	https://api.data.igvf.org/sequence-files/IGVFFI1504AMHS/@@download/IGVFFI1504AMHS.fastq.gz	s3://igvf-public/2024/11/16/5ff284c4-8ade-4ae6-9d54-4ac485656521/IGVFFI1504AMHS.fastq.gz
IGVFFI1531ZGEZ	raw	IGVFDS1180HGHV	C39	18	reads	fastq	3360851303	0ea1cb15f4a77ddeef8665aa1a7643d4	https://api.data.igvf.org/sequence-files/IGVFFI1531ZGEZ/@@download/IGVFFI1531ZGEZ.fastq.gz	s3://igvf-public/2024/11/16/29f583de-42fc-4b9e-ae0f-6f6de0aeb07b/IGVFFI1531ZGEZ.fastq.gz
IGVFFI1948ABFI	raw	IGVFDS1180HGHV	C39	18	reads	fastq	3284143176	1780d17fed6624acf6386e990ab37f60	https://api.data.igvf.org/sequence-files/IGVFFI1948ABFI/@@download/IGVFFI1948ABFI.fastq.gz	s3://igvf-public/2024/11/16/2242a4a0-44a2-4f96-9391-533b8c9b118d/IGVFFI1948ABFI.fastq.gz
IGVFFI2269KBLE	raw	IGVFDS1180HGHV	C39	18	reads	fastq	3244367685	efa96520f7b99a1662d54ad45d58ced5	https://api.data.igvf.org/sequence-files/IGVFFI2269KBLE/@@download/IGVFFI2269KBLE.fastq.gz	s3://igvf-public/2024/11/15/25fd6b2c-0d98-4233-86b3-eee4ac656816/IGVFFI2269KBLE.fastq.gz
IGVFFI2680GVSJ	raw	IGVFDS1180HGHV	C39	18	reads	fastq	3242747134	f2628f81a08d3788ad0d4b8487e72d4d	https://api.data.igvf.org/sequence-files/IGVFFI2680GVSJ/@@download/IGVFFI2680GVSJ.fastq.gz	s3://igvf-public/2024/11/15/dda7d707-05a4-4319-8002-8dd958ecd768/IGVFFI2680GVSJ.fastq.gz
IGVFFI3088RDRS	raw	IGVFDS1180HGHV	C39	18	reads	fastq	3369568982	7275f31c0a0be0dae7922589c9dc90da	https://api.data.igvf.org/sequence-files/IGVFFI3088RDRS/@@download/IGVFFI3088RDRS.fastq.gz	s3://igvf-public/2024/11/16/514e0f52-b0f5-4b83-9a3d-71ec5c2e9612/IGVFFI3088RDRS.fastq.gz
IGVFFI3244BHJO	raw	IGVFDS1180HGHV	C39	18	reads	fastq	3317761258	0031748a389fd9b9748799f64aae8e6b	https://api.data.igvf.org/sequence-files/IGVFFI3244BHJO/@@download/IGVFFI3244BHJO.fastq.gz	s3://igvf-public/2024/11/15/d3658ce1-3de6-4d9e-a515-204a87d3be38/IGVFFI3244BHJO.fastq.gz
IGVFFI3947RBWS	raw	IGVFDS1180HGHV	C39	18	reads	fastq	3391566617	efef5b18308e9d24ce177ac3c2054bbb	https://api.data.igvf.org/sequence-files/IGVFFI3947RBWS/@@download/IGVFFI3947RBWS.fastq.gz	s3://igvf-public/2024/11/16/9480f3f8-0708-48a2-b1c8-4cd710c8b17c/IGVFFI3947RBWS.fastq.gz
IGVFFI4244MFMO	raw	IGVFDS1180HGHV	C39	18	reads	fastq	3304540447	d8eecb04c296a744eaa647fc526001ae	https://api.data.igvf.org/sequence-files/IGVFFI4244MFMO/@@download/IGVFFI4244MFMO.fastq.gz	s3://igvf-public/2024/11/15/7df74384-2dba-4aa7-8a17-ccada135663f/IGVFFI4244MFMO.fastq.gz
IGVFFI4668BJML	raw	IGVFDS1180HGHV	C39	18	reads	fastq	3318842553	8246a23926ef160338cbe5e7ea29acae	https://api.data.igvf.org/sequence-files/IGVFFI4668BJML/@@download/IGVFFI4668BJML.fastq.gz	s3://igvf-public/2024/11/15/b5872263-fa0e-413d-a5c4-fc727d3d6a27/IGVFFI4668BJML.fastq.gz
IGVFFI5093IZKN	raw	IGVFDS1180HGHV	C39	18	reads	fastq	3299276456	766b36d718b4b71036ee0eed7622d7a1	https://api.data.igvf.org/sequence-files/IGVFFI5093IZKN/@@download/IGVFFI5093IZKN.fastq.gz	s3://igvf-public/2024/11/16/7d349a28-d3eb-45ea-bf37-ae13cdb6c36e/IGVFFI5093IZKN.fastq.gz
IGVFFI5451PEMK	raw	IGVFDS1180HGHV	C39	18	reads	fastq	3332243684	aa8aa906cb766ef13fd042116df0e8fb	https://api.data.igvf.org/sequence-files/IGVFFI5451PEMK/@@download/IGVFFI5451PEMK.fastq.gz	s3://igvf-public/2024/11/15/a0c24fdd-fc0f-47d2-a523-587302892c4b/IGVFFI5451PEMK.fastq.gz
IGVFFI5906ISBB	raw	IGVFDS1180HGHV	C39	18	reads	fastq	3324064845	8293111788e4561c1768e1b0864e332c	https://api.data.igvf.org/sequence-files/IGVFFI5906ISBB/@@download/IGVFFI5906ISBB.fastq.gz	s3://igvf-public/2024/11/16/c105c2ac-3930-47b5-81a1-7d44124ebfe8/IGVFFI5906ISBB.fastq.gz
IGVFFI8621ZPNS	raw	IGVFDS1180HGHV	C39	18	reads	fastq	3377798571	65c5d814fb9046e36daa4a195b8a6458	https://api.data.igvf.org/sequence-files/IGVFFI8621ZPNS/@@download/IGVFFI8621ZPNS.fastq.gz	s3://igvf-public/2024/11/16/5a126790-87a7-4eed-a07d-bc39b0b49e06/IGVFFI8621ZPNS.fastq.gz
IGVFFI8859OEIL	raw	IGVFDS1180HGHV	C39	18	reads	fastq	3316390771	401e55eab62a4ee7e40831bc9728a218	https://api.data.igvf.org/sequence-files/IGVFFI8859OEIL/@@download/IGVFFI8859OEIL.fastq.gz	s3://igvf-public/2024/11/15/dc4590e9-945d-47d3-bb29-a6a9349ac6a4/IGVFFI8859OEIL.fastq.gz
IGVFFI3190RDKP	raw	IGVFDS4418VLDF	C39	1	reads	fastq	2818838485	d03f1a311018e249a34a26f0c029183f	https://api.data.igvf.org/sequence-files/IGVFFI3190RDKP/@@download/IGVFFI3190RDKP.fastq.gz	s3://igvf-public/2024/11/17/5ca53d11-a12b-402a-a7d2-d164a086dc1b/IGVFFI3190RDKP.fastq.gz
IGVFFI3515XSAX	raw	IGVFDS4418VLDF	C39	1	reads	fastq	2755391409	ea5b5948e2c5a252090c6de9a8873e52	https://api.data.igvf.org/sequence-files/IGVFFI3515XSAX/@@download/IGVFFI3515XSAX.fastq.gz	s3://igvf-public/2024/11/17/4d8f94c2-7790-49c5-830b-85a3a567d2a1/IGVFFI3515XSAX.fastq.gz
IGVFFI3837GWXG	raw	IGVFDS4418VLDF	C39	1	reads	fastq	2768184083	16c7b6914b2e2cce3166ab01f209d23a	https://api.data.igvf.org/sequence-files/IGVFFI3837GWXG/@@download/IGVFFI3837GWXG.fastq.gz	s3://igvf-public/2024/11/17/6d1bfd8f-07be-4a7f-b48d-8ded02a910c2/IGVFFI3837GWXG.fastq.gz
IGVFFI4249ZULU	raw	IGVFDS4418VLDF	C39	1	reads	fastq	2872061844	86da49f97d0f74e2334ef11336a3b2e2	https://api.data.igvf.org/sequence-files/IGVFFI4249ZULU/@@download/IGVFFI4249ZULU.fastq.gz	s3://igvf-public/2024/11/17/538aebef-8d7e-492f-97af-1c19ff939b6b/IGVFFI4249ZULU.fastq.gz
IGVFFI4309AZNI	raw	IGVFDS4418VLDF	C39	1	reads	fastq	2706948477	8319ccadbebc607e6aeb25e790fbc067	https://api.data.igvf.org/sequence-files/IGVFFI4309AZNI/@@download/IGVFFI4309AZNI.fastq.gz	s3://igvf-public/2024/11/17/b4bbc47e-d328-40ce-a77c-b407435bb974/IGVFFI4309AZNI.fastq.gz
IGVFFI4777MCFF	raw	IGVFDS4418VLDF	C39	1	reads	fastq	2847807426	ebd6cbbab690f63c1552e215962856fe	https://api.data.igvf.org/sequence-files/IGVFFI4777MCFF/@@download/IGVFFI4777MCFF.fastq.gz	s3://igvf-public/2024/11/17/a46f5c59-8a77-4bc7-aa63-aba77b1ec524/IGVFFI4777MCFF.fastq.gz
IGVFFI5444MOBM	raw	IGVFDS4418VLDF	C39	1	reads	fastq	2844487365	59b0e871ed403bab39829e374d862d15	https://api.data.igvf.org/sequence-files/IGVFFI5444MOBM/@@download/IGVFFI5444MOBM.fastq.gz	s3://igvf-public/2024/11/17/8e3f87dc-91c2-4e93-b131-daf385aad786/IGVFFI5444MOBM.fastq.gz
IGVFFI5733RAUU	raw	IGVFDS4418VLDF	C39	1	reads	fastq	2784321010	5f0b591aad63acf636e02cc896f5ff79	https://api.data.igvf.org/sequence-files/IGVFFI5733RAUU/@@download/IGVFFI5733RAUU.fastq.gz	s3://igvf-public/2024/11/17/dd989bb1-bf33-4ba6-943c-dfc120b9f87f/IGVFFI5733RAUU.fastq.gz
IGVFFI6781SJOX	raw	IGVFDS4418VLDF	C39	1	reads	fastq	2794478363	0d6d3457bebb62c105708f91624781d1	https://api.data.igvf.org/sequence-files/IGVFFI6781SJOX/@@download/IGVFFI6781SJOX.fastq.gz	s3://igvf-public/2024/11/17/9209a028-c72e-4828-ad53-2b465e1ab8b5/IGVFFI6781SJOX.fastq.gz
IGVFFI7069EDYF	raw	IGVFDS4418VLDF	C39	1	reads	fastq	2919217324	b020dae4a3457280e737bd9c653e4c8b	https://api.data.igvf.org/sequence-files/IGVFFI7069EDYF/@@download/IGVFFI7069EDYF.fastq.gz	s3://igvf-public/2024/11/17/ff696084-4c76-4866-9a1a-42d9a8049582/IGVFFI7069EDYF.fastq.gz
IGVFFI7618CYKM	raw	IGVFDS4418VLDF	C39	1	reads	fastq	2837530526	4ff0895eaa0500e1c6a5ed7e44467a2c	https://api.data.igvf.org/sequence-files/IGVFFI7618CYKM/@@download/IGVFFI7618CYKM.fastq.gz	s3://igvf-public/2024/11/17/c6fe39dc-b120-4283-850b-190a1fe5f47c/IGVFFI7618CYKM.fastq.gz
IGVFFI8588VISO	raw	IGVFDS4418VLDF	C39	1	reads	fastq	2703706665	948634f3389f1af25c335707f9a142ae	https://api.data.igvf.org/sequence-files/IGVFFI8588VISO/@@download/IGVFFI8588VISO.fastq.gz	s3://igvf-public/2024/11/17/ea02d014-6d14-4fd6-bd96-48c94b61b01b/IGVFFI8588VISO.fastq.gz
IGVFFI8745SCQK	raw	IGVFDS4418VLDF	C39	1	reads	fastq	2759471637	cd67c4445282c836ef9cd98b69a00610	https://api.data.igvf.org/sequence-files/IGVFFI8745SCQK/@@download/IGVFFI8745SCQK.fastq.gz	s3://igvf-public/2024/11/17/ea82eed0-48e4-4572-800e-20fd23426aba/IGVFFI8745SCQK.fastq.gz
IGVFFI8944QZLN	raw	IGVFDS4418VLDF	C39	1	reads	fastq	2655906444	e4fe669206ba223b263e2b73ab8a5f49	https://api.data.igvf.org/sequence-files/IGVFFI8944QZLN/@@download/IGVFFI8944QZLN.fastq.gz	s3://igvf-public/2024/11/17/c6ddf1aa-3649-4bdd-8db5-1e14d77d0319/IGVFFI8944QZLN.fastq.gz
IGVFFI9240WWXY	raw	IGVFDS4418VLDF	C39	1	reads	fastq	2838622751	38f512e9bf0109c3a45e925a6b597ef2	https://api.data.igvf.org/sequence-files/IGVFFI9240WWXY/@@download/IGVFFI9240WWXY.fastq.gz	s3://igvf-public/2024/11/17/bd1dfa59-1302-4ce0-b6b7-8e8feb805a33/IGVFFI9240WWXY.fastq.gz
IGVFFI9432CWOR	raw	IGVFDS4418VLDF	C39	1	reads	fastq	2889758240	2eb0c48b774a755608bffbad80def0a1	https://api.data.igvf.org/sequence-files/IGVFFI9432CWOR/@@download/IGVFFI9432CWOR.fastq.gz	s3://igvf-public/2024/11/17/850551ce-97a2-4783-b52c-ce8bf7112ef1/IGVFFI9432CWOR.fastq.gz
IGVFFI1223RIEE	raw	IGVFDS3823QNVI	C39	3	reads	fastq	2607319686	2096ad251d6c11f4ce27717c40f4d145	https://api.data.igvf.org/sequence-files/IGVFFI1223RIEE/@@download/IGVFFI1223RIEE.fastq.gz	s3://igvf-public/2024/11/19/8487c02d-9bc5-42bd-8d05-38e5b1ff1867/IGVFFI1223RIEE.fastq.gz
IGVFFI1316EQAV	raw	IGVFDS3823QNVI	C39	3	reads	fastq	2588617507	9e0f5df4d6357042b5ec59fa143fe272	https://api.data.igvf.org/sequence-files/IGVFFI1316EQAV/@@download/IGVFFI1316EQAV.fastq.gz	s3://igvf-public/2024/11/19/ce074eb9-b22d-4f0b-b0fd-9a484692040c/IGVFFI1316EQAV.fastq.gz
IGVFFI1659HAKW	raw	IGVFDS3823QNVI	C39	3	reads	fastq	2537740813	d41bee7dbed3c4e90c9537d976ee2241	https://api.data.igvf.org/sequence-files/IGVFFI1659HAKW/@@download/IGVFFI1659HAKW.fastq.gz	s3://igvf-public/2024/11/19/2d176801-664d-40d2-8d33-e174dc40abfc/IGVFFI1659HAKW.fastq.gz
IGVFFI1744BXCF	raw	IGVFDS3823QNVI	C39	3	reads	fastq	2539449175	c45c4f3f40f71b357fa7d791d96ec908	https://api.data.igvf.org/sequence-files/IGVFFI1744BXCF/@@download/IGVFFI1744BXCF.fastq.gz	s3://igvf-public/2024/11/19/420e500b-5dbc-4e3a-b36f-2cd4f872ae12/IGVFFI1744BXCF.fastq.gz
IGVFFI1849YIKZ	raw	IGVFDS3823QNVI	C39	3	reads	fastq	2612613287	c84e513e4db6d995a41414bafa66843d	https://api.data.igvf.org/sequence-files/IGVFFI1849YIKZ/@@download/IGVFFI1849YIKZ.fastq.gz	s3://igvf-public/2024/11/19/794e8c03-f18e-4db4-975e-5394462f3e38/IGVFFI1849YIKZ.fastq.gz
IGVFFI1922WYXT	raw	IGVFDS3823QNVI	C39	3	reads	fastq	2574547619	459f98a4025d13c02d845d22a79f5df6	https://api.data.igvf.org/sequence-files/IGVFFI1922WYXT/@@download/IGVFFI1922WYXT.fastq.gz	s3://igvf-public/2024/11/19/194ff0b1-17e7-4ae9-9cba-0bdce37b6f21/IGVFFI1922WYXT.fastq.gz
IGVFFI2089LWFS	raw	IGVFDS3823QNVI	C39	3	reads	fastq	2649514369	38437a578ee1deddca5774c43dbaa69e	https://api.data.igvf.org/sequence-files/IGVFFI2089LWFS/@@download/IGVFFI2089LWFS.fastq.gz	s3://igvf-public/2024/11/19/e6065cb4-153f-48aa-9ce8-d2bc1aa9449b/IGVFFI2089LWFS.fastq.gz
IGVFFI2674UUIH	raw	IGVFDS3823QNVI	C39	3	reads	fastq	2653295160	2d674e1b2fcfa93ede53fdb3bdd73b00	https://api.data.igvf.org/sequence-files/IGVFFI2674UUIH/@@download/IGVFFI2674UUIH.fastq.gz	s3://igvf-public/2024/11/19/38f6ecfc-b830-4742-a90f-0a518ba7d7b4/IGVFFI2674UUIH.fastq.gz
IGVFFI5080XEJQ	raw	IGVFDS3823QNVI	C39	3	reads	fastq	2655576854	097c6b343d6e8b920850a8d79aadf1b9	https://api.data.igvf.org/sequence-files/IGVFFI5080XEJQ/@@download/IGVFFI5080XEJQ.fastq.gz	s3://igvf-public/2024/11/19/74a27e46-aae9-4358-8510-56067316b1e4/IGVFFI5080XEJQ.fastq.gz
IGVFFI5158VCSX	raw	IGVFDS3823QNVI	C39	3	reads	fastq	2548828626	31d05bfcc5e2cf9ece05989286a707b0	https://api.data.igvf.org/sequence-files/IGVFFI5158VCSX/@@download/IGVFFI5158VCSX.fastq.gz	s3://igvf-public/2024/11/19/ce07d37b-d59d-4d54-8129-9021ba7542fe/IGVFFI5158VCSX.fastq.gz
IGVFFI5313OMNC	raw	IGVFDS3823QNVI	C39	3	reads	fastq	2565269840	d8bd42d81c11b167fcaf2466aa55682e	https://api.data.igvf.org/sequence-files/IGVFFI5313OMNC/@@download/IGVFFI5313OMNC.fastq.gz	s3://igvf-public/2024/11/19/038f0199-f913-4f10-8e9d-2ded364e2563/IGVFFI5313OMNC.fastq.gz
IGVFFI7037MZAM	raw	IGVFDS3823QNVI	C39	3	reads	fastq	2562678850	2190bb62c634ef41c94501d5ccdab84d	https://api.data.igvf.org/sequence-files/IGVFFI7037MZAM/@@download/IGVFFI7037MZAM.fastq.gz	s3://igvf-public/2024/11/19/419a3b49-edde-4757-9c9d-08108b253778/IGVFFI7037MZAM.fastq.gz
IGVFFI7324JCPH	raw	IGVFDS3823QNVI	C39	3	reads	fastq	2675401111	d00fe33455befa86afb868a80bbbbd96	https://api.data.igvf.org/sequence-files/IGVFFI7324JCPH/@@download/IGVFFI7324JCPH.fastq.gz	s3://igvf-public/2024/11/19/607b36c0-45bc-4158-bd9f-7179a68fc5f4/IGVFFI7324JCPH.fastq.gz
IGVFFI7650MZET	raw	IGVFDS3823QNVI	C39	3	reads	fastq	2640943213	be35789961aba17c26a9353a9000a2f7	https://api.data.igvf.org/sequence-files/IGVFFI7650MZET/@@download/IGVFFI7650MZET.fastq.gz	s3://igvf-public/2024/11/19/52eba771-437f-4a29-86c7-815e07b3ec56/IGVFFI7650MZET.fastq.gz
IGVFFI7870QEKR	raw	IGVFDS3823QNVI	C39	3	reads	fastq	2539815182	22c4e1981f9f978ce787eb5bffec3587	https://api.data.igvf.org/sequence-files/IGVFFI7870QEKR/@@download/IGVFFI7870QEKR.fastq.gz	s3://igvf-public/2024/11/19/71f1c564-8829-466b-916c-cb8afa8d9aeb/IGVFFI7870QEKR.fastq.gz
IGVFFI9259CTAN	raw	IGVFDS3823QNVI	C39	3	reads	fastq	2608150512	ced4c2eff9a586c6fa0b7f9702354791	https://api.data.igvf.org/sequence-files/IGVFFI9259CTAN/@@download/IGVFFI9259CTAN.fastq.gz	s3://igvf-public/2024/11/19/5a370642-7668-4bf4-90ca-88fea469545f/IGVFFI9259CTAN.fastq.gz
IGVFFI0300MREM	raw	IGVFDS2160BCQF	C39	5	reads	fastq	2016403248	3c3086c32e05998784053749471fe3ce	https://api.data.igvf.org/sequence-files/IGVFFI0300MREM/@@download/IGVFFI0300MREM.fastq.gz	s3://igvf-public/2024/11/16/3ddbbdf1-a880-4191-bf75-d6a36f6b9357/IGVFFI0300MREM.fastq.gz
IGVFFI0574KMLM	raw	IGVFDS2160BCQF	C39	5	reads	fastq	2065055550	171720f30b0fa24bcbc722a2ffddfdf6	https://api.data.igvf.org/sequence-files/IGVFFI0574KMLM/@@download/IGVFFI0574KMLM.fastq.gz	s3://igvf-public/2024/11/16/622507e2-a089-4ebb-baa3-ed49792cc97a/IGVFFI0574KMLM.fastq.gz
IGVFFI0963XPFG	raw	IGVFDS2160BCQF	C39	5	reads	fastq	2064828512	45f740ef495a9cec8af482d64a71be59	https://api.data.igvf.org/sequence-files/IGVFFI0963XPFG/@@download/IGVFFI0963XPFG.fastq.gz	s3://igvf-public/2024/11/16/cbdc3d95-8047-47b8-8582-7d6d5a12057e/IGVFFI0963XPFG.fastq.gz
IGVFFI0989MLMY	raw	IGVFDS2160BCQF	C39	5	reads	fastq	2059324341	ff114665017fda473873b26bdc6940d4	https://api.data.igvf.org/sequence-files/IGVFFI0989MLMY/@@download/IGVFFI0989MLMY.fastq.gz	s3://igvf-public/2024/11/16/768178be-40ab-4124-bd12-f92102e967bb/IGVFFI0989MLMY.fastq.gz
IGVFFI1078XBJO	raw	IGVFDS2160BCQF	C39	5	reads	fastq	2011823720	823119b2fb936bbde7e540a87e9957fd	https://api.data.igvf.org/sequence-files/IGVFFI1078XBJO/@@download/IGVFFI1078XBJO.fastq.gz	s3://igvf-public/2024/11/16/25291204-5692-4f3c-824f-03ff09217e85/IGVFFI1078XBJO.fastq.gz
IGVFFI1259CRGX	raw	IGVFDS2160BCQF	C39	5	reads	fastq	2056911351	07dc48c40143a2cce141221a3e4b5fd8	https://api.data.igvf.org/sequence-files/IGVFFI1259CRGX/@@download/IGVFFI1259CRGX.fastq.gz	s3://igvf-public/2024/11/16/d65689fc-c902-4fdd-987c-018a4364f4eb/IGVFFI1259CRGX.fastq.gz
IGVFFI2180YWVV	raw	IGVFDS2160BCQF	C39	5	reads	fastq	2011325299	99b56deae1ac63bbf8b3ed5d53902aea	https://api.data.igvf.org/sequence-files/IGVFFI2180YWVV/@@download/IGVFFI2180YWVV.fastq.gz	s3://igvf-public/2024/11/16/7865f4a5-a7ac-4261-b307-dcf73ca23973/IGVFFI2180YWVV.fastq.gz
IGVFFI2843AERA	raw	IGVFDS2160BCQF	C39	5	reads	fastq	1964819632	36e1038f0173a401cb5394cad45429b3	https://api.data.igvf.org/sequence-files/IGVFFI2843AERA/@@download/IGVFFI2843AERA.fastq.gz	s3://igvf-public/2024/11/16/aaebb4e6-9863-493d-b025-8e1479b25d28/IGVFFI2843AERA.fastq.gz
IGVFFI3154CXDA	raw	IGVFDS2160BCQF	C39	5	reads	fastq	1878710991	847f4794bd330335212c9d5867674bb0	https://api.data.igvf.org/sequence-files/IGVFFI3154CXDA/@@download/IGVFFI3154CXDA.fastq.gz	s3://igvf-public/2024/11/16/1ccfc071-4c44-4f04-b8aa-c3d0a7843e42/IGVFFI3154CXDA.fastq.gz
IGVFFI4742BPRN	raw	IGVFDS2160BCQF	C39	5	reads	fastq	1955504048	e1a4c85fbbf486c4af4c849fe1d32ea7	https://api.data.igvf.org/sequence-files/IGVFFI4742BPRN/@@download/IGVFFI4742BPRN.fastq.gz	s3://igvf-public/2024/11/16/f5b6b503-a4c5-4128-9a29-e023c05b7a18/IGVFFI4742BPRN.fastq.gz
IGVFFI4889AVXD	raw	IGVFDS2160BCQF	C39	5	reads	fastq	1921522095	700f012c7e030d78c55aa060d723f739	https://api.data.igvf.org/sequence-files/IGVFFI4889AVXD/@@download/IGVFFI4889AVXD.fastq.gz	s3://igvf-public/2024/11/16/daf14983-4b24-4dd6-b67b-1ef3664283f9/IGVFFI4889AVXD.fastq.gz
IGVFFI6181VSDD	raw	IGVFDS2160BCQF	C39	5	reads	fastq	1837692656	35ee1f006745bf22984cf6a2630f7fe8	https://api.data.igvf.org/sequence-files/IGVFFI6181VSDD/@@download/IGVFFI6181VSDD.fastq.gz	s3://igvf-public/2024/11/16/d59d0561-ad1f-4030-8ced-8c4a0d2e3110/IGVFFI6181VSDD.fastq.gz
IGVFFI6629IDZI	raw	IGVFDS2160BCQF	C39	5	reads	fastq	2012373298	29e4c79bc0888a43b8dad9065991f8b5	https://api.data.igvf.org/sequence-files/IGVFFI6629IDZI/@@download/IGVFFI6629IDZI.fastq.gz	s3://igvf-public/2024/11/16/84156417-bb1d-4e19-9d34-1bc3a1516000/IGVFFI6629IDZI.fastq.gz
IGVFFI8711VTKL	raw	IGVFDS2160BCQF	C39	5	reads	fastq	2010201727	cea849f19e31a901fc126421fd6e3a93	https://api.data.igvf.org/sequence-files/IGVFFI8711VTKL/@@download/IGVFFI8711VTKL.fastq.gz	s3://igvf-public/2024/11/16/7a012da4-2dd5-4900-9025-5754d8fd4f4e/IGVFFI8711VTKL.fastq.gz
IGVFFI9303ITMK	raw	IGVFDS2160BCQF	C39	5	reads	fastq	2005969116	50d515aefbfa212fc20936072673145c	https://api.data.igvf.org/sequence-files/IGVFFI9303ITMK/@@download/IGVFFI9303ITMK.fastq.gz	s3://igvf-public/2024/11/16/89801c5d-1ac0-4f2e-9396-6ff287c75c3c/IGVFFI9303ITMK.fastq.gz
IGVFFI9884YGWM	raw	IGVFDS2160BCQF	C39	5	reads	fastq	1889582723	5de40bdfc7d939bf319c204b591c731a	https://api.data.igvf.org/sequence-files/IGVFFI9884YGWM/@@download/IGVFFI9884YGWM.fastq.gz	s3://igvf-public/2024/11/16/c3acd14a-862f-4576-ac18-b161923946bb/IGVFFI9884YGWM.fastq.gz
IGVFFI0095SYIW	raw	IGVFDS4922GNDX	C39	7	reads	fastq	2828310968	8d98a5c0ac94d49ab8f6fadaba743ee4	https://api.data.igvf.org/sequence-files/IGVFFI0095SYIW/@@download/IGVFFI0095SYIW.fastq.gz	s3://igvf-public/2024/11/16/a55d7b25-c7a6-409a-8139-4f492e93f0d9/IGVFFI0095SYIW.fastq.gz
IGVFFI0397DFOL	raw	IGVFDS4922GNDX	C39	7	reads	fastq	2853600230	4097e6f07df5f3efe3e7a1fac22395c1	https://api.data.igvf.org/sequence-files/IGVFFI0397DFOL/@@download/IGVFFI0397DFOL.fastq.gz	s3://igvf-public/2024/11/16/6f37b7ba-d472-42ec-ad83-a02d9bc67877/IGVFFI0397DFOL.fastq.gz
IGVFFI1155QLOI	raw	IGVFDS4922GNDX	C39	7	reads	fastq	2878791289	f6103e20a19a6e55d8f6f8fb6cedfc22	https://api.data.igvf.org/sequence-files/IGVFFI1155QLOI/@@download/IGVFFI1155QLOI.fastq.gz	s3://igvf-public/2024/11/16/d99ab3d8-05d1-45cd-b6b4-6351d727666b/IGVFFI1155QLOI.fastq.gz
IGVFFI1921DJPW	raw	IGVFDS4922GNDX	C39	7	reads	fastq	2769499793	8618c9918d89d187a2f9b5fa02755663	https://api.data.igvf.org/sequence-files/IGVFFI1921DJPW/@@download/IGVFFI1921DJPW.fastq.gz	s3://igvf-public/2024/11/16/7e756587-a861-4999-a556-a1075d4e9470/IGVFFI1921DJPW.fastq.gz
IGVFFI2484OXWD	raw	IGVFDS4922GNDX	C39	7	reads	fastq	2840632575	495c092f93c4e65acce75cb5386c0f30	https://api.data.igvf.org/sequence-files/IGVFFI2484OXWD/@@download/IGVFFI2484OXWD.fastq.gz	s3://igvf-public/2024/11/16/400eccac-d0e9-48d4-bbb3-cdc6b109c49a/IGVFFI2484OXWD.fastq.gz
IGVFFI3086CMIE	raw	IGVFDS4922GNDX	C39	7	reads	fastq	2827044958	c3cb4b2a8999fb97a4dcb34135bef005	https://api.data.igvf.org/sequence-files/IGVFFI3086CMIE/@@download/IGVFFI3086CMIE.fastq.gz	s3://igvf-public/2024/11/16/37ccdfd1-97b0-4e2e-abf9-b88e27d2d925/IGVFFI3086CMIE.fastq.gz
IGVFFI3860DVWM	raw	IGVFDS4922GNDX	C39	7	reads	fastq	2752320471	9267ae05c65bb2ea8edab289050601f0	https://api.data.igvf.org/sequence-files/IGVFFI3860DVWM/@@download/IGVFFI3860DVWM.fastq.gz	s3://igvf-public/2024/11/16/6ea121e5-d3c6-4104-9915-e5901109b542/IGVFFI3860DVWM.fastq.gz
IGVFFI4246ADVB	raw	IGVFDS4922GNDX	C39	7	reads	fastq	2770018859	8c12e05a46f364d4800899efe17d6392	https://api.data.igvf.org/sequence-files/IGVFFI4246ADVB/@@download/IGVFFI4246ADVB.fastq.gz	s3://igvf-public/2024/11/16/a5765e2b-ee36-4fec-9921-f77727e8e092/IGVFFI4246ADVB.fastq.gz
IGVFFI4508WNFY	raw	IGVFDS4922GNDX	C39	7	reads	fastq	2798983143	07a5babd79810fe76f1a53027d0568bf	https://api.data.igvf.org/sequence-files/IGVFFI4508WNFY/@@download/IGVFFI4508WNFY.fastq.gz	s3://igvf-public/2024/11/16/65c3292c-cca4-400b-8278-a47b60326cd5/IGVFFI4508WNFY.fastq.gz
IGVFFI5689PGMS	raw	IGVFDS4922GNDX	C39	7	reads	fastq	2873081837	4ebb9bf0f9e0bc33655e0dbd7dc778f0	https://api.data.igvf.org/sequence-files/IGVFFI5689PGMS/@@download/IGVFFI5689PGMS.fastq.gz	s3://igvf-public/2024/11/16/88025c77-2368-43ed-ac41-ee1e04b13cac/IGVFFI5689PGMS.fastq.gz
IGVFFI5905ATMD	raw	IGVFDS4922GNDX	C39	7	reads	fastq	2837699164	b3f0a3502058f9785fa6223b90ec0440	https://api.data.igvf.org/sequence-files/IGVFFI5905ATMD/@@download/IGVFFI5905ATMD.fastq.gz	s3://igvf-public/2024/11/16/8c3b9389-5f84-4cdc-be97-b1b36182c900/IGVFFI5905ATMD.fastq.gz
IGVFFI8036VTEP	raw	IGVFDS4922GNDX	C39	7	reads	fastq	2849117480	b4a6f969289a4818f2ab7d698eabbfe5	https://api.data.igvf.org/sequence-files/IGVFFI8036VTEP/@@download/IGVFFI8036VTEP.fastq.gz	s3://igvf-public/2024/11/16/31c02abd-2dda-485d-8d6f-56a5596b234e/IGVFFI8036VTEP.fastq.gz
IGVFFI8110JZDW	raw	IGVFDS4922GNDX	C39	7	reads	fastq	2856401946	d2685cd76ae8568d5ab51d8b6a548d3d	https://api.data.igvf.org/sequence-files/IGVFFI8110JZDW/@@download/IGVFFI8110JZDW.fastq.gz	s3://igvf-public/2024/11/16/3236af17-4130-4c7a-9770-06ea647a1a82/IGVFFI8110JZDW.fastq.gz
IGVFFI8318JGBE	raw	IGVFDS4922GNDX	C39	7	reads	fastq	2905226017	3c693d88286281a3fbb5c3ecd8475e15	https://api.data.igvf.org/sequence-files/IGVFFI8318JGBE/@@download/IGVFFI8318JGBE.fastq.gz	s3://igvf-public/2024/11/16/413f349d-ded7-427f-9ceb-a242d02e9340/IGVFFI8318JGBE.fastq.gz
IGVFFI8608IGNF	raw	IGVFDS4922GNDX	C39	7	reads	fastq	2809723772	8892aac7e207c26faab459eec72a8d0f	https://api.data.igvf.org/sequence-files/IGVFFI8608IGNF/@@download/IGVFFI8608IGNF.fastq.gz	s3://igvf-public/2024/11/16/4c3627e8-0938-4347-8be7-62237e117beb/IGVFFI8608IGNF.fastq.gz
IGVFFI8851ZCOU	raw	IGVFDS4922GNDX	C39	7	reads	fastq	2826688128	445d3fdfb6bdec9cb7d59552f05ce362	https://api.data.igvf.org/sequence-files/IGVFFI8851ZCOU/@@download/IGVFFI8851ZCOU.fastq.gz	s3://igvf-public/2024/11/16/736786d0-3156-4739-868a-2ad21ff1b04c/IGVFFI8851ZCOU.fastq.gz
IGVFFI0405YMON	raw	IGVFDS9196PDRB	C39	9	reads	fastq	3518182079	ebc71f4a88005728b9d0fba5ab5c6940	https://api.data.igvf.org/sequence-files/IGVFFI0405YMON/@@download/IGVFFI0405YMON.fastq.gz	s3://igvf-public/2024/11/18/99123464-9a70-4e77-927b-82b67b7ddd03/IGVFFI0405YMON.fastq.gz
IGVFFI0575PBZP	raw	IGVFDS9196PDRB	C39	9	reads	fastq	3451734344	f8540d0943364baf65362a3d42733194	https://api.data.igvf.org/sequence-files/IGVFFI0575PBZP/@@download/IGVFFI0575PBZP.fastq.gz	s3://igvf-public/2024/11/18/a725127a-619a-4cdb-9e89-6c374f56d5ea/IGVFFI0575PBZP.fastq.gz
IGVFFI1036VXVV	raw	IGVFDS9196PDRB	C39	9	reads	fastq	3372459599	72d51e719a4a7af37d44eb29a893a0fa	https://api.data.igvf.org/sequence-files/IGVFFI1036VXVV/@@download/IGVFFI1036VXVV.fastq.gz	s3://igvf-public/2024/11/18/355c2aed-2df6-47db-aea8-21287026b165/IGVFFI1036VXVV.fastq.gz
IGVFFI2054TJPO	raw	IGVFDS9196PDRB	C39	9	reads	fastq	3313476310	34ba707aad21585918b1e65e26147d30	https://api.data.igvf.org/sequence-files/IGVFFI2054TJPO/@@download/IGVFFI2054TJPO.fastq.gz	s3://igvf-public/2024/11/18/445dc713-31e4-478b-a50f-7a86159fccf1/IGVFFI2054TJPO.fastq.gz
IGVFFI2281JWJS	raw	IGVFDS9196PDRB	C39	9	reads	fastq	3429017978	ffec426c3b0107e24b8f740e5d773a48	https://api.data.igvf.org/sequence-files/IGVFFI2281JWJS/@@download/IGVFFI2281JWJS.fastq.gz	s3://igvf-public/2024/11/18/cf378d52-e54c-40f0-bf27-9e821a3087c6/IGVFFI2281JWJS.fastq.gz
IGVFFI2424JMXS	raw	IGVFDS9196PDRB	C39	9	reads	fastq	3266626408	76bdd144a4f7fe335726575eaaf8b46a	https://api.data.igvf.org/sequence-files/IGVFFI2424JMXS/@@download/IGVFFI2424JMXS.fastq.gz	s3://igvf-public/2024/11/17/b7d403d2-0c5f-471b-8122-4a5312f6ecdc/IGVFFI2424JMXS.fastq.gz
IGVFFI2481VZHT	raw	IGVFDS9196PDRB	C39	9	reads	fastq	3530010366	7af497206a1bad9c3e7bdfbca04e7363	https://api.data.igvf.org/sequence-files/IGVFFI2481VZHT/@@download/IGVFFI2481VZHT.fastq.gz	s3://igvf-public/2024/11/18/ac047afe-2a33-4383-964a-c4e1ed75732a/IGVFFI2481VZHT.fastq.gz
IGVFFI4042QBZQ	raw	IGVFDS9196PDRB	C39	9	reads	fastq	3409021529	0efe465a9e273135ab40640df305fdc2	https://api.data.igvf.org/sequence-files/IGVFFI4042QBZQ/@@download/IGVFFI4042QBZQ.fastq.gz	s3://igvf-public/2024/11/17/7da038de-7b49-447f-b02e-aa6521bde63d/IGVFFI4042QBZQ.fastq.gz
IGVFFI4058NAXU	raw	IGVFDS9196PDRB	C39	9	reads	fastq	3487485562	616ae0935ec3f5821eeeff67c6095921	https://api.data.igvf.org/sequence-files/IGVFFI4058NAXU/@@download/IGVFFI4058NAXU.fastq.gz	s3://igvf-public/2024/11/18/9da17c56-ab29-499a-9e2c-03b7eca328cf/IGVFFI4058NAXU.fastq.gz
IGVFFI5897TTFO	raw	IGVFDS9196PDRB	C39	9	reads	fastq	3576811102	c50079fcaf240ba18ede39cbd19c97df	https://api.data.igvf.org/sequence-files/IGVFFI5897TTFO/@@download/IGVFFI5897TTFO.fastq.gz	s3://igvf-public/2024/11/18/8f8d8837-3c5a-4d8d-9d58-817cd8d32c6a/IGVFFI5897TTFO.fastq.gz
IGVFFI7196VYNX	raw	IGVFDS9196PDRB	C39	9	reads	fastq	3496259248	4497bb49f07af2981461dff12f17c1ff	https://api.data.igvf.org/sequence-files/IGVFFI7196VYNX/@@download/IGVFFI7196VYNX.fastq.gz	s3://igvf-public/2024/11/17/74f7ec9c-d4fc-4224-8e2e-74110ce327e9/IGVFFI7196VYNX.fastq.gz
IGVFFI7429JLVG	raw	IGVFDS9196PDRB	C39	9	reads	fastq	3534081428	084fa2df4ce9da95c8dab202fd45069c	https://api.data.igvf.org/sequence-files/IGVFFI7429JLVG/@@download/IGVFFI7429JLVG.fastq.gz	s3://igvf-public/2024/11/18/6c656957-3c04-4e23-ab2e-f1661baaf2c2/IGVFFI7429JLVG.fastq.gz
IGVFFI7682ELAV	raw	IGVFDS9196PDRB	C39	9	reads	fastq	3475739633	feb5fa53ee87d5971333541c6411a10e	https://api.data.igvf.org/sequence-files/IGVFFI7682ELAV/@@download/IGVFFI7682ELAV.fastq.gz	s3://igvf-public/2024/11/18/9ccbe42a-1281-4e93-8f6a-50173d689ced/IGVFFI7682ELAV.fastq.gz
IGVFFI9216KLOV	raw	IGVFDS9196PDRB	C39	9	reads	fastq	3446988649	ecf1e22c74dc46523a7e82e19237ef88	https://api.data.igvf.org/sequence-files/IGVFFI9216KLOV/@@download/IGVFFI9216KLOV.fastq.gz	s3://igvf-public/2024/11/17/9104bee2-89a6-48bd-8f15-c33cde9430e0/IGVFFI9216KLOV.fastq.gz
IGVFFI9478IFDS	raw	IGVFDS9196PDRB	C39	9	reads	fastq	3542664039	4cf7bc1d123a596c105ceceb03fedbe4	https://api.data.igvf.org/sequence-files/IGVFFI9478IFDS/@@download/IGVFFI9478IFDS.fastq.gz	s3://igvf-public/2024/11/18/d09f0cf8-83ef-4e3f-93e4-c330a181f9d4/IGVFFI9478IFDS.fastq.gz
IGVFFI9488BLRX	raw	IGVFDS9196PDRB	C39	9	reads	fastq	3323022524	79cd192397be68df0b7bd35dff8353a6	https://api.data.igvf.org/sequence-files/IGVFFI9488BLRX/@@download/IGVFFI9488BLRX.fastq.gz	s3://igvf-public/2024/11/17/ea2221e1-1737-4c2c-bf92-3b6476718158/IGVFFI9488BLRX.fastq.gz
